ISO-10303-21;
HEADER;
/* Generated by software containing ST-Developer
 * from STEP Tools, Inc. (www.steptools.com) 
 */
/* OPTION: using custom schema-name function */

FILE_DESCRIPTION(
/* description */ (''),
/* implementation_level */ '2;1');

FILE_NAME(
/* name */ 'HFD23[1].stp',
/* time_stamp */ '2018-03-15T13:38:18+08:00',
/* author */ (''),
/* organization */ (''),
/* preprocessor_version */ 'ST-DEVELOPER v15',
/* originating_system */ 'SIEMENS PLM Software NX 8.5',
/* authorisation */ '');

FILE_SCHEMA (('CONFIG_CONTROL_DESIGN'));
ENDSEC;

DATA;
#10=SHAPE_REPRESENTATION_RELATIONSHIP('None',
'relationship between HFD23-1Z_stp-None and HFD23-1Z_stp-None',#306,#11);
#11=ADVANCED_BREP_SHAPE_REPRESENTATION('HFD23-1Z_stp-None',(#307),#2751);
#12=CONTEXT_DEPENDENT_SHAPE_REPRESENTATION(#16,#277);
#13=CONTEXT_DEPENDENT_SHAPE_REPRESENTATION(#17,#279);
#14=NEXT_ASSEMBLY_USAGE_OCCURRENCE('1001',' ','HFD23-005-1HP_STP',#281,
#280,$);
#15=NEXT_ASSEMBLY_USAGE_OCCURRENCE('1002',' ','HFD23-005-1HP_STP',#282,
#281,$);
#16=(
REPRESENTATION_RELATIONSHIP(' ',' ',#304,#305)
REPRESENTATION_RELATIONSHIP_WITH_TRANSFORMATION(#18)
SHAPE_REPRESENTATION_RELATIONSHIP()
);
#17=(
REPRESENTATION_RELATIONSHIP(' ',' ',#305,#306)
REPRESENTATION_RELATIONSHIP_WITH_TRANSFORMATION(#19)
SHAPE_REPRESENTATION_RELATIONSHIP()
);
#18=ITEM_DEFINED_TRANSFORMATION(' ',' ',#1753,#1876);
#19=ITEM_DEFINED_TRANSFORMATION(' ',' ',#1753,#1877);
#20=CC_DESIGN_APPROVAL(#64,(#280));
#21=CC_DESIGN_APPROVAL(#65,(#286));
#22=CC_DESIGN_APPROVAL(#66,(#91));
#23=CC_DESIGN_APPROVAL(#67,(#281));
#24=CC_DESIGN_APPROVAL(#68,(#287));
#25=CC_DESIGN_APPROVAL(#69,(#92));
#26=CC_DESIGN_APPROVAL(#70,(#93));
#27=CC_DESIGN_APPROVAL(#71,(#282));
#28=CC_DESIGN_APPROVAL(#72,(#288));
#29=CC_DESIGN_APPROVAL(#73,(#94));
#30=CC_DESIGN_APPROVAL(#74,(#95));
#31=APPROVAL_PERSON_ORGANIZATION(#225,#64,#42);
#32=APPROVAL_PERSON_ORGANIZATION(#226,#65,#43);
#33=APPROVAL_PERSON_ORGANIZATION(#227,#66,#44);
#34=APPROVAL_PERSON_ORGANIZATION(#232,#67,#45);
#35=APPROVAL_PERSON_ORGANIZATION(#233,#68,#46);
#36=APPROVAL_PERSON_ORGANIZATION(#234,#69,#47);
#37=APPROVAL_PERSON_ORGANIZATION(#236,#70,#48);
#38=APPROVAL_PERSON_ORGANIZATION(#241,#71,#49);
#39=APPROVAL_PERSON_ORGANIZATION(#242,#72,#50);
#40=APPROVAL_PERSON_ORGANIZATION(#243,#73,#51);
#41=APPROVAL_PERSON_ORGANIZATION(#245,#74,#52);
#42=APPROVAL_ROLE('approver');
#43=APPROVAL_ROLE('approver');
#44=APPROVAL_ROLE('approver');
#45=APPROVAL_ROLE('approver');
#46=APPROVAL_ROLE('approver');
#47=APPROVAL_ROLE('approver');
#48=APPROVAL_ROLE('approver');
#49=APPROVAL_ROLE('approver');
#50=APPROVAL_ROLE('approver');
#51=APPROVAL_ROLE('approver');
#52=APPROVAL_ROLE('approver');
#53=APPROVAL_DATE_TIME(#119,#64);
#54=APPROVAL_DATE_TIME(#120,#65);
#55=APPROVAL_DATE_TIME(#121,#66);
#56=APPROVAL_DATE_TIME(#124,#67);
#57=APPROVAL_DATE_TIME(#125,#68);
#58=APPROVAL_DATE_TIME(#126,#69);
#59=APPROVAL_DATE_TIME(#128,#70);
#60=APPROVAL_DATE_TIME(#131,#71);
#61=APPROVAL_DATE_TIME(#132,#72);
#62=APPROVAL_DATE_TIME(#133,#73);
#63=APPROVAL_DATE_TIME(#135,#74);
#64=APPROVAL(#75,' ');
#65=APPROVAL(#76,' ');
#66=APPROVAL(#77,' ');
#67=APPROVAL(#78,' ');
#68=APPROVAL(#79,' ');
#69=APPROVAL(#80,' ');
#70=APPROVAL(#81,' ');
#71=APPROVAL(#82,' ');
#72=APPROVAL(#83,' ');
#73=APPROVAL(#84,' ');
#74=APPROVAL(#85,' ');
#75=APPROVAL_STATUS('not_yet_approved');
#76=APPROVAL_STATUS('not_yet_approved');
#77=APPROVAL_STATUS('not_yet_approved');
#78=APPROVAL_STATUS('not_yet_approved');
#79=APPROVAL_STATUS('not_yet_approved');
#80=APPROVAL_STATUS('not_yet_approved');
#81=APPROVAL_STATUS('not_yet_approved');
#82=APPROVAL_STATUS('not_yet_approved');
#83=APPROVAL_STATUS('not_yet_approved');
#84=APPROVAL_STATUS('not_yet_approved');
#85=APPROVAL_STATUS('not_yet_approved');
#86=CC_DESIGN_SECURITY_CLASSIFICATION(#91,(#286));
#87=CC_DESIGN_SECURITY_CLASSIFICATION(#92,(#287));
#88=CC_DESIGN_SECURITY_CLASSIFICATION(#93,(#14));
#89=CC_DESIGN_SECURITY_CLASSIFICATION(#94,(#288));
#90=CC_DESIGN_SECURITY_CLASSIFICATION(#95,(#15));
#91=SECURITY_CLASSIFICATION(' ',' ',#96);
#92=SECURITY_CLASSIFICATION(' ',' ',#97);
#93=SECURITY_CLASSIFICATION(' ',' ',#98);
#94=SECURITY_CLASSIFICATION(' ',' ',#99);
#95=SECURITY_CLASSIFICATION(' ',' ',#100);
#96=SECURITY_CLASSIFICATION_LEVEL('confidential');
#97=SECURITY_CLASSIFICATION_LEVEL('confidential');
#98=SECURITY_CLASSIFICATION_LEVEL('confidential');
#99=SECURITY_CLASSIFICATION_LEVEL('confidential');
#100=SECURITY_CLASSIFICATION_LEVEL('confidential');
#101=CC_DESIGN_DATE_AND_TIME_ASSIGNMENT(#117,#109,(#280));
#102=CC_DESIGN_DATE_AND_TIME_ASSIGNMENT(#118,#110,(#91));
#103=CC_DESIGN_DATE_AND_TIME_ASSIGNMENT(#122,#111,(#281));
#104=CC_DESIGN_DATE_AND_TIME_ASSIGNMENT(#123,#112,(#92));
#105=CC_DESIGN_DATE_AND_TIME_ASSIGNMENT(#127,#113,(#93));
#106=CC_DESIGN_DATE_AND_TIME_ASSIGNMENT(#129,#114,(#282));
#107=CC_DESIGN_DATE_AND_TIME_ASSIGNMENT(#130,#115,(#94));
#108=CC_DESIGN_DATE_AND_TIME_ASSIGNMENT(#134,#116,(#95));
#109=DATE_TIME_ROLE('creation_date');
#110=DATE_TIME_ROLE('classification_date');
#111=DATE_TIME_ROLE('creation_date');
#112=DATE_TIME_ROLE('classification_date');
#113=DATE_TIME_ROLE('classification_date');
#114=DATE_TIME_ROLE('creation_date');
#115=DATE_TIME_ROLE('classification_date');
#116=DATE_TIME_ROLE('classification_date');
#117=DATE_AND_TIME(#174,#136);
#118=DATE_AND_TIME(#175,#137);
#119=DATE_AND_TIME(#176,#138);
#120=DATE_AND_TIME(#177,#139);
#121=DATE_AND_TIME(#178,#140);
#122=DATE_AND_TIME(#179,#141);
#123=DATE_AND_TIME(#180,#142);
#124=DATE_AND_TIME(#181,#143);
#125=DATE_AND_TIME(#182,#144);
#126=DATE_AND_TIME(#183,#145);
#127=DATE_AND_TIME(#184,#146);
#128=DATE_AND_TIME(#185,#147);
#129=DATE_AND_TIME(#186,#148);
#130=DATE_AND_TIME(#187,#149);
#131=DATE_AND_TIME(#188,#150);
#132=DATE_AND_TIME(#189,#151);
#133=DATE_AND_TIME(#190,#152);
#134=DATE_AND_TIME(#191,#153);
#135=DATE_AND_TIME(#192,#154);
#136=LOCAL_TIME(0,0,0.,#155);
#137=LOCAL_TIME(0,0,0.,#156);
#138=LOCAL_TIME(0,0,0.,#157);
#139=LOCAL_TIME(0,0,0.,#158);
#140=LOCAL_TIME(0,0,0.,#159);
#141=LOCAL_TIME(0,0,0.,#160);
#142=LOCAL_TIME(0,0,0.,#161);
#143=LOCAL_TIME(0,0,0.,#162);
#144=LOCAL_TIME(0,0,0.,#163);
#145=LOCAL_TIME(0,0,0.,#164);
#146=LOCAL_TIME(0,0,0.,#165);
#147=LOCAL_TIME(0,0,0.,#166);
#148=LOCAL_TIME(0,0,0.,#167);
#149=LOCAL_TIME(0,0,0.,#168);
#150=LOCAL_TIME(0,0,0.,#169);
#151=LOCAL_TIME(0,0,0.,#170);
#152=LOCAL_TIME(0,0,0.,#171);
#153=LOCAL_TIME(0,0,0.,#172);
#154=LOCAL_TIME(0,0,0.,#173);
#155=COORDINATED_UNIVERSAL_TIME_OFFSET(0,0,.BEHIND.);
#156=COORDINATED_UNIVERSAL_TIME_OFFSET(0,0,.BEHIND.);
#157=COORDINATED_UNIVERSAL_TIME_OFFSET(0,0,.BEHIND.);
#158=COORDINATED_UNIVERSAL_TIME_OFFSET(0,0,.BEHIND.);
#159=COORDINATED_UNIVERSAL_TIME_OFFSET(0,0,.BEHIND.);
#160=COORDINATED_UNIVERSAL_TIME_OFFSET(0,0,.BEHIND.);
#161=COORDINATED_UNIVERSAL_TIME_OFFSET(0,0,.BEHIND.);
#162=COORDINATED_UNIVERSAL_TIME_OFFSET(0,0,.BEHIND.);
#163=COORDINATED_UNIVERSAL_TIME_OFFSET(0,0,.BEHIND.);
#164=COORDINATED_UNIVERSAL_TIME_OFFSET(0,0,.BEHIND.);
#165=COORDINATED_UNIVERSAL_TIME_OFFSET(0,0,.BEHIND.);
#166=COORDINATED_UNIVERSAL_TIME_OFFSET(0,0,.BEHIND.);
#167=COORDINATED_UNIVERSAL_TIME_OFFSET(0,0,.BEHIND.);
#168=COORDINATED_UNIVERSAL_TIME_OFFSET(0,0,.BEHIND.);
#169=COORDINATED_UNIVERSAL_TIME_OFFSET(0,0,.BEHIND.);
#170=COORDINATED_UNIVERSAL_TIME_OFFSET(0,0,.BEHIND.);
#171=COORDINATED_UNIVERSAL_TIME_OFFSET(0,0,.BEHIND.);
#172=COORDINATED_UNIVERSAL_TIME_OFFSET(0,0,.BEHIND.);
#173=COORDINATED_UNIVERSAL_TIME_OFFSET(0,0,.BEHIND.);
#174=CALENDAR_DATE(0,1,1);
#175=CALENDAR_DATE(0,1,1);
#176=CALENDAR_DATE(0,1,1);
#177=CALENDAR_DATE(0,1,1);
#178=CALENDAR_DATE(0,1,1);
#179=CALENDAR_DATE(0,1,1);
#180=CALENDAR_DATE(0,1,1);
#181=CALENDAR_DATE(0,1,1);
#182=CALENDAR_DATE(0,1,1);
#183=CALENDAR_DATE(0,1,1);
#184=CALENDAR_DATE(0,1,1);
#185=CALENDAR_DATE(0,1,1);
#186=CALENDAR_DATE(0,1,1);
#187=CALENDAR_DATE(0,1,1);
#188=CALENDAR_DATE(0,1,1);
#189=CALENDAR_DATE(0,1,1);
#190=CALENDAR_DATE(0,1,1);
#191=CALENDAR_DATE(0,1,1);
#192=CALENDAR_DATE(0,1,1);
#193=CC_DESIGN_PERSON_AND_ORGANIZATION_ASSIGNMENT(#221,#207,(#280,#286));
#194=CC_DESIGN_PERSON_AND_ORGANIZATION_ASSIGNMENT(#222,#208,(#292));
#195=CC_DESIGN_PERSON_AND_ORGANIZATION_ASSIGNMENT(#223,#209,(#286));
#196=CC_DESIGN_PERSON_AND_ORGANIZATION_ASSIGNMENT(#224,#210,(#91));
#197=CC_DESIGN_PERSON_AND_ORGANIZATION_ASSIGNMENT(#228,#211,(#281,#287));
#198=CC_DESIGN_PERSON_AND_ORGANIZATION_ASSIGNMENT(#229,#212,(#293));
#199=CC_DESIGN_PERSON_AND_ORGANIZATION_ASSIGNMENT(#230,#213,(#287));
#200=CC_DESIGN_PERSON_AND_ORGANIZATION_ASSIGNMENT(#231,#214,(#92));
#201=CC_DESIGN_PERSON_AND_ORGANIZATION_ASSIGNMENT(#235,#215,(#93));
#202=CC_DESIGN_PERSON_AND_ORGANIZATION_ASSIGNMENT(#237,#216,(#282,#288));
#203=CC_DESIGN_PERSON_AND_ORGANIZATION_ASSIGNMENT(#238,#217,(#294));
#204=CC_DESIGN_PERSON_AND_ORGANIZATION_ASSIGNMENT(#239,#218,(#288));
#205=CC_DESIGN_PERSON_AND_ORGANIZATION_ASSIGNMENT(#240,#219,(#94));
#206=CC_DESIGN_PERSON_AND_ORGANIZATION_ASSIGNMENT(#244,#220,(#95));
#207=PERSON_AND_ORGANIZATION_ROLE('creator');
#208=PERSON_AND_ORGANIZATION_ROLE('design_owner');
#209=PERSON_AND_ORGANIZATION_ROLE('design_supplier');
#210=PERSON_AND_ORGANIZATION_ROLE('classification_officer');
#211=PERSON_AND_ORGANIZATION_ROLE('creator');
#212=PERSON_AND_ORGANIZATION_ROLE('design_owner');
#213=PERSON_AND_ORGANIZATION_ROLE('design_supplier');
#214=PERSON_AND_ORGANIZATION_ROLE('classification_officer');
#215=PERSON_AND_ORGANIZATION_ROLE('classification_officer');
#216=PERSON_AND_ORGANIZATION_ROLE('creator');
#217=PERSON_AND_ORGANIZATION_ROLE('design_owner');
#218=PERSON_AND_ORGANIZATION_ROLE('design_supplier');
#219=PERSON_AND_ORGANIZATION_ROLE('classification_officer');
#220=PERSON_AND_ORGANIZATION_ROLE('classification_officer');
#221=PERSON_AND_ORGANIZATION(#271,#246);
#222=PERSON_AND_ORGANIZATION(#271,#247);
#223=PERSON_AND_ORGANIZATION(#271,#248);
#224=PERSON_AND_ORGANIZATION(#271,#249);
#225=PERSON_AND_ORGANIZATION(#271,#250);
#226=PERSON_AND_ORGANIZATION(#271,#251);
#227=PERSON_AND_ORGANIZATION(#271,#252);
#228=PERSON_AND_ORGANIZATION(#271,#253);
#229=PERSON_AND_ORGANIZATION(#271,#254);
#230=PERSON_AND_ORGANIZATION(#271,#255);
#231=PERSON_AND_ORGANIZATION(#271,#256);
#232=PERSON_AND_ORGANIZATION(#271,#257);
#233=PERSON_AND_ORGANIZATION(#271,#258);
#234=PERSON_AND_ORGANIZATION(#271,#259);
#235=PERSON_AND_ORGANIZATION(#271,#260);
#236=PERSON_AND_ORGANIZATION(#271,#261);
#237=PERSON_AND_ORGANIZATION(#271,#262);
#238=PERSON_AND_ORGANIZATION(#271,#263);
#239=PERSON_AND_ORGANIZATION(#271,#264);
#240=PERSON_AND_ORGANIZATION(#271,#265);
#241=PERSON_AND_ORGANIZATION(#271,#266);
#242=PERSON_AND_ORGANIZATION(#271,#267);
#243=PERSON_AND_ORGANIZATION(#271,#268);
#244=PERSON_AND_ORGANIZATION(#271,#269);
#245=PERSON_AND_ORGANIZATION(#271,#270);
#246=ORGANIZATION(' ',' ',' ');
#247=ORGANIZATION(' ',' ',' ');
#248=ORGANIZATION(' ',' ',' ');
#249=ORGANIZATION(' ',' ',' ');
#250=ORGANIZATION(' ',' ',' ');
#251=ORGANIZATION(' ',' ',' ');
#252=ORGANIZATION(' ',' ',' ');
#253=ORGANIZATION(' ',' ',' ');
#254=ORGANIZATION(' ',' ',' ');
#255=ORGANIZATION(' ',' ',' ');
#256=ORGANIZATION(' ',' ',' ');
#257=ORGANIZATION(' ',' ',' ');
#258=ORGANIZATION(' ',' ',' ');
#259=ORGANIZATION(' ',' ',' ');
#260=ORGANIZATION(' ',' ',' ');
#261=ORGANIZATION(' ',' ',' ');
#262=ORGANIZATION(' ',' ',' ');
#263=ORGANIZATION(' ',' ',' ');
#264=ORGANIZATION(' ',' ',' ');
#265=ORGANIZATION(' ',' ',' ');
#266=ORGANIZATION(' ',' ',' ');
#267=ORGANIZATION(' ',' ',' ');
#268=ORGANIZATION(' ',' ',' ');
#269=ORGANIZATION(' ',' ',' ');
#270=ORGANIZATION(' ',' ',' ');
#271=PERSON(' ',' ',' ',(' '),$,$);
#272=SHAPE_DEFINITION_REPRESENTATION(#275,#304);
#273=SHAPE_DEFINITION_REPRESENTATION(#276,#305);
#274=SHAPE_DEFINITION_REPRESENTATION(#278,#306);
#275=PRODUCT_DEFINITION_SHAPE('','',#280);
#276=PRODUCT_DEFINITION_SHAPE('','',#281);
#277=PRODUCT_DEFINITION_SHAPE(' ','NAUO PRDDFN',#14);
#278=PRODUCT_DEFINITION_SHAPE('','',#282);
#279=PRODUCT_DEFINITION_SHAPE(' ','NAUO PRDDFN',#15);
#280=PRODUCT_DEFINITION(' ','',#286,#283);
#281=PRODUCT_DEFINITION(' ','',#287,#284);
#282=PRODUCT_DEFINITION(' ','',#288,#285);
#283=DESIGN_CONTEXT('',#303,'design');
#284=DESIGN_CONTEXT('',#303,'design');
#285=DESIGN_CONTEXT('',#303,'design');
#286=PRODUCT_DEFINITION_FORMATION_WITH_SPECIFIED_SOURCE(' ',' ',#292,
 .NOT_KNOWN.);
#287=PRODUCT_DEFINITION_FORMATION_WITH_SPECIFIED_SOURCE(' ',' ',#293,
 .NOT_KNOWN.);
#288=PRODUCT_DEFINITION_FORMATION_WITH_SPECIFIED_SOURCE(' ',' ',#294,
 .NOT_KNOWN.);
#289=PRODUCT_RELATED_PRODUCT_CATEGORY('detail','',(#292));
#290=PRODUCT_RELATED_PRODUCT_CATEGORY('detail','',(#293));
#291=PRODUCT_RELATED_PRODUCT_CATEGORY('detail','',(#294));
#292=PRODUCT('HFD23-005-1HP_stp_21965ID19848',
'HFD23-005-1HP_stp_21965ID19848',' ',(#299));
#293=PRODUCT('HFD23-005-1HP_stp_MODEL','HFD23-005-1HP_stp_MODEL',' ',(#300));
#294=PRODUCT('HFD23-1Z_stp','HFD23-1Z_stp',' ',(#301));
#295=PRODUCT_CATEGORY('part',' ');
#296=PRODUCT_CATEGORY(' ','');
#297=PRODUCT_CATEGORY(' ','');
#298=PRODUCT_CATEGORY(' ','');
#299=MECHANICAL_CONTEXT(' ',#303,'mechanical');
#300=MECHANICAL_CONTEXT(' ',#303,'mechanical');
#301=MECHANICAL_CONTEXT(' ',#303,'mechanical');
#302=APPLICATION_PROTOCOL_DEFINITION('international standard',
'config_control_design',2010,#303);
#303=APPLICATION_CONTEXT(
'configuration controlled 3D designs of mechanical parts and assemblie
s');
#304=SHAPE_REPRESENTATION('HFD23-005-1HP_stp_21965ID19848-None',(#1753),
#2753);
#305=SHAPE_REPRESENTATION('HFD23-005-1HP_stp_MODEL-None',(#1753,#1876),
#2752);
#306=SHAPE_REPRESENTATION('HFD23-1Z_stp-None',(#1753,#1877),#2751);
#307=MANIFOLD_SOLID_BREP('',#308);
#308=CLOSED_SHELL('',(#418,#419,#420,#421,#422,#423,#424,#425,#426,#427,
#428,#429,#430,#431,#432,#433,#434,#435,#436,#437,#438,#439,#440,#441,#442,
#443,#444,#445,#446,#447,#448,#449,#450,#451,#452,#453,#454,#455,#456,#457,
#458,#459,#460,#461,#462,#463,#464,#465,#466,#467,#468,#469,#470,#471,#472,
#473,#474,#475,#476,#477,#478,#479,#480,#481,#482,#483,#484,#485,#486,#487,
#488,#489,#490,#491,#492,#493,#494,#495,#496,#497,#498,#499));
#309=TOROIDAL_SURFACE('',#1850,0.7,0.1);
#310=TOROIDAL_SURFACE('',#1854,0.100000000000002,0.0999999999999997);
#311=TOROIDAL_SURFACE('',#1859,0.15,0.05);
#312=(
BOUNDED_SURFACE()
B_SPLINE_SURFACE(3,3,((#2644,#2645,#2646,#2647),(#2648,#2649,#2650,#2651),
(#2652,#2653,#2654,#2655),(#2656,#2657,#2658,#2659)),.UNSPECIFIED.,.F.,
 .F.,.F.)
B_SPLINE_SURFACE_WITH_KNOTS((4,4),(4,4),(0.,1.),(0.,1.),.UNSPECIFIED.)
GEOMETRIC_REPRESENTATION_ITEM()
RATIONAL_B_SPLINE_SURFACE(((1.,0.804737854124361,0.804737854124361,1.),
(0.804737854124362,0.647603013860682,0.647603013860682,0.804737854124362),
(0.804737854124362,0.647603013860682,0.647603013860682,0.804737854124362),
(1.,0.804737854124361,0.804737854124361,1.)))
REPRESENTATION_ITEM('')
SURFACE()
);
#313=B_SPLINE_CURVE_WITH_KNOTS('',3,(#2626,#2627,#2628,#2629,#2630,#2631,
#2632,#2633,#2634,#2635,#2636,#2637,#2638,#2639,#2640,#2641),
 .UNSPECIFIED.,.F.,.F.,(4,3,3,3,3,4),(0.,0.0170828294226004,0.157874309504268,
0.523223530388388,0.78178247944876,1.),.UNSPECIFIED.);
#314=B_SPLINE_CURVE_WITH_KNOTS('',3,(#2668,#2669,#2670,#2671,#2672,#2673,
#2674,#2675,#2676,#2677,#2678,#2679,#2680,#2681,#2682,#2683),
 .UNSPECIFIED.,.F.,.F.,(4,3,3,3,3,4),(0.,0.218217520551235,0.476776469611616,
0.842125690495749,0.982917170577392,1.),.UNSPECIFIED.);
#315=SPHERICAL_SURFACE('',#1798,0.2);
#316=SPHERICAL_SURFACE('',#1804,0.2);
#317=SPHERICAL_SURFACE('',#1808,0.2);
#318=SPHERICAL_SURFACE('',#1861,0.75);
#319=CYLINDRICAL_SURFACE('',#1769,0.2);
#320=CYLINDRICAL_SURFACE('',#1778,1.);
#321=CYLINDRICAL_SURFACE('',#1781,1.);
#322=CYLINDRICAL_SURFACE('',#1784,1.);
#323=CYLINDRICAL_SURFACE('',#1787,1.);
#324=CYLINDRICAL_SURFACE('',#1791,0.2);
#325=CYLINDRICAL_SURFACE('',#1794,0.2);
#326=CYLINDRICAL_SURFACE('',#1796,0.2);
#327=CYLINDRICAL_SURFACE('',#1800,0.2);
#328=CYLINDRICAL_SURFACE('',#1802,0.2);
#329=CYLINDRICAL_SURFACE('',#1806,0.2);
#330=CYLINDRICAL_SURFACE('',#1809,0.2);
#331=CYLINDRICAL_SURFACE('',#1839,0.6);
#332=CYLINDRICAL_SURFACE('',#1845,0.1);
#333=CYLINDRICAL_SURFACE('',#1848,0.1);
#334=CYLINDRICAL_SURFACE('',#1852,0.1);
#335=CYLINDRICAL_SURFACE('',#1855,0.1);
#336=CYLINDRICAL_SURFACE('',#1857,0.05);
#337=CYLINDRICAL_SURFACE('',#1860,0.05);
#338=FACE_OUTER_BOUND('',#614,.T.);
#339=FACE_OUTER_BOUND('',#615,.T.);
#340=FACE_OUTER_BOUND('',#616,.T.);
#341=FACE_OUTER_BOUND('',#617,.T.);
#342=FACE_OUTER_BOUND('',#618,.T.);
#343=FACE_OUTER_BOUND('',#619,.T.);
#344=FACE_OUTER_BOUND('',#620,.T.);
#345=FACE_OUTER_BOUND('',#621,.T.);
#346=FACE_OUTER_BOUND('',#622,.T.);
#347=FACE_OUTER_BOUND('',#623,.T.);
#348=FACE_OUTER_BOUND('',#624,.T.);
#349=FACE_OUTER_BOUND('',#625,.T.);
#350=FACE_OUTER_BOUND('',#626,.T.);
#351=FACE_OUTER_BOUND('',#627,.T.);
#352=FACE_OUTER_BOUND('',#628,.T.);
#353=FACE_OUTER_BOUND('',#629,.T.);
#354=FACE_OUTER_BOUND('',#630,.T.);
#355=FACE_OUTER_BOUND('',#631,.T.);
#356=FACE_OUTER_BOUND('',#632,.T.);
#357=FACE_OUTER_BOUND('',#633,.T.);
#358=FACE_OUTER_BOUND('',#634,.T.);
#359=FACE_OUTER_BOUND('',#635,.T.);
#360=FACE_OUTER_BOUND('',#636,.T.);
#361=FACE_OUTER_BOUND('',#637,.T.);
#362=FACE_OUTER_BOUND('',#638,.T.);
#363=FACE_OUTER_BOUND('',#639,.T.);
#364=FACE_OUTER_BOUND('',#640,.T.);
#365=FACE_OUTER_BOUND('',#641,.T.);
#366=FACE_OUTER_BOUND('',#642,.T.);
#367=FACE_OUTER_BOUND('',#643,.T.);
#368=FACE_OUTER_BOUND('',#644,.T.);
#369=FACE_OUTER_BOUND('',#645,.T.);
#370=FACE_OUTER_BOUND('',#646,.T.);
#371=FACE_OUTER_BOUND('',#647,.T.);
#372=FACE_OUTER_BOUND('',#648,.T.);
#373=FACE_OUTER_BOUND('',#649,.T.);
#374=FACE_OUTER_BOUND('',#650,.T.);
#375=FACE_OUTER_BOUND('',#651,.T.);
#376=FACE_OUTER_BOUND('',#652,.T.);
#377=FACE_OUTER_BOUND('',#653,.T.);
#378=FACE_OUTER_BOUND('',#654,.T.);
#379=FACE_OUTER_BOUND('',#655,.T.);
#380=FACE_OUTER_BOUND('',#656,.T.);
#381=FACE_OUTER_BOUND('',#657,.T.);
#382=FACE_OUTER_BOUND('',#658,.T.);
#383=FACE_OUTER_BOUND('',#659,.T.);
#384=FACE_OUTER_BOUND('',#660,.T.);
#385=FACE_OUTER_BOUND('',#661,.T.);
#386=FACE_OUTER_BOUND('',#662,.T.);
#387=FACE_OUTER_BOUND('',#663,.T.);
#388=FACE_OUTER_BOUND('',#664,.T.);
#389=FACE_OUTER_BOUND('',#665,.T.);
#390=FACE_OUTER_BOUND('',#666,.T.);
#391=FACE_OUTER_BOUND('',#667,.T.);
#392=FACE_OUTER_BOUND('',#668,.T.);
#393=FACE_OUTER_BOUND('',#669,.T.);
#394=FACE_OUTER_BOUND('',#670,.T.);
#395=FACE_OUTER_BOUND('',#671,.T.);
#396=FACE_OUTER_BOUND('',#672,.T.);
#397=FACE_OUTER_BOUND('',#673,.T.);
#398=FACE_OUTER_BOUND('',#674,.T.);
#399=FACE_OUTER_BOUND('',#675,.T.);
#400=FACE_OUTER_BOUND('',#676,.T.);
#401=FACE_OUTER_BOUND('',#677,.T.);
#402=FACE_OUTER_BOUND('',#678,.T.);
#403=FACE_OUTER_BOUND('',#679,.T.);
#404=FACE_OUTER_BOUND('',#680,.T.);
#405=FACE_OUTER_BOUND('',#681,.T.);
#406=FACE_OUTER_BOUND('',#682,.T.);
#407=FACE_OUTER_BOUND('',#683,.T.);
#408=FACE_OUTER_BOUND('',#684,.T.);
#409=FACE_OUTER_BOUND('',#685,.T.);
#410=FACE_OUTER_BOUND('',#686,.T.);
#411=FACE_OUTER_BOUND('',#687,.T.);
#412=FACE_OUTER_BOUND('',#688,.T.);
#413=FACE_OUTER_BOUND('',#689,.T.);
#414=FACE_OUTER_BOUND('',#690,.T.);
#415=FACE_OUTER_BOUND('',#691,.T.);
#416=FACE_OUTER_BOUND('',#692,.T.);
#417=FACE_OUTER_BOUND('',#693,.T.);
#418=ADVANCED_FACE('',(#596,#597,#598,#599,#600,#601,#602),#500,.F.);
#419=ADVANCED_FACE('',(#603,#604),#501,.T.);
#420=ADVANCED_FACE('',(#338),#502,.T.);
#421=ADVANCED_FACE('',(#339),#319,.T.);
#422=ADVANCED_FACE('',(#340),#503,.T.);
#423=ADVANCED_FACE('',(#341),#504,.T.);
#424=ADVANCED_FACE('',(#342),#505,.T.);
#425=ADVANCED_FACE('',(#343),#506,.T.);
#426=ADVANCED_FACE('',(#344),#320,.T.);
#427=ADVANCED_FACE('',(#345),#507,.F.);
#428=ADVANCED_FACE('',(#346),#321,.T.);
#429=ADVANCED_FACE('',(#347),#508,.F.);
#430=ADVANCED_FACE('',(#348),#322,.T.);
#431=ADVANCED_FACE('',(#349),#509,.T.);
#432=ADVANCED_FACE('',(#350),#323,.T.);
#433=ADVANCED_FACE('',(#351),#510,.T.);
#434=ADVANCED_FACE('',(#352),#324,.T.);
#435=ADVANCED_FACE('',(#353),#325,.T.);
#436=ADVANCED_FACE('',(#354),#326,.T.);
#437=ADVANCED_FACE('',(#355),#315,.T.);
#438=ADVANCED_FACE('',(#356),#327,.T.);
#439=ADVANCED_FACE('',(#357),#328,.T.);
#440=ADVANCED_FACE('',(#358),#316,.T.);
#441=ADVANCED_FACE('',(#359),#329,.T.);
#442=ADVANCED_FACE('',(#360),#317,.T.);
#443=ADVANCED_FACE('',(#361),#330,.T.);
#444=ADVANCED_FACE('',(#362),#511,.F.);
#445=ADVANCED_FACE('',(#363),#512,.F.);
#446=ADVANCED_FACE('',(#364),#513,.F.);
#447=ADVANCED_FACE('',(#365),#514,.F.);
#448=ADVANCED_FACE('',(#366),#515,.T.);
#449=ADVANCED_FACE('',(#367),#516,.T.);
#450=ADVANCED_FACE('',(#368),#517,.T.);
#451=ADVANCED_FACE('',(#369),#518,.T.);
#452=ADVANCED_FACE('',(#370),#519,.T.);
#453=ADVANCED_FACE('',(#371),#520,.F.);
#454=ADVANCED_FACE('',(#372),#521,.T.);
#455=ADVANCED_FACE('',(#373),#522,.T.);
#456=ADVANCED_FACE('',(#374),#523,.T.);
#457=ADVANCED_FACE('',(#375),#524,.T.);
#458=ADVANCED_FACE('',(#376),#525,.T.);
#459=ADVANCED_FACE('',(#377),#526,.T.);
#460=ADVANCED_FACE('',(#378),#527,.T.);
#461=ADVANCED_FACE('',(#379),#528,.T.);
#462=ADVANCED_FACE('',(#380),#529,.F.);
#463=ADVANCED_FACE('',(#381),#530,.T.);
#464=ADVANCED_FACE('',(#382),#531,.T.);
#465=ADVANCED_FACE('',(#383),#532,.T.);
#466=ADVANCED_FACE('',(#384),#533,.T.);
#467=ADVANCED_FACE('',(#385),#534,.F.);
#468=ADVANCED_FACE('',(#386),#535,.T.);
#469=ADVANCED_FACE('',(#387),#536,.T.);
#470=ADVANCED_FACE('',(#388),#537,.T.);
#471=ADVANCED_FACE('',(#389),#538,.T.);
#472=ADVANCED_FACE('',(#390),#331,.F.);
#473=ADVANCED_FACE('',(#391),#539,.F.);
#474=ADVANCED_FACE('',(#392),#540,.F.);
#475=ADVANCED_FACE('',(#393),#332,.T.);
#476=ADVANCED_FACE('',(#394),#312,.T.);
#477=ADVANCED_FACE('',(#395),#333,.T.);
#478=ADVANCED_FACE('',(#396),#309,.T.);
#479=ADVANCED_FACE('',(#397),#334,.T.);
#480=ADVANCED_FACE('',(#398),#310,.T.);
#481=ADVANCED_FACE('',(#399),#335,.T.);
#482=ADVANCED_FACE('',(#400),#336,.T.);
#483=ADVANCED_FACE('',(#401),#311,.T.);
#484=ADVANCED_FACE('',(#402),#337,.T.);
#485=ADVANCED_FACE('',(#403),#318,.T.);
#486=ADVANCED_FACE('',(#404),#541,.T.);
#487=ADVANCED_FACE('',(#405),#542,.T.);
#488=ADVANCED_FACE('',(#406),#543,.T.);
#489=ADVANCED_FACE('',(#407),#544,.T.);
#490=ADVANCED_FACE('',(#408),#545,.T.);
#491=ADVANCED_FACE('',(#409),#546,.F.);
#492=ADVANCED_FACE('',(#410),#547,.F.);
#493=ADVANCED_FACE('',(#411),#548,.F.);
#494=ADVANCED_FACE('',(#412),#549,.F.);
#495=ADVANCED_FACE('',(#413),#550,.F.);
#496=ADVANCED_FACE('',(#414),#551,.F.);
#497=ADVANCED_FACE('',(#415),#552,.T.);
#498=ADVANCED_FACE('',(#416),#553,.T.);
#499=ADVANCED_FACE('',(#417),#554,.T.);
#500=PLANE('',#1758);
#501=PLANE('',#1764);
#502=PLANE('',#1767);
#503=PLANE('',#1771);
#504=PLANE('',#1772);
#505=PLANE('',#1775);
#506=PLANE('',#1776);
#507=PLANE('',#1779);
#508=PLANE('',#1782);
#509=PLANE('',#1785);
#510=PLANE('',#1788);
#511=PLANE('',#1810);
#512=PLANE('',#1811);
#513=PLANE('',#1812);
#514=PLANE('',#1813);
#515=PLANE('',#1814);
#516=PLANE('',#1815);
#517=PLANE('',#1816);
#518=PLANE('',#1817);
#519=PLANE('',#1818);
#520=PLANE('',#1819);
#521=PLANE('',#1820);
#522=PLANE('',#1821);
#523=PLANE('',#1822);
#524=PLANE('',#1823);
#525=PLANE('',#1824);
#526=PLANE('',#1825);
#527=PLANE('',#1826);
#528=PLANE('',#1827);
#529=PLANE('',#1828);
#530=PLANE('',#1829);
#531=PLANE('',#1830);
#532=PLANE('',#1831);
#533=PLANE('',#1832);
#534=PLANE('',#1833);
#535=PLANE('',#1834);
#536=PLANE('',#1835);
#537=PLANE('',#1836);
#538=PLANE('',#1837);
#539=PLANE('',#1841);
#540=PLANE('',#1843);
#541=PLANE('',#1862);
#542=PLANE('',#1863);
#543=PLANE('',#1864);
#544=PLANE('',#1865);
#545=PLANE('',#1866);
#546=PLANE('',#1867);
#547=PLANE('',#1868);
#548=PLANE('',#1869);
#549=PLANE('',#1870);
#550=PLANE('',#1871);
#551=PLANE('',#1872);
#552=PLANE('',#1873);
#553=PLANE('',#1874);
#554=PLANE('',#1875);
#555=CIRCLE('',#1754,0.2);
#556=CIRCLE('',#1755,0.2);
#557=CIRCLE('',#1756,0.2);
#558=CIRCLE('',#1757,0.2);
#559=CIRCLE('',#1759,0.1);
#560=CIRCLE('',#1760,0.15);
#561=CIRCLE('',#1761,0.1);
#562=CIRCLE('',#1762,0.6);
#563=CIRCLE('',#1763,0.6);
#564=CIRCLE('',#1765,1.);
#565=CIRCLE('',#1766,1.);
#566=CIRCLE('',#1768,0.2);
#567=CIRCLE('',#1770,0.7);
#568=CIRCLE('',#1773,1.);
#569=CIRCLE('',#1774,1.);
#570=CIRCLE('',#1777,1.);
#571=CIRCLE('',#1780,1.);
#572=CIRCLE('',#1783,1.);
#573=CIRCLE('',#1786,1.);
#574=CIRCLE('',#1789,0.2);
#575=CIRCLE('',#1790,0.2);
#576=CIRCLE('',#1792,0.2);
#577=CIRCLE('',#1793,0.2);
#578=CIRCLE('',#1795,0.2);
#579=CIRCLE('',#1797,0.2);
#580=CIRCLE('',#1799,0.2);
#581=CIRCLE('',#1801,0.2);
#582=CIRCLE('',#1803,0.2);
#583=CIRCLE('',#1805,0.2);
#584=CIRCLE('',#1807,0.2);
#585=CIRCLE('',#1838,0.6);
#586=CIRCLE('',#1840,0.1);
#587=CIRCLE('',#1842,0.1);
#588=CIRCLE('',#1844,0.1);
#589=CIRCLE('',#1846,0.1);
#590=CIRCLE('',#1847,0.1);
#591=CIRCLE('',#1849,0.1);
#592=CIRCLE('',#1851,0.1);
#593=CIRCLE('',#1853,0.1);
#594=CIRCLE('',#1856,0.05);
#595=CIRCLE('',#1858,0.05);
#596=FACE_BOUND('',#605,.T.);
#597=FACE_BOUND('',#606,.T.);
#598=FACE_BOUND('',#607,.T.);
#599=FACE_BOUND('',#608,.T.);
#600=FACE_BOUND('',#609,.T.);
#601=FACE_BOUND('',#610,.T.);
#602=FACE_BOUND('',#611,.T.);
#603=FACE_BOUND('',#612,.T.);
#604=FACE_BOUND('',#613,.T.);
#605=EDGE_LOOP('',(#694,#695,#696,#697));
#606=EDGE_LOOP('',(#698,#699,#700,#701));
#607=EDGE_LOOP('',(#702,#703,#704,#705));
#608=EDGE_LOOP('',(#706,#707,#708,#709,#710,#711,#712,#713,#714,#715,#716,
#717,#718,#719,#720,#721,#722,#723,#724,#725,#726,#727,#728,#729));
#609=EDGE_LOOP('',(#730,#731,#732,#733));
#610=EDGE_LOOP('',(#734,#735,#736,#737));
#611=EDGE_LOOP('',(#738,#739,#740,#741));
#612=EDGE_LOOP('',(#742,#743,#744,#745,#746,#747,#748,#749));
#613=EDGE_LOOP('',(#750));
#614=EDGE_LOOP('',(#751,#752,#753,#754,#755,#756,#757,#758,#759,#760));
#615=EDGE_LOOP('',(#761,#762,#763,#764));
#616=EDGE_LOOP('',(#765,#766,#767,#768,#769,#770,#771));
#617=EDGE_LOOP('',(#772,#773,#774,#775,#776,#777));
#618=EDGE_LOOP('',(#778,#779,#780,#781,#782,#783,#784,#785));
#619=EDGE_LOOP('',(#786,#787,#788,#789));
#620=EDGE_LOOP('',(#790,#791,#792,#793));
#621=EDGE_LOOP('',(#794,#795));
#622=EDGE_LOOP('',(#796,#797,#798,#799));
#623=EDGE_LOOP('',(#800,#801));
#624=EDGE_LOOP('',(#802,#803,#804,#805));
#625=EDGE_LOOP('',(#806,#807));
#626=EDGE_LOOP('',(#808,#809,#810,#811));
#627=EDGE_LOOP('',(#812,#813));
#628=EDGE_LOOP('',(#814,#815,#816,#817));
#629=EDGE_LOOP('',(#818,#819,#820,#821));
#630=EDGE_LOOP('',(#822,#823,#824,#825));
#631=EDGE_LOOP('',(#826,#827,#828));
#632=EDGE_LOOP('',(#829,#830,#831,#832));
#633=EDGE_LOOP('',(#833,#834,#835,#836));
#634=EDGE_LOOP('',(#837,#838,#839));
#635=EDGE_LOOP('',(#840,#841,#842,#843));
#636=EDGE_LOOP('',(#844,#845,#846));
#637=EDGE_LOOP('',(#847,#848,#849,#850));
#638=EDGE_LOOP('',(#851,#852,#853,#854,#855,#856));
#639=EDGE_LOOP('',(#857,#858,#859,#860));
#640=EDGE_LOOP('',(#861,#862,#863,#864,#865,#866));
#641=EDGE_LOOP('',(#867,#868,#869,#870));
#642=EDGE_LOOP('',(#871,#872,#873,#874));
#643=EDGE_LOOP('',(#875,#876,#877,#878,#879,#880));
#644=EDGE_LOOP('',(#881,#882,#883,#884));
#645=EDGE_LOOP('',(#885,#886,#887,#888,#889,#890));
#646=EDGE_LOOP('',(#891,#892,#893,#894));
#647=EDGE_LOOP('',(#895,#896,#897,#898));
#648=EDGE_LOOP('',(#899,#900,#901,#902));
#649=EDGE_LOOP('',(#903,#904,#905,#906));
#650=EDGE_LOOP('',(#907,#908,#909,#910));
#651=EDGE_LOOP('',(#911,#912,#913,#914));
#652=EDGE_LOOP('',(#915,#916,#917,#918,#919,#920));
#653=EDGE_LOOP('',(#921,#922,#923,#924));
#654=EDGE_LOOP('',(#925,#926,#927,#928,#929,#930));
#655=EDGE_LOOP('',(#931,#932,#933,#934));
#656=EDGE_LOOP('',(#935,#936,#937,#938));
#657=EDGE_LOOP('',(#939,#940,#941,#942,#943,#944));
#658=EDGE_LOOP('',(#945,#946,#947,#948));
#659=EDGE_LOOP('',(#949,#950,#951,#952,#953,#954));
#660=EDGE_LOOP('',(#955,#956,#957,#958));
#661=EDGE_LOOP('',(#959,#960,#961,#962));
#662=EDGE_LOOP('',(#963,#964,#965,#966));
#663=EDGE_LOOP('',(#967,#968,#969,#970));
#664=EDGE_LOOP('',(#971,#972,#973,#974));
#665=EDGE_LOOP('',(#975,#976,#977,#978));
#666=EDGE_LOOP('',(#979,#980,#981,#982));
#667=EDGE_LOOP('',(#983,#984,#985,#986,#987));
#668=EDGE_LOOP('',(#988,#989,#990,#991,#992));
#669=EDGE_LOOP('',(#993,#994,#995,#996,#997));
#670=EDGE_LOOP('',(#998,#999,#1000,#1001));
#671=EDGE_LOOP('',(#1002,#1003,#1004,#1005));
#672=EDGE_LOOP('',(#1006,#1007,#1008,#1009));
#673=EDGE_LOOP('',(#1010,#1011,#1012,#1013));
#674=EDGE_LOOP('',(#1014,#1015,#1016,#1017));
#675=EDGE_LOOP('',(#1018,#1019,#1020,#1021,#1022));
#676=EDGE_LOOP('',(#1023,#1024,#1025,#1026));
#677=EDGE_LOOP('',(#1027,#1028,#1029,#1030));
#678=EDGE_LOOP('',(#1031,#1032,#1033,#1034));
#679=EDGE_LOOP('',(#1035));
#680=EDGE_LOOP('',(#1036,#1037,#1038,#1039));
#681=EDGE_LOOP('',(#1040,#1041,#1042,#1043,#1044,#1045));
#682=EDGE_LOOP('',(#1046,#1047,#1048,#1049));
#683=EDGE_LOOP('',(#1050,#1051,#1052,#1053,#1054,#1055));
#684=EDGE_LOOP('',(#1056,#1057,#1058,#1059));
#685=EDGE_LOOP('',(#1060,#1061,#1062,#1063));
#686=EDGE_LOOP('',(#1064,#1065,#1066,#1067));
#687=EDGE_LOOP('',(#1068,#1069,#1070,#1071,#1072,#1073));
#688=EDGE_LOOP('',(#1074,#1075,#1076,#1077));
#689=EDGE_LOOP('',(#1078,#1079,#1080,#1081,#1082,#1083));
#690=EDGE_LOOP('',(#1084,#1085,#1086,#1087));
#691=EDGE_LOOP('',(#1088,#1089,#1090,#1091));
#692=EDGE_LOOP('',(#1092,#1093,#1094,#1095));
#693=EDGE_LOOP('',(#1096,#1097,#1098,#1099));
#694=ORIENTED_EDGE('',*,*,#1230,.T.);
#695=ORIENTED_EDGE('',*,*,#1231,.T.);
#696=ORIENTED_EDGE('',*,*,#1232,.T.);
#697=ORIENTED_EDGE('',*,*,#1233,.T.);
#698=ORIENTED_EDGE('',*,*,#1234,.T.);
#699=ORIENTED_EDGE('',*,*,#1235,.T.);
#700=ORIENTED_EDGE('',*,*,#1236,.T.);
#701=ORIENTED_EDGE('',*,*,#1237,.T.);
#702=ORIENTED_EDGE('',*,*,#1238,.T.);
#703=ORIENTED_EDGE('',*,*,#1239,.T.);
#704=ORIENTED_EDGE('',*,*,#1240,.T.);
#705=ORIENTED_EDGE('',*,*,#1241,.T.);
#706=ORIENTED_EDGE('',*,*,#1242,.F.);
#707=ORIENTED_EDGE('',*,*,#1243,.T.);
#708=ORIENTED_EDGE('',*,*,#1244,.F.);
#709=ORIENTED_EDGE('',*,*,#1245,.T.);
#710=ORIENTED_EDGE('',*,*,#1246,.T.);
#711=ORIENTED_EDGE('',*,*,#1247,.T.);
#712=ORIENTED_EDGE('',*,*,#1248,.F.);
#713=ORIENTED_EDGE('',*,*,#1249,.T.);
#714=ORIENTED_EDGE('',*,*,#1250,.T.);
#715=ORIENTED_EDGE('',*,*,#1251,.T.);
#716=ORIENTED_EDGE('',*,*,#1252,.F.);
#717=ORIENTED_EDGE('',*,*,#1253,.T.);
#718=ORIENTED_EDGE('',*,*,#1254,.F.);
#719=ORIENTED_EDGE('',*,*,#1255,.T.);
#720=ORIENTED_EDGE('',*,*,#1256,.F.);
#721=ORIENTED_EDGE('',*,*,#1257,.T.);
#722=ORIENTED_EDGE('',*,*,#1258,.F.);
#723=ORIENTED_EDGE('',*,*,#1259,.T.);
#724=ORIENTED_EDGE('',*,*,#1260,.F.);
#725=ORIENTED_EDGE('',*,*,#1261,.T.);
#726=ORIENTED_EDGE('',*,*,#1262,.F.);
#727=ORIENTED_EDGE('',*,*,#1263,.T.);
#728=ORIENTED_EDGE('',*,*,#1264,.F.);
#729=ORIENTED_EDGE('',*,*,#1265,.T.);
#730=ORIENTED_EDGE('',*,*,#1266,.F.);
#731=ORIENTED_EDGE('',*,*,#1267,.F.);
#732=ORIENTED_EDGE('',*,*,#1268,.F.);
#733=ORIENTED_EDGE('',*,*,#1269,.F.);
#734=ORIENTED_EDGE('',*,*,#1270,.F.);
#735=ORIENTED_EDGE('',*,*,#1271,.T.);
#736=ORIENTED_EDGE('',*,*,#1272,.T.);
#737=ORIENTED_EDGE('',*,*,#1273,.F.);
#738=ORIENTED_EDGE('',*,*,#1274,.F.);
#739=ORIENTED_EDGE('',*,*,#1275,.F.);
#740=ORIENTED_EDGE('',*,*,#1276,.F.);
#741=ORIENTED_EDGE('',*,*,#1277,.F.);
#742=ORIENTED_EDGE('',*,*,#1278,.T.);
#743=ORIENTED_EDGE('',*,*,#1279,.T.);
#744=ORIENTED_EDGE('',*,*,#1280,.T.);
#745=ORIENTED_EDGE('',*,*,#1281,.T.);
#746=ORIENTED_EDGE('',*,*,#1282,.T.);
#747=ORIENTED_EDGE('',*,*,#1283,.F.);
#748=ORIENTED_EDGE('',*,*,#1284,.F.);
#749=ORIENTED_EDGE('',*,*,#1285,.F.);
#750=ORIENTED_EDGE('',*,*,#1286,.T.);
#751=ORIENTED_EDGE('',*,*,#1287,.T.);
#752=ORIENTED_EDGE('',*,*,#1288,.T.);
#753=ORIENTED_EDGE('',*,*,#1289,.T.);
#754=ORIENTED_EDGE('',*,*,#1290,.T.);
#755=ORIENTED_EDGE('',*,*,#1291,.T.);
#756=ORIENTED_EDGE('',*,*,#1264,.T.);
#757=ORIENTED_EDGE('',*,*,#1292,.T.);
#758=ORIENTED_EDGE('',*,*,#1260,.T.);
#759=ORIENTED_EDGE('',*,*,#1293,.T.);
#760=ORIENTED_EDGE('',*,*,#1256,.T.);
#761=ORIENTED_EDGE('',*,*,#1294,.F.);
#762=ORIENTED_EDGE('',*,*,#1295,.T.);
#763=ORIENTED_EDGE('',*,*,#1287,.F.);
#764=ORIENTED_EDGE('',*,*,#1255,.F.);
#765=ORIENTED_EDGE('',*,*,#1296,.T.);
#766=ORIENTED_EDGE('',*,*,#1297,.T.);
#767=ORIENTED_EDGE('',*,*,#1298,.T.);
#768=ORIENTED_EDGE('',*,*,#1299,.T.);
#769=ORIENTED_EDGE('',*,*,#1300,.T.);
#770=ORIENTED_EDGE('',*,*,#1301,.T.);
#771=ORIENTED_EDGE('',*,*,#1302,.T.);
#772=ORIENTED_EDGE('',*,*,#1303,.T.);
#773=ORIENTED_EDGE('',*,*,#1304,.T.);
#774=ORIENTED_EDGE('',*,*,#1294,.T.);
#775=ORIENTED_EDGE('',*,*,#1254,.T.);
#776=ORIENTED_EDGE('',*,*,#1305,.T.);
#777=ORIENTED_EDGE('',*,*,#1306,.T.);
#778=ORIENTED_EDGE('',*,*,#1244,.T.);
#779=ORIENTED_EDGE('',*,*,#1307,.T.);
#780=ORIENTED_EDGE('',*,*,#1308,.T.);
#781=ORIENTED_EDGE('',*,*,#1309,.T.);
#782=ORIENTED_EDGE('',*,*,#1252,.T.);
#783=ORIENTED_EDGE('',*,*,#1310,.F.);
#784=ORIENTED_EDGE('',*,*,#1248,.T.);
#785=ORIENTED_EDGE('',*,*,#1311,.F.);
#786=ORIENTED_EDGE('',*,*,#1312,.T.);
#787=ORIENTED_EDGE('',*,*,#1313,.T.);
#788=ORIENTED_EDGE('',*,*,#1242,.T.);
#789=ORIENTED_EDGE('',*,*,#1314,.T.);
#790=ORIENTED_EDGE('',*,*,#1263,.F.);
#791=ORIENTED_EDGE('',*,*,#1315,.T.);
#792=ORIENTED_EDGE('',*,*,#1261,.F.);
#793=ORIENTED_EDGE('',*,*,#1292,.F.);
#794=ORIENTED_EDGE('',*,*,#1315,.F.);
#795=ORIENTED_EDGE('',*,*,#1262,.T.);
#796=ORIENTED_EDGE('',*,*,#1259,.F.);
#797=ORIENTED_EDGE('',*,*,#1316,.T.);
#798=ORIENTED_EDGE('',*,*,#1257,.F.);
#799=ORIENTED_EDGE('',*,*,#1293,.F.);
#800=ORIENTED_EDGE('',*,*,#1316,.F.);
#801=ORIENTED_EDGE('',*,*,#1258,.T.);
#802=ORIENTED_EDGE('',*,*,#1245,.F.);
#803=ORIENTED_EDGE('',*,*,#1311,.T.);
#804=ORIENTED_EDGE('',*,*,#1247,.F.);
#805=ORIENTED_EDGE('',*,*,#1317,.F.);
#806=ORIENTED_EDGE('',*,*,#1246,.F.);
#807=ORIENTED_EDGE('',*,*,#1317,.T.);
#808=ORIENTED_EDGE('',*,*,#1249,.F.);
#809=ORIENTED_EDGE('',*,*,#1310,.T.);
#810=ORIENTED_EDGE('',*,*,#1251,.F.);
#811=ORIENTED_EDGE('',*,*,#1318,.F.);
#812=ORIENTED_EDGE('',*,*,#1250,.F.);
#813=ORIENTED_EDGE('',*,*,#1318,.T.);
#814=ORIENTED_EDGE('',*,*,#1308,.F.);
#815=ORIENTED_EDGE('',*,*,#1319,.T.);
#816=ORIENTED_EDGE('',*,*,#1299,.F.);
#817=ORIENTED_EDGE('',*,*,#1320,.T.);
#818=ORIENTED_EDGE('',*,*,#1290,.F.);
#819=ORIENTED_EDGE('',*,*,#1321,.T.);
#820=ORIENTED_EDGE('',*,*,#1301,.F.);
#821=ORIENTED_EDGE('',*,*,#1322,.T.);
#822=ORIENTED_EDGE('',*,*,#1253,.F.);
#823=ORIENTED_EDGE('',*,*,#1309,.F.);
#824=ORIENTED_EDGE('',*,*,#1323,.F.);
#825=ORIENTED_EDGE('',*,*,#1305,.F.);
#826=ORIENTED_EDGE('',*,*,#1323,.T.);
#827=ORIENTED_EDGE('',*,*,#1320,.F.);
#828=ORIENTED_EDGE('',*,*,#1324,.F.);
#829=ORIENTED_EDGE('',*,*,#1298,.F.);
#830=ORIENTED_EDGE('',*,*,#1325,.T.);
#831=ORIENTED_EDGE('',*,*,#1306,.F.);
#832=ORIENTED_EDGE('',*,*,#1324,.T.);
#833=ORIENTED_EDGE('',*,*,#1265,.F.);
#834=ORIENTED_EDGE('',*,*,#1291,.F.);
#835=ORIENTED_EDGE('',*,*,#1326,.F.);
#836=ORIENTED_EDGE('',*,*,#1314,.F.);
#837=ORIENTED_EDGE('',*,*,#1326,.T.);
#838=ORIENTED_EDGE('',*,*,#1322,.F.);
#839=ORIENTED_EDGE('',*,*,#1327,.F.);
#840=ORIENTED_EDGE('',*,*,#1327,.T.);
#841=ORIENTED_EDGE('',*,*,#1300,.F.);
#842=ORIENTED_EDGE('',*,*,#1328,.F.);
#843=ORIENTED_EDGE('',*,*,#1312,.F.);
#844=ORIENTED_EDGE('',*,*,#1328,.T.);
#845=ORIENTED_EDGE('',*,*,#1319,.F.);
#846=ORIENTED_EDGE('',*,*,#1329,.F.);
#847=ORIENTED_EDGE('',*,*,#1243,.F.);
#848=ORIENTED_EDGE('',*,*,#1313,.F.);
#849=ORIENTED_EDGE('',*,*,#1329,.T.);
#850=ORIENTED_EDGE('',*,*,#1307,.F.);
#851=ORIENTED_EDGE('',*,*,#1330,.F.);
#852=ORIENTED_EDGE('',*,*,#1331,.T.);
#853=ORIENTED_EDGE('',*,*,#1332,.F.);
#854=ORIENTED_EDGE('',*,*,#1333,.T.);
#855=ORIENTED_EDGE('',*,*,#1334,.T.);
#856=ORIENTED_EDGE('',*,*,#1266,.T.);
#857=ORIENTED_EDGE('',*,*,#1335,.F.);
#858=ORIENTED_EDGE('',*,*,#1336,.T.);
#859=ORIENTED_EDGE('',*,*,#1330,.T.);
#860=ORIENTED_EDGE('',*,*,#1269,.T.);
#861=ORIENTED_EDGE('',*,*,#1337,.F.);
#862=ORIENTED_EDGE('',*,*,#1338,.T.);
#863=ORIENTED_EDGE('',*,*,#1335,.T.);
#864=ORIENTED_EDGE('',*,*,#1268,.T.);
#865=ORIENTED_EDGE('',*,*,#1339,.F.);
#866=ORIENTED_EDGE('',*,*,#1340,.T.);
#867=ORIENTED_EDGE('',*,*,#1334,.F.);
#868=ORIENTED_EDGE('',*,*,#1341,.T.);
#869=ORIENTED_EDGE('',*,*,#1339,.T.);
#870=ORIENTED_EDGE('',*,*,#1267,.T.);
#871=ORIENTED_EDGE('',*,*,#1332,.T.);
#872=ORIENTED_EDGE('',*,*,#1342,.T.);
#873=ORIENTED_EDGE('',*,*,#1337,.T.);
#874=ORIENTED_EDGE('',*,*,#1343,.T.);
#875=ORIENTED_EDGE('',*,*,#1344,.F.);
#876=ORIENTED_EDGE('',*,*,#1345,.T.);
#877=ORIENTED_EDGE('',*,*,#1346,.T.);
#878=ORIENTED_EDGE('',*,*,#1347,.T.);
#879=ORIENTED_EDGE('',*,*,#1348,.T.);
#880=ORIENTED_EDGE('',*,*,#1239,.F.);
#881=ORIENTED_EDGE('',*,*,#1348,.F.);
#882=ORIENTED_EDGE('',*,*,#1349,.T.);
#883=ORIENTED_EDGE('',*,*,#1350,.T.);
#884=ORIENTED_EDGE('',*,*,#1240,.F.);
#885=ORIENTED_EDGE('',*,*,#1351,.T.);
#886=ORIENTED_EDGE('',*,*,#1352,.T.);
#887=ORIENTED_EDGE('',*,*,#1353,.T.);
#888=ORIENTED_EDGE('',*,*,#1241,.F.);
#889=ORIENTED_EDGE('',*,*,#1350,.F.);
#890=ORIENTED_EDGE('',*,*,#1354,.T.);
#891=ORIENTED_EDGE('',*,*,#1353,.F.);
#892=ORIENTED_EDGE('',*,*,#1355,.T.);
#893=ORIENTED_EDGE('',*,*,#1344,.T.);
#894=ORIENTED_EDGE('',*,*,#1238,.F.);
#895=ORIENTED_EDGE('',*,*,#1346,.F.);
#896=ORIENTED_EDGE('',*,*,#1356,.T.);
#897=ORIENTED_EDGE('',*,*,#1351,.F.);
#898=ORIENTED_EDGE('',*,*,#1357,.T.);
#899=ORIENTED_EDGE('',*,*,#1347,.F.);
#900=ORIENTED_EDGE('',*,*,#1357,.F.);
#901=ORIENTED_EDGE('',*,*,#1354,.F.);
#902=ORIENTED_EDGE('',*,*,#1349,.F.);
#903=ORIENTED_EDGE('',*,*,#1352,.F.);
#904=ORIENTED_EDGE('',*,*,#1356,.F.);
#905=ORIENTED_EDGE('',*,*,#1345,.F.);
#906=ORIENTED_EDGE('',*,*,#1355,.F.);
#907=ORIENTED_EDGE('',*,*,#1331,.F.);
#908=ORIENTED_EDGE('',*,*,#1336,.F.);
#909=ORIENTED_EDGE('',*,*,#1338,.F.);
#910=ORIENTED_EDGE('',*,*,#1342,.F.);
#911=ORIENTED_EDGE('',*,*,#1340,.F.);
#912=ORIENTED_EDGE('',*,*,#1341,.F.);
#913=ORIENTED_EDGE('',*,*,#1333,.F.);
#914=ORIENTED_EDGE('',*,*,#1343,.F.);
#915=ORIENTED_EDGE('',*,*,#1358,.F.);
#916=ORIENTED_EDGE('',*,*,#1359,.T.);
#917=ORIENTED_EDGE('',*,*,#1360,.T.);
#918=ORIENTED_EDGE('',*,*,#1361,.T.);
#919=ORIENTED_EDGE('',*,*,#1362,.T.);
#920=ORIENTED_EDGE('',*,*,#1235,.F.);
#921=ORIENTED_EDGE('',*,*,#1362,.F.);
#922=ORIENTED_EDGE('',*,*,#1363,.T.);
#923=ORIENTED_EDGE('',*,*,#1364,.T.);
#924=ORIENTED_EDGE('',*,*,#1236,.F.);
#925=ORIENTED_EDGE('',*,*,#1365,.T.);
#926=ORIENTED_EDGE('',*,*,#1366,.T.);
#927=ORIENTED_EDGE('',*,*,#1367,.T.);
#928=ORIENTED_EDGE('',*,*,#1237,.F.);
#929=ORIENTED_EDGE('',*,*,#1364,.F.);
#930=ORIENTED_EDGE('',*,*,#1368,.T.);
#931=ORIENTED_EDGE('',*,*,#1367,.F.);
#932=ORIENTED_EDGE('',*,*,#1369,.T.);
#933=ORIENTED_EDGE('',*,*,#1358,.T.);
#934=ORIENTED_EDGE('',*,*,#1234,.F.);
#935=ORIENTED_EDGE('',*,*,#1360,.F.);
#936=ORIENTED_EDGE('',*,*,#1370,.T.);
#937=ORIENTED_EDGE('',*,*,#1365,.F.);
#938=ORIENTED_EDGE('',*,*,#1371,.T.);
#939=ORIENTED_EDGE('',*,*,#1372,.F.);
#940=ORIENTED_EDGE('',*,*,#1373,.T.);
#941=ORIENTED_EDGE('',*,*,#1374,.T.);
#942=ORIENTED_EDGE('',*,*,#1375,.T.);
#943=ORIENTED_EDGE('',*,*,#1376,.T.);
#944=ORIENTED_EDGE('',*,*,#1231,.F.);
#945=ORIENTED_EDGE('',*,*,#1376,.F.);
#946=ORIENTED_EDGE('',*,*,#1377,.T.);
#947=ORIENTED_EDGE('',*,*,#1378,.T.);
#948=ORIENTED_EDGE('',*,*,#1232,.F.);
#949=ORIENTED_EDGE('',*,*,#1379,.T.);
#950=ORIENTED_EDGE('',*,*,#1380,.T.);
#951=ORIENTED_EDGE('',*,*,#1381,.T.);
#952=ORIENTED_EDGE('',*,*,#1233,.F.);
#953=ORIENTED_EDGE('',*,*,#1378,.F.);
#954=ORIENTED_EDGE('',*,*,#1382,.T.);
#955=ORIENTED_EDGE('',*,*,#1381,.F.);
#956=ORIENTED_EDGE('',*,*,#1383,.T.);
#957=ORIENTED_EDGE('',*,*,#1372,.T.);
#958=ORIENTED_EDGE('',*,*,#1230,.F.);
#959=ORIENTED_EDGE('',*,*,#1374,.F.);
#960=ORIENTED_EDGE('',*,*,#1384,.T.);
#961=ORIENTED_EDGE('',*,*,#1379,.F.);
#962=ORIENTED_EDGE('',*,*,#1385,.T.);
#963=ORIENTED_EDGE('',*,*,#1366,.F.);
#964=ORIENTED_EDGE('',*,*,#1370,.F.);
#965=ORIENTED_EDGE('',*,*,#1359,.F.);
#966=ORIENTED_EDGE('',*,*,#1369,.F.);
#967=ORIENTED_EDGE('',*,*,#1361,.F.);
#968=ORIENTED_EDGE('',*,*,#1371,.F.);
#969=ORIENTED_EDGE('',*,*,#1368,.F.);
#970=ORIENTED_EDGE('',*,*,#1363,.F.);
#971=ORIENTED_EDGE('',*,*,#1380,.F.);
#972=ORIENTED_EDGE('',*,*,#1384,.F.);
#973=ORIENTED_EDGE('',*,*,#1373,.F.);
#974=ORIENTED_EDGE('',*,*,#1383,.F.);
#975=ORIENTED_EDGE('',*,*,#1375,.F.);
#976=ORIENTED_EDGE('',*,*,#1385,.F.);
#977=ORIENTED_EDGE('',*,*,#1382,.F.);
#978=ORIENTED_EDGE('',*,*,#1377,.F.);
#979=ORIENTED_EDGE('',*,*,#1386,.F.);
#980=ORIENTED_EDGE('',*,*,#1387,.T.);
#981=ORIENTED_EDGE('',*,*,#1388,.T.);
#982=ORIENTED_EDGE('',*,*,#1284,.T.);
#983=ORIENTED_EDGE('',*,*,#1388,.F.);
#984=ORIENTED_EDGE('',*,*,#1389,.T.);
#985=ORIENTED_EDGE('',*,*,#1390,.T.);
#986=ORIENTED_EDGE('',*,*,#1391,.T.);
#987=ORIENTED_EDGE('',*,*,#1285,.T.);
#988=ORIENTED_EDGE('',*,*,#1283,.T.);
#989=ORIENTED_EDGE('',*,*,#1392,.T.);
#990=ORIENTED_EDGE('',*,*,#1393,.T.);
#991=ORIENTED_EDGE('',*,*,#1394,.T.);
#992=ORIENTED_EDGE('',*,*,#1386,.T.);
#993=ORIENTED_EDGE('',*,*,#1278,.F.);
#994=ORIENTED_EDGE('',*,*,#1391,.F.);
#995=ORIENTED_EDGE('',*,*,#1395,.F.);
#996=ORIENTED_EDGE('',*,*,#1289,.F.);
#997=ORIENTED_EDGE('',*,*,#1396,.T.);
#998=ORIENTED_EDGE('',*,*,#1395,.T.);
#999=ORIENTED_EDGE('',*,*,#1390,.F.);
#1000=ORIENTED_EDGE('',*,*,#1397,.F.);
#1001=ORIENTED_EDGE('',*,*,#1321,.F.);
#1002=ORIENTED_EDGE('',*,*,#1397,.T.);
#1003=ORIENTED_EDGE('',*,*,#1389,.F.);
#1004=ORIENTED_EDGE('',*,*,#1398,.F.);
#1005=ORIENTED_EDGE('',*,*,#1302,.F.);
#1006=ORIENTED_EDGE('',*,*,#1398,.T.);
#1007=ORIENTED_EDGE('',*,*,#1387,.F.);
#1008=ORIENTED_EDGE('',*,*,#1399,.F.);
#1009=ORIENTED_EDGE('',*,*,#1296,.F.);
#1010=ORIENTED_EDGE('',*,*,#1399,.T.);
#1011=ORIENTED_EDGE('',*,*,#1394,.F.);
#1012=ORIENTED_EDGE('',*,*,#1400,.F.);
#1013=ORIENTED_EDGE('',*,*,#1297,.F.);
#1014=ORIENTED_EDGE('',*,*,#1400,.T.);
#1015=ORIENTED_EDGE('',*,*,#1393,.F.);
#1016=ORIENTED_EDGE('',*,*,#1401,.F.);
#1017=ORIENTED_EDGE('',*,*,#1325,.F.);
#1018=ORIENTED_EDGE('',*,*,#1282,.F.);
#1019=ORIENTED_EDGE('',*,*,#1402,.T.);
#1020=ORIENTED_EDGE('',*,*,#1303,.F.);
#1021=ORIENTED_EDGE('',*,*,#1401,.T.);
#1022=ORIENTED_EDGE('',*,*,#1392,.F.);
#1023=ORIENTED_EDGE('',*,*,#1402,.F.);
#1024=ORIENTED_EDGE('',*,*,#1281,.F.);
#1025=ORIENTED_EDGE('',*,*,#1403,.F.);
#1026=ORIENTED_EDGE('',*,*,#1304,.F.);
#1027=ORIENTED_EDGE('',*,*,#1403,.T.);
#1028=ORIENTED_EDGE('',*,*,#1280,.F.);
#1029=ORIENTED_EDGE('',*,*,#1404,.F.);
#1030=ORIENTED_EDGE('',*,*,#1295,.F.);
#1031=ORIENTED_EDGE('',*,*,#1396,.F.);
#1032=ORIENTED_EDGE('',*,*,#1288,.F.);
#1033=ORIENTED_EDGE('',*,*,#1404,.T.);
#1034=ORIENTED_EDGE('',*,*,#1279,.F.);
#1035=ORIENTED_EDGE('',*,*,#1286,.F.);
#1036=ORIENTED_EDGE('',*,*,#1405,.T.);
#1037=ORIENTED_EDGE('',*,*,#1406,.T.);
#1038=ORIENTED_EDGE('',*,*,#1407,.F.);
#1039=ORIENTED_EDGE('',*,*,#1271,.F.);
#1040=ORIENTED_EDGE('',*,*,#1408,.T.);
#1041=ORIENTED_EDGE('',*,*,#1409,.T.);
#1042=ORIENTED_EDGE('',*,*,#1410,.F.);
#1043=ORIENTED_EDGE('',*,*,#1272,.F.);
#1044=ORIENTED_EDGE('',*,*,#1407,.T.);
#1045=ORIENTED_EDGE('',*,*,#1411,.T.);
#1046=ORIENTED_EDGE('',*,*,#1410,.T.);
#1047=ORIENTED_EDGE('',*,*,#1412,.T.);
#1048=ORIENTED_EDGE('',*,*,#1413,.F.);
#1049=ORIENTED_EDGE('',*,*,#1273,.T.);
#1050=ORIENTED_EDGE('',*,*,#1413,.T.);
#1051=ORIENTED_EDGE('',*,*,#1414,.T.);
#1052=ORIENTED_EDGE('',*,*,#1415,.F.);
#1053=ORIENTED_EDGE('',*,*,#1416,.T.);
#1054=ORIENTED_EDGE('',*,*,#1405,.F.);
#1055=ORIENTED_EDGE('',*,*,#1270,.T.);
#1056=ORIENTED_EDGE('',*,*,#1415,.T.);
#1057=ORIENTED_EDGE('',*,*,#1417,.T.);
#1058=ORIENTED_EDGE('',*,*,#1408,.F.);
#1059=ORIENTED_EDGE('',*,*,#1418,.T.);
#1060=ORIENTED_EDGE('',*,*,#1416,.F.);
#1061=ORIENTED_EDGE('',*,*,#1418,.F.);
#1062=ORIENTED_EDGE('',*,*,#1411,.F.);
#1063=ORIENTED_EDGE('',*,*,#1406,.F.);
#1064=ORIENTED_EDGE('',*,*,#1414,.F.);
#1065=ORIENTED_EDGE('',*,*,#1412,.F.);
#1066=ORIENTED_EDGE('',*,*,#1409,.F.);
#1067=ORIENTED_EDGE('',*,*,#1417,.F.);
#1068=ORIENTED_EDGE('',*,*,#1419,.F.);
#1069=ORIENTED_EDGE('',*,*,#1420,.T.);
#1070=ORIENTED_EDGE('',*,*,#1421,.F.);
#1071=ORIENTED_EDGE('',*,*,#1422,.T.);
#1072=ORIENTED_EDGE('',*,*,#1423,.T.);
#1073=ORIENTED_EDGE('',*,*,#1274,.T.);
#1074=ORIENTED_EDGE('',*,*,#1424,.F.);
#1075=ORIENTED_EDGE('',*,*,#1425,.T.);
#1076=ORIENTED_EDGE('',*,*,#1419,.T.);
#1077=ORIENTED_EDGE('',*,*,#1277,.T.);
#1078=ORIENTED_EDGE('',*,*,#1426,.F.);
#1079=ORIENTED_EDGE('',*,*,#1427,.T.);
#1080=ORIENTED_EDGE('',*,*,#1424,.T.);
#1081=ORIENTED_EDGE('',*,*,#1276,.T.);
#1082=ORIENTED_EDGE('',*,*,#1428,.F.);
#1083=ORIENTED_EDGE('',*,*,#1429,.T.);
#1084=ORIENTED_EDGE('',*,*,#1423,.F.);
#1085=ORIENTED_EDGE('',*,*,#1430,.T.);
#1086=ORIENTED_EDGE('',*,*,#1428,.T.);
#1087=ORIENTED_EDGE('',*,*,#1275,.T.);
#1088=ORIENTED_EDGE('',*,*,#1421,.T.);
#1089=ORIENTED_EDGE('',*,*,#1431,.T.);
#1090=ORIENTED_EDGE('',*,*,#1426,.T.);
#1091=ORIENTED_EDGE('',*,*,#1432,.T.);
#1092=ORIENTED_EDGE('',*,*,#1429,.F.);
#1093=ORIENTED_EDGE('',*,*,#1430,.F.);
#1094=ORIENTED_EDGE('',*,*,#1422,.F.);
#1095=ORIENTED_EDGE('',*,*,#1432,.F.);
#1096=ORIENTED_EDGE('',*,*,#1420,.F.);
#1097=ORIENTED_EDGE('',*,*,#1425,.F.);
#1098=ORIENTED_EDGE('',*,*,#1427,.F.);
#1099=ORIENTED_EDGE('',*,*,#1431,.F.);
#1100=VERTEX_POINT('',#2290);
#1101=VERTEX_POINT('',#2291);
#1102=VERTEX_POINT('',#2293);
#1103=VERTEX_POINT('',#2295);
#1104=VERTEX_POINT('',#2298);
#1105=VERTEX_POINT('',#2299);
#1106=VERTEX_POINT('',#2301);
#1107=VERTEX_POINT('',#2303);
#1108=VERTEX_POINT('',#2306);
#1109=VERTEX_POINT('',#2307);
#1110=VERTEX_POINT('',#2309);
#1111=VERTEX_POINT('',#2311);
#1112=VERTEX_POINT('',#2314);
#1113=VERTEX_POINT('',#2315);
#1114=VERTEX_POINT('',#2317);
#1115=VERTEX_POINT('',#2319);
#1116=VERTEX_POINT('',#2321);
#1117=VERTEX_POINT('',#2323);
#1118=VERTEX_POINT('',#2325);
#1119=VERTEX_POINT('',#2327);
#1120=VERTEX_POINT('',#2329);
#1121=VERTEX_POINT('',#2331);
#1122=VERTEX_POINT('',#2333);
#1123=VERTEX_POINT('',#2335);
#1124=VERTEX_POINT('',#2337);
#1125=VERTEX_POINT('',#2339);
#1126=VERTEX_POINT('',#2341);
#1127=VERTEX_POINT('',#2343);
#1128=VERTEX_POINT('',#2345);
#1129=VERTEX_POINT('',#2347);
#1130=VERTEX_POINT('',#2349);
#1131=VERTEX_POINT('',#2351);
#1132=VERTEX_POINT('',#2353);
#1133=VERTEX_POINT('',#2355);
#1134=VERTEX_POINT('',#2357);
#1135=VERTEX_POINT('',#2359);
#1136=VERTEX_POINT('',#2362);
#1137=VERTEX_POINT('',#2363);
#1138=VERTEX_POINT('',#2365);
#1139=VERTEX_POINT('',#2367);
#1140=VERTEX_POINT('',#2370);
#1141=VERTEX_POINT('',#2371);
#1142=VERTEX_POINT('',#2373);
#1143=VERTEX_POINT('',#2375);
#1144=VERTEX_POINT('',#2378);
#1145=VERTEX_POINT('',#2379);
#1146=VERTEX_POINT('',#2381);
#1147=VERTEX_POINT('',#2383);
#1148=VERTEX_POINT('',#2387);
#1149=VERTEX_POINT('',#2388);
#1150=VERTEX_POINT('',#2390);
#1151=VERTEX_POINT('',#2392);
#1152=VERTEX_POINT('',#2394);
#1153=VERTEX_POINT('',#2396);
#1154=VERTEX_POINT('',#2398);
#1155=VERTEX_POINT('',#2400);
#1156=VERTEX_POINT('',#2403);
#1157=VERTEX_POINT('',#2406);
#1158=VERTEX_POINT('',#2408);
#1159=VERTEX_POINT('',#2410);
#1160=VERTEX_POINT('',#2412);
#1161=VERTEX_POINT('',#2418);
#1162=VERTEX_POINT('',#2422);
#1163=VERTEX_POINT('',#2423);
#1164=VERTEX_POINT('',#2425);
#1165=VERTEX_POINT('',#2427);
#1166=VERTEX_POINT('',#2429);
#1167=VERTEX_POINT('',#2431);
#1168=VERTEX_POINT('',#2433);
#1169=VERTEX_POINT('',#2437);
#1170=VERTEX_POINT('',#2438);
#1171=VERTEX_POINT('',#2441);
#1172=VERTEX_POINT('',#2445);
#1173=VERTEX_POINT('',#2447);
#1174=VERTEX_POINT('',#2453);
#1175=VERTEX_POINT('',#2454);
#1176=VERTEX_POINT('',#2492);
#1177=VERTEX_POINT('',#2494);
#1178=VERTEX_POINT('',#2496);
#1179=VERTEX_POINT('',#2498);
#1180=VERTEX_POINT('',#2502);
#1181=VERTEX_POINT('',#2506);
#1182=VERTEX_POINT('',#2507);
#1183=VERTEX_POINT('',#2510);
#1184=VERTEX_POINT('',#2519);
#1185=VERTEX_POINT('',#2521);
#1186=VERTEX_POINT('',#2523);
#1187=VERTEX_POINT('',#2525);
#1188=VERTEX_POINT('',#2529);
#1189=VERTEX_POINT('',#2533);
#1190=VERTEX_POINT('',#2534);
#1191=VERTEX_POINT('',#2536);
#1192=VERTEX_POINT('',#2550);
#1193=VERTEX_POINT('',#2552);
#1194=VERTEX_POINT('',#2554);
#1195=VERTEX_POINT('',#2556);
#1196=VERTEX_POINT('',#2560);
#1197=VERTEX_POINT('',#2564);
#1198=VERTEX_POINT('',#2565);
#1199=VERTEX_POINT('',#2567);
#1200=VERTEX_POINT('',#2577);
#1201=VERTEX_POINT('',#2579);
#1202=VERTEX_POINT('',#2581);
#1203=VERTEX_POINT('',#2583);
#1204=VERTEX_POINT('',#2587);
#1205=VERTEX_POINT('',#2591);
#1206=VERTEX_POINT('',#2592);
#1207=VERTEX_POINT('',#2594);
#1208=VERTEX_POINT('',#2608);
#1209=VERTEX_POINT('',#2610);
#1210=VERTEX_POINT('',#2614);
#1211=VERTEX_POINT('',#2616);
#1212=VERTEX_POINT('',#2620);
#1213=VERTEX_POINT('',#2622);
#1214=VERTEX_POINT('',#2692);
#1215=VERTEX_POINT('',#2694);
#1216=VERTEX_POINT('',#2698);
#1217=VERTEX_POINT('',#2699);
#1218=VERTEX_POINT('',#2701);
#1219=VERTEX_POINT('',#2706);
#1220=VERTEX_POINT('',#2710);
#1221=VERTEX_POINT('',#2712);
#1222=VERTEX_POINT('',#2721);
#1223=VERTEX_POINT('',#2723);
#1224=VERTEX_POINT('',#2725);
#1225=VERTEX_POINT('',#2727);
#1226=VERTEX_POINT('',#2731);
#1227=VERTEX_POINT('',#2735);
#1228=VERTEX_POINT('',#2736);
#1229=VERTEX_POINT('',#2739);
#1230=EDGE_CURVE('',#1100,#1101,#1433,.T.);
#1231=EDGE_CURVE('',#1101,#1102,#1434,.T.);
#1232=EDGE_CURVE('',#1102,#1103,#1435,.T.);
#1233=EDGE_CURVE('',#1103,#1100,#1436,.T.);
#1234=EDGE_CURVE('',#1104,#1105,#1437,.T.);
#1235=EDGE_CURVE('',#1105,#1106,#1438,.T.);
#1236=EDGE_CURVE('',#1106,#1107,#1439,.T.);
#1237=EDGE_CURVE('',#1107,#1104,#1440,.T.);
#1238=EDGE_CURVE('',#1108,#1109,#1441,.T.);
#1239=EDGE_CURVE('',#1109,#1110,#1442,.T.);
#1240=EDGE_CURVE('',#1110,#1111,#1443,.T.);
#1241=EDGE_CURVE('',#1111,#1108,#1444,.T.);
#1242=EDGE_CURVE('',#1112,#1113,#1445,.T.);
#1243=EDGE_CURVE('',#1112,#1114,#555,.T.);
#1244=EDGE_CURVE('',#1115,#1114,#1446,.T.);
#1245=EDGE_CURVE('',#1115,#1116,#1447,.T.);
#1246=EDGE_CURVE('',#1116,#1117,#1448,.T.);
#1247=EDGE_CURVE('',#1117,#1118,#1449,.T.);
#1248=EDGE_CURVE('',#1119,#1118,#1450,.T.);
#1249=EDGE_CURVE('',#1119,#1120,#1451,.T.);
#1250=EDGE_CURVE('',#1120,#1121,#1452,.T.);
#1251=EDGE_CURVE('',#1121,#1122,#1453,.T.);
#1252=EDGE_CURVE('',#1123,#1122,#1454,.T.);
#1253=EDGE_CURVE('',#1123,#1124,#556,.T.);
#1254=EDGE_CURVE('',#1125,#1124,#1455,.T.);
#1255=EDGE_CURVE('',#1125,#1126,#557,.T.);
#1256=EDGE_CURVE('',#1127,#1126,#1456,.T.);
#1257=EDGE_CURVE('',#1127,#1128,#1457,.T.);
#1258=EDGE_CURVE('',#1129,#1128,#1458,.T.);
#1259=EDGE_CURVE('',#1129,#1130,#1459,.T.);
#1260=EDGE_CURVE('',#1131,#1130,#1460,.T.);
#1261=EDGE_CURVE('',#1131,#1132,#1461,.T.);
#1262=EDGE_CURVE('',#1133,#1132,#1462,.T.);
#1263=EDGE_CURVE('',#1133,#1134,#1463,.T.);
#1264=EDGE_CURVE('',#1135,#1134,#1464,.T.);
#1265=EDGE_CURVE('',#1135,#1113,#558,.T.);
#1266=EDGE_CURVE('',#1136,#1137,#1465,.T.);
#1267=EDGE_CURVE('',#1138,#1136,#1466,.T.);
#1268=EDGE_CURVE('',#1139,#1138,#1467,.T.);
#1269=EDGE_CURVE('',#1137,#1139,#1468,.T.);
#1270=EDGE_CURVE('',#1140,#1141,#1469,.T.);
#1271=EDGE_CURVE('',#1140,#1142,#1470,.T.);
#1272=EDGE_CURVE('',#1142,#1143,#1471,.T.);
#1273=EDGE_CURVE('',#1141,#1143,#1472,.T.);
#1274=EDGE_CURVE('',#1144,#1145,#1473,.T.);
#1275=EDGE_CURVE('',#1146,#1144,#1474,.T.);
#1276=EDGE_CURVE('',#1147,#1146,#1475,.T.);
#1277=EDGE_CURVE('',#1145,#1147,#1476,.T.);
#1278=EDGE_CURVE('',#1148,#1149,#559,.T.);
#1279=EDGE_CURVE('',#1149,#1150,#1477,.T.);
#1280=EDGE_CURVE('',#1150,#1151,#560,.T.);
#1281=EDGE_CURVE('',#1151,#1152,#1478,.T.);
#1282=EDGE_CURVE('',#1152,#1153,#561,.T.);
#1283=EDGE_CURVE('',#1154,#1153,#1479,.T.);
#1284=EDGE_CURVE('',#1155,#1154,#562,.T.);
#1285=EDGE_CURVE('',#1148,#1155,#1480,.T.);
#1286=EDGE_CURVE('',#1156,#1156,#563,.T.);
#1287=EDGE_CURVE('',#1126,#1157,#1481,.T.);
#1288=EDGE_CURVE('',#1157,#1158,#1482,.T.);
#1289=EDGE_CURVE('',#1158,#1159,#1483,.T.);
#1290=EDGE_CURVE('',#1159,#1160,#1484,.T.);
#1291=EDGE_CURVE('',#1160,#1135,#1485,.T.);
#1292=EDGE_CURVE('',#1134,#1131,#564,.T.);
#1293=EDGE_CURVE('',#1130,#1127,#565,.T.);
#1294=EDGE_CURVE('',#1161,#1125,#1486,.T.);
#1295=EDGE_CURVE('',#1161,#1157,#566,.T.);
#1296=EDGE_CURVE('',#1162,#1163,#567,.T.);
#1297=EDGE_CURVE('',#1163,#1164,#1487,.T.);
#1298=EDGE_CURVE('',#1164,#1165,#1488,.T.);
#1299=EDGE_CURVE('',#1165,#1166,#1489,.T.);
#1300=EDGE_CURVE('',#1166,#1167,#1490,.T.);
#1301=EDGE_CURVE('',#1167,#1168,#1491,.T.);
#1302=EDGE_CURVE('',#1168,#1162,#1492,.T.);
#1303=EDGE_CURVE('',#1169,#1170,#1493,.T.);
#1304=EDGE_CURVE('',#1170,#1161,#1494,.T.);
#1305=EDGE_CURVE('',#1124,#1171,#1495,.T.);
#1306=EDGE_CURVE('',#1171,#1169,#1496,.T.);
#1307=EDGE_CURVE('',#1114,#1172,#1497,.T.);
#1308=EDGE_CURVE('',#1172,#1173,#1498,.T.);
#1309=EDGE_CURVE('',#1173,#1123,#1499,.T.);
#1310=EDGE_CURVE('',#1119,#1122,#568,.T.);
#1311=EDGE_CURVE('',#1115,#1118,#569,.T.);
#1312=EDGE_CURVE('',#1174,#1175,#1500,.T.);
#1313=EDGE_CURVE('',#1175,#1112,#1501,.T.);
#1314=EDGE_CURVE('',#1113,#1174,#1502,.T.);
#1315=EDGE_CURVE('',#1133,#1132,#570,.T.);
#1316=EDGE_CURVE('',#1129,#1128,#571,.T.);
#1317=EDGE_CURVE('',#1116,#1117,#572,.T.);
#1318=EDGE_CURVE('',#1120,#1121,#573,.T.);
#1319=EDGE_CURVE('',#1172,#1166,#574,.T.);
#1320=EDGE_CURVE('',#1165,#1173,#575,.T.);
#1321=EDGE_CURVE('',#1159,#1168,#576,.T.);
#1322=EDGE_CURVE('',#1167,#1160,#577,.T.);
#1323=EDGE_CURVE('',#1171,#1173,#578,.T.);
#1324=EDGE_CURVE('',#1171,#1165,#579,.T.);
#1325=EDGE_CURVE('',#1164,#1169,#580,.T.);
#1326=EDGE_CURVE('',#1174,#1160,#581,.T.);
#1327=EDGE_CURVE('',#1174,#1167,#582,.T.);
#1328=EDGE_CURVE('',#1175,#1166,#583,.T.);
#1329=EDGE_CURVE('',#1175,#1172,#584,.T.);
#1330=EDGE_CURVE('',#1176,#1137,#1503,.T.);
#1331=EDGE_CURVE('',#1176,#1177,#1504,.T.);
#1332=EDGE_CURVE('',#1178,#1177,#1505,.T.);
#1333=EDGE_CURVE('',#1178,#1179,#1506,.T.);
#1334=EDGE_CURVE('',#1179,#1136,#1507,.T.);
#1335=EDGE_CURVE('',#1180,#1139,#1508,.T.);
#1336=EDGE_CURVE('',#1180,#1176,#1509,.T.);
#1337=EDGE_CURVE('',#1181,#1182,#1510,.T.);
#1338=EDGE_CURVE('',#1181,#1180,#1511,.T.);
#1339=EDGE_CURVE('',#1183,#1138,#1512,.T.);
#1340=EDGE_CURVE('',#1183,#1182,#1513,.T.);
#1341=EDGE_CURVE('',#1179,#1183,#1514,.T.);
#1342=EDGE_CURVE('',#1177,#1181,#1515,.T.);
#1343=EDGE_CURVE('',#1182,#1178,#1516,.T.);
#1344=EDGE_CURVE('',#1184,#1109,#1517,.T.);
#1345=EDGE_CURVE('',#1184,#1185,#1518,.T.);
#1346=EDGE_CURVE('',#1185,#1186,#1519,.T.);
#1347=EDGE_CURVE('',#1186,#1187,#1520,.T.);
#1348=EDGE_CURVE('',#1187,#1110,#1521,.T.);
#1349=EDGE_CURVE('',#1187,#1188,#1522,.T.);
#1350=EDGE_CURVE('',#1188,#1111,#1523,.T.);
#1351=EDGE_CURVE('',#1189,#1190,#1524,.T.);
#1352=EDGE_CURVE('',#1190,#1191,#1525,.T.);
#1353=EDGE_CURVE('',#1191,#1108,#1526,.T.);
#1354=EDGE_CURVE('',#1188,#1189,#1527,.T.);
#1355=EDGE_CURVE('',#1191,#1184,#1528,.T.);
#1356=EDGE_CURVE('',#1185,#1190,#1529,.T.);
#1357=EDGE_CURVE('',#1189,#1186,#1530,.T.);
#1358=EDGE_CURVE('',#1192,#1105,#1531,.T.);
#1359=EDGE_CURVE('',#1192,#1193,#1532,.T.);
#1360=EDGE_CURVE('',#1193,#1194,#1533,.T.);
#1361=EDGE_CURVE('',#1194,#1195,#1534,.T.);
#1362=EDGE_CURVE('',#1195,#1106,#1535,.T.);
#1363=EDGE_CURVE('',#1195,#1196,#1536,.T.);
#1364=EDGE_CURVE('',#1196,#1107,#1537,.T.);
#1365=EDGE_CURVE('',#1197,#1198,#1538,.T.);
#1366=EDGE_CURVE('',#1198,#1199,#1539,.T.);
#1367=EDGE_CURVE('',#1199,#1104,#1540,.T.);
#1368=EDGE_CURVE('',#1196,#1197,#1541,.T.);
#1369=EDGE_CURVE('',#1199,#1192,#1542,.T.);
#1370=EDGE_CURVE('',#1193,#1198,#1543,.T.);
#1371=EDGE_CURVE('',#1197,#1194,#1544,.T.);
#1372=EDGE_CURVE('',#1200,#1101,#1545,.T.);
#1373=EDGE_CURVE('',#1200,#1201,#1546,.T.);
#1374=EDGE_CURVE('',#1201,#1202,#1547,.T.);
#1375=EDGE_CURVE('',#1202,#1203,#1548,.T.);
#1376=EDGE_CURVE('',#1203,#1102,#1549,.T.);
#1377=EDGE_CURVE('',#1203,#1204,#1550,.T.);
#1378=EDGE_CURVE('',#1204,#1103,#1551,.T.);
#1379=EDGE_CURVE('',#1205,#1206,#1552,.T.);
#1380=EDGE_CURVE('',#1206,#1207,#1553,.T.);
#1381=EDGE_CURVE('',#1207,#1100,#1554,.T.);
#1382=EDGE_CURVE('',#1204,#1205,#1555,.T.);
#1383=EDGE_CURVE('',#1207,#1200,#1556,.T.);
#1384=EDGE_CURVE('',#1201,#1206,#1557,.T.);
#1385=EDGE_CURVE('',#1205,#1202,#1558,.T.);
#1386=EDGE_CURVE('',#1208,#1154,#1559,.T.);
#1387=EDGE_CURVE('',#1208,#1209,#585,.T.);
#1388=EDGE_CURVE('',#1209,#1155,#1560,.T.);
#1389=EDGE_CURVE('',#1209,#1210,#1561,.T.);
#1390=EDGE_CURVE('',#1210,#1211,#586,.T.);
#1391=EDGE_CURVE('',#1211,#1148,#1562,.T.);
#1392=EDGE_CURVE('',#1153,#1212,#1563,.T.);
#1393=EDGE_CURVE('',#1212,#1213,#587,.T.);
#1394=EDGE_CURVE('',#1213,#1208,#1564,.T.);
#1395=EDGE_CURVE('',#1159,#1211,#588,.T.);
#1396=EDGE_CURVE('',#1158,#1149,#313,.T.);
#1397=EDGE_CURVE('',#1168,#1210,#589,.T.);
#1398=EDGE_CURVE('',#1162,#1209,#590,.T.);
#1399=EDGE_CURVE('',#1163,#1208,#591,.T.);
#1400=EDGE_CURVE('',#1164,#1213,#592,.T.);
#1401=EDGE_CURVE('',#1169,#1212,#593,.T.);
#1402=EDGE_CURVE('',#1152,#1170,#314,.T.);
#1403=EDGE_CURVE('',#1161,#1151,#594,.T.);
#1404=EDGE_CURVE('',#1157,#1150,#595,.T.);
#1405=EDGE_CURVE('',#1140,#1214,#1565,.T.);
#1406=EDGE_CURVE('',#1214,#1215,#1566,.T.);
#1407=EDGE_CURVE('',#1142,#1215,#1567,.T.);
#1408=EDGE_CURVE('',#1216,#1217,#1568,.T.);
#1409=EDGE_CURVE('',#1217,#1218,#1569,.T.);
#1410=EDGE_CURVE('',#1143,#1218,#1570,.T.);
#1411=EDGE_CURVE('',#1215,#1216,#1571,.T.);
#1412=EDGE_CURVE('',#1218,#1219,#1572,.T.);
#1413=EDGE_CURVE('',#1141,#1219,#1573,.T.);
#1414=EDGE_CURVE('',#1219,#1220,#1574,.T.);
#1415=EDGE_CURVE('',#1221,#1220,#1575,.T.);
#1416=EDGE_CURVE('',#1221,#1214,#1576,.T.);
#1417=EDGE_CURVE('',#1220,#1217,#1577,.T.);
#1418=EDGE_CURVE('',#1216,#1221,#1578,.T.);
#1419=EDGE_CURVE('',#1222,#1145,#1579,.T.);
#1420=EDGE_CURVE('',#1222,#1223,#1580,.T.);
#1421=EDGE_CURVE('',#1224,#1223,#1581,.T.);
#1422=EDGE_CURVE('',#1224,#1225,#1582,.T.);
#1423=EDGE_CURVE('',#1225,#1144,#1583,.T.);
#1424=EDGE_CURVE('',#1226,#1147,#1584,.T.);
#1425=EDGE_CURVE('',#1226,#1222,#1585,.T.);
#1426=EDGE_CURVE('',#1227,#1228,#1586,.T.);
#1427=EDGE_CURVE('',#1227,#1226,#1587,.T.);
#1428=EDGE_CURVE('',#1229,#1146,#1588,.T.);
#1429=EDGE_CURVE('',#1229,#1228,#1589,.T.);
#1430=EDGE_CURVE('',#1225,#1229,#1590,.T.);
#1431=EDGE_CURVE('',#1223,#1227,#1591,.T.);
#1432=EDGE_CURVE('',#1228,#1224,#1592,.T.);
#1433=LINE('',#2289,#1593);
#1434=LINE('',#2292,#1594);
#1435=LINE('',#2294,#1595);
#1436=LINE('',#2296,#1596);
#1437=LINE('',#2297,#1597);
#1438=LINE('',#2300,#1598);
#1439=LINE('',#2302,#1599);
#1440=LINE('',#2304,#1600);
#1441=LINE('',#2305,#1601);
#1442=LINE('',#2308,#1602);
#1443=LINE('',#2310,#1603);
#1444=LINE('',#2312,#1604);
#1445=LINE('',#2313,#1605);
#1446=LINE('',#2318,#1606);
#1447=LINE('',#2320,#1607);
#1448=LINE('',#2322,#1608);
#1449=LINE('',#2324,#1609);
#1450=LINE('',#2326,#1610);
#1451=LINE('',#2328,#1611);
#1452=LINE('',#2330,#1612);
#1453=LINE('',#2332,#1613);
#1454=LINE('',#2334,#1614);
#1455=LINE('',#2338,#1615);
#1456=LINE('',#2342,#1616);
#1457=LINE('',#2344,#1617);
#1458=LINE('',#2346,#1618);
#1459=LINE('',#2348,#1619);
#1460=LINE('',#2350,#1620);
#1461=LINE('',#2352,#1621);
#1462=LINE('',#2354,#1622);
#1463=LINE('',#2356,#1623);
#1464=LINE('',#2358,#1624);
#1465=LINE('',#2361,#1625);
#1466=LINE('',#2364,#1626);
#1467=LINE('',#2366,#1627);
#1468=LINE('',#2368,#1628);
#1469=LINE('',#2369,#1629);
#1470=LINE('',#2372,#1630);
#1471=LINE('',#2374,#1631);
#1472=LINE('',#2376,#1632);
#1473=LINE('',#2377,#1633);
#1474=LINE('',#2380,#1634);
#1475=LINE('',#2382,#1635);
#1476=LINE('',#2384,#1636);
#1477=LINE('',#2389,#1637);
#1478=LINE('',#2393,#1638);
#1479=LINE('',#2397,#1639);
#1480=LINE('',#2401,#1640);
#1481=LINE('',#2405,#1641);
#1482=LINE('',#2407,#1642);
#1483=LINE('',#2409,#1643);
#1484=LINE('',#2411,#1644);
#1485=LINE('',#2413,#1645);
#1486=LINE('',#2417,#1646);
#1487=LINE('',#2424,#1647);
#1488=LINE('',#2426,#1648);
#1489=LINE('',#2428,#1649);
#1490=LINE('',#2430,#1650);
#1491=LINE('',#2432,#1651);
#1492=LINE('',#2434,#1652);
#1493=LINE('',#2436,#1653);
#1494=LINE('',#2439,#1654);
#1495=LINE('',#2440,#1655);
#1496=LINE('',#2442,#1656);
#1497=LINE('',#2444,#1657);
#1498=LINE('',#2446,#1658);
#1499=LINE('',#2448,#1659);
#1500=LINE('',#2452,#1660);
#1501=LINE('',#2455,#1661);
#1502=LINE('',#2456,#1662);
#1503=LINE('',#2491,#1663);
#1504=LINE('',#2493,#1664);
#1505=LINE('',#2495,#1665);
#1506=LINE('',#2497,#1666);
#1507=LINE('',#2499,#1667);
#1508=LINE('',#2501,#1668);
#1509=LINE('',#2503,#1669);
#1510=LINE('',#2505,#1670);
#1511=LINE('',#2508,#1671);
#1512=LINE('',#2509,#1672);
#1513=LINE('',#2511,#1673);
#1514=LINE('',#2513,#1674);
#1515=LINE('',#2515,#1675);
#1516=LINE('',#2516,#1676);
#1517=LINE('',#2518,#1677);
#1518=LINE('',#2520,#1678);
#1519=LINE('',#2522,#1679);
#1520=LINE('',#2524,#1680);
#1521=LINE('',#2526,#1681);
#1522=LINE('',#2528,#1682);
#1523=LINE('',#2530,#1683);
#1524=LINE('',#2532,#1684);
#1525=LINE('',#2535,#1685);
#1526=LINE('',#2537,#1686);
#1527=LINE('',#2538,#1687);
#1528=LINE('',#2540,#1688);
#1529=LINE('',#2542,#1689);
#1530=LINE('',#2543,#1690);
#1531=LINE('',#2549,#1691);
#1532=LINE('',#2551,#1692);
#1533=LINE('',#2553,#1693);
#1534=LINE('',#2555,#1694);
#1535=LINE('',#2557,#1695);
#1536=LINE('',#2559,#1696);
#1537=LINE('',#2561,#1697);
#1538=LINE('',#2563,#1698);
#1539=LINE('',#2566,#1699);
#1540=LINE('',#2568,#1700);
#1541=LINE('',#2569,#1701);
#1542=LINE('',#2571,#1702);
#1543=LINE('',#2573,#1703);
#1544=LINE('',#2574,#1704);
#1545=LINE('',#2576,#1705);
#1546=LINE('',#2578,#1706);
#1547=LINE('',#2580,#1707);
#1548=LINE('',#2582,#1708);
#1549=LINE('',#2584,#1709);
#1550=LINE('',#2586,#1710);
#1551=LINE('',#2588,#1711);
#1552=LINE('',#2590,#1712);
#1553=LINE('',#2593,#1713);
#1554=LINE('',#2595,#1714);
#1555=LINE('',#2596,#1715);
#1556=LINE('',#2598,#1716);
#1557=LINE('',#2600,#1717);
#1558=LINE('',#2601,#1718);
#1559=LINE('',#2607,#1719);
#1560=LINE('',#2611,#1720);
#1561=LINE('',#2613,#1721);
#1562=LINE('',#2617,#1722);
#1563=LINE('',#2619,#1723);
#1564=LINE('',#2623,#1724);
#1565=LINE('',#2691,#1725);
#1566=LINE('',#2693,#1726);
#1567=LINE('',#2695,#1727);
#1568=LINE('',#2697,#1728);
#1569=LINE('',#2700,#1729);
#1570=LINE('',#2702,#1730);
#1571=LINE('',#2703,#1731);
#1572=LINE('',#2705,#1732);
#1573=LINE('',#2707,#1733);
#1574=LINE('',#2709,#1734);
#1575=LINE('',#2711,#1735);
#1576=LINE('',#2713,#1736);
#1577=LINE('',#2715,#1737);
#1578=LINE('',#2716,#1738);
#1579=LINE('',#2720,#1739);
#1580=LINE('',#2722,#1740);
#1581=LINE('',#2724,#1741);
#1582=LINE('',#2726,#1742);
#1583=LINE('',#2728,#1743);
#1584=LINE('',#2730,#1744);
#1585=LINE('',#2732,#1745);
#1586=LINE('',#2734,#1746);
#1587=LINE('',#2737,#1747);
#1588=LINE('',#2738,#1748);
#1589=LINE('',#2740,#1749);
#1590=LINE('',#2742,#1750);
#1591=LINE('',#2744,#1751);
#1592=LINE('',#2745,#1752);
#1593=VECTOR('',#1880,1.);
#1594=VECTOR('',#1881,1.);
#1595=VECTOR('',#1882,1.);
#1596=VECTOR('',#1883,1.);
#1597=VECTOR('',#1884,1.);
#1598=VECTOR('',#1885,1.);
#1599=VECTOR('',#1886,1.);
#1600=VECTOR('',#1887,1.);
#1601=VECTOR('',#1888,1.);
#1602=VECTOR('',#1889,1.);
#1603=VECTOR('',#1890,1.);
#1604=VECTOR('',#1891,1.);
#1605=VECTOR('',#1892,1.);
#1606=VECTOR('',#1895,1.);
#1607=VECTOR('',#1896,1.);
#1608=VECTOR('',#1897,1.);
#1609=VECTOR('',#1898,1.);
#1610=VECTOR('',#1899,1.);
#1611=VECTOR('',#1900,1.);
#1612=VECTOR('',#1901,1.);
#1613=VECTOR('',#1902,1.);
#1614=VECTOR('',#1903,1.);
#1615=VECTOR('',#1906,1.);
#1616=VECTOR('',#1909,1.);
#1617=VECTOR('',#1910,1.);
#1618=VECTOR('',#1911,1.);
#1619=VECTOR('',#1912,1.);
#1620=VECTOR('',#1913,1.);
#1621=VECTOR('',#1914,1.);
#1622=VECTOR('',#1915,1.);
#1623=VECTOR('',#1916,1.);
#1624=VECTOR('',#1917,1.);
#1625=VECTOR('',#1920,1.);
#1626=VECTOR('',#1921,1.);
#1627=VECTOR('',#1922,1.);
#1628=VECTOR('',#1923,1.);
#1629=VECTOR('',#1924,1.);
#1630=VECTOR('',#1925,1.);
#1631=VECTOR('',#1926,1.);
#1632=VECTOR('',#1927,1.);
#1633=VECTOR('',#1928,1.);
#1634=VECTOR('',#1929,1.);
#1635=VECTOR('',#1930,1.);
#1636=VECTOR('',#1931,1.);
#1637=VECTOR('',#1936,1.);
#1638=VECTOR('',#1939,1.);
#1639=VECTOR('',#1942,1.);
#1640=VECTOR('',#1945,1.);
#1641=VECTOR('',#1950,1.);
#1642=VECTOR('',#1951,1.);
#1643=VECTOR('',#1952,1.);
#1644=VECTOR('',#1953,1.);
#1645=VECTOR('',#1954,1.);
#1646=VECTOR('',#1961,1.);
#1647=VECTOR('',#1968,1.);
#1648=VECTOR('',#1969,1.);
#1649=VECTOR('',#1970,1.);
#1650=VECTOR('',#1971,1.);
#1651=VECTOR('',#1972,1.);
#1652=VECTOR('',#1973,1.);
#1653=VECTOR('',#1976,1.);
#1654=VECTOR('',#1977,1.);
#1655=VECTOR('',#1978,1.);
#1656=VECTOR('',#1979,1.);
#1657=VECTOR('',#1982,1.);
#1658=VECTOR('',#1983,1.);
#1659=VECTOR('',#1984,1.);
#1660=VECTOR('',#1991,1.);
#1661=VECTOR('',#1992,1.);
#1662=VECTOR('',#1993,1.);
#1663=VECTOR('',#2062,1.);
#1664=VECTOR('',#2063,1.);
#1665=VECTOR('',#2064,1.);
#1666=VECTOR('',#2065,1.);
#1667=VECTOR('',#2066,1.);
#1668=VECTOR('',#2069,1.);
#1669=VECTOR('',#2070,1.);
#1670=VECTOR('',#2073,1.);
#1671=VECTOR('',#2074,1.);
#1672=VECTOR('',#2075,1.);
#1673=VECTOR('',#2076,1.);
#1674=VECTOR('',#2079,1.);
#1675=VECTOR('',#2082,1.);
#1676=VECTOR('',#2083,1.);
#1677=VECTOR('',#2086,1.);
#1678=VECTOR('',#2087,1.);
#1679=VECTOR('',#2088,1.);
#1680=VECTOR('',#2089,1.);
#1681=VECTOR('',#2090,1.);
#1682=VECTOR('',#2093,1.);
#1683=VECTOR('',#2094,1.);
#1684=VECTOR('',#2097,1.);
#1685=VECTOR('',#2098,1.);
#1686=VECTOR('',#2099,1.);
#1687=VECTOR('',#2100,1.);
#1688=VECTOR('',#2103,1.);
#1689=VECTOR('',#2106,1.);
#1690=VECTOR('',#2107,1.);
#1691=VECTOR('',#2118,1.);
#1692=VECTOR('',#2119,1.);
#1693=VECTOR('',#2120,1.);
#1694=VECTOR('',#2121,1.);
#1695=VECTOR('',#2122,1.);
#1696=VECTOR('',#2125,1.);
#1697=VECTOR('',#2126,1.);
#1698=VECTOR('',#2129,1.);
#1699=VECTOR('',#2130,1.);
#1700=VECTOR('',#2131,1.);
#1701=VECTOR('',#2132,1.);
#1702=VECTOR('',#2135,1.);
#1703=VECTOR('',#2138,1.);
#1704=VECTOR('',#2139,1.);
#1705=VECTOR('',#2142,1.);
#1706=VECTOR('',#2143,1.);
#1707=VECTOR('',#2144,1.);
#1708=VECTOR('',#2145,1.);
#1709=VECTOR('',#2146,1.);
#1710=VECTOR('',#2149,1.);
#1711=VECTOR('',#2150,1.);
#1712=VECTOR('',#2153,1.);
#1713=VECTOR('',#2154,1.);
#1714=VECTOR('',#2155,1.);
#1715=VECTOR('',#2156,1.);
#1716=VECTOR('',#2159,1.);
#1717=VECTOR('',#2162,1.);
#1718=VECTOR('',#2163,1.);
#1719=VECTOR('',#2174,1.);
#1720=VECTOR('',#2177,1.);
#1721=VECTOR('',#2180,1.);
#1722=VECTOR('',#2183,1.);
#1723=VECTOR('',#2186,1.);
#1724=VECTOR('',#2189,1.);
#1725=VECTOR('',#2228,1.);
#1726=VECTOR('',#2229,1.);
#1727=VECTOR('',#2230,1.);
#1728=VECTOR('',#2233,1.);
#1729=VECTOR('',#2234,1.);
#1730=VECTOR('',#2235,1.);
#1731=VECTOR('',#2236,1.);
#1732=VECTOR('',#2239,1.);
#1733=VECTOR('',#2240,1.);
#1734=VECTOR('',#2243,1.);
#1735=VECTOR('',#2244,1.);
#1736=VECTOR('',#2245,1.);
#1737=VECTOR('',#2248,1.);
#1738=VECTOR('',#2249,1.);
#1739=VECTOR('',#2256,1.);
#1740=VECTOR('',#2257,1.);
#1741=VECTOR('',#2258,1.);
#1742=VECTOR('',#2259,1.);
#1743=VECTOR('',#2260,1.);
#1744=VECTOR('',#2263,1.);
#1745=VECTOR('',#2264,1.);
#1746=VECTOR('',#2267,1.);
#1747=VECTOR('',#2268,1.);
#1748=VECTOR('',#2269,1.);
#1749=VECTOR('',#2270,1.);
#1750=VECTOR('',#2273,1.);
#1751=VECTOR('',#2276,1.);
#1752=VECTOR('',#2277,1.);
#1753=AXIS2_PLACEMENT_3D('',#2288,#1878,#1879);
#1754=AXIS2_PLACEMENT_3D('',#2316,#1893,#1894);
#1755=AXIS2_PLACEMENT_3D('',#2336,#1904,#1905);
#1756=AXIS2_PLACEMENT_3D('',#2340,#1907,#1908);
#1757=AXIS2_PLACEMENT_3D('',#2360,#1918,#1919);
#1758=AXIS2_PLACEMENT_3D('',#2385,#1932,#1933);
#1759=AXIS2_PLACEMENT_3D('',#2386,#1934,#1935);
#1760=AXIS2_PLACEMENT_3D('',#2391,#1937,#1938);
#1761=AXIS2_PLACEMENT_3D('',#2395,#1940,#1941);
#1762=AXIS2_PLACEMENT_3D('',#2399,#1943,#1944);
#1763=AXIS2_PLACEMENT_3D('',#2402,#1946,#1947);
#1764=AXIS2_PLACEMENT_3D('',#2404,#1948,#1949);
#1765=AXIS2_PLACEMENT_3D('',#2414,#1955,#1956);
#1766=AXIS2_PLACEMENT_3D('',#2415,#1957,#1958);
#1767=AXIS2_PLACEMENT_3D('',#2416,#1959,#1960);
#1768=AXIS2_PLACEMENT_3D('',#2419,#1962,#1963);
#1769=AXIS2_PLACEMENT_3D('',#2420,#1964,#1965);
#1770=AXIS2_PLACEMENT_3D('',#2421,#1966,#1967);
#1771=AXIS2_PLACEMENT_3D('',#2435,#1974,#1975);
#1772=AXIS2_PLACEMENT_3D('',#2443,#1980,#1981);
#1773=AXIS2_PLACEMENT_3D('',#2449,#1985,#1986);
#1774=AXIS2_PLACEMENT_3D('',#2450,#1987,#1988);
#1775=AXIS2_PLACEMENT_3D('',#2451,#1989,#1990);
#1776=AXIS2_PLACEMENT_3D('',#2457,#1994,#1995);
#1777=AXIS2_PLACEMENT_3D('',#2458,#1996,#1997);
#1778=AXIS2_PLACEMENT_3D('',#2459,#1998,#1999);
#1779=AXIS2_PLACEMENT_3D('',#2460,#2000,#2001);
#1780=AXIS2_PLACEMENT_3D('',#2461,#2002,#2003);
#1781=AXIS2_PLACEMENT_3D('',#2462,#2004,#2005);
#1782=AXIS2_PLACEMENT_3D('',#2463,#2006,#2007);
#1783=AXIS2_PLACEMENT_3D('',#2464,#2008,#2009);
#1784=AXIS2_PLACEMENT_3D('',#2465,#2010,#2011);
#1785=AXIS2_PLACEMENT_3D('',#2466,#2012,#2013);
#1786=AXIS2_PLACEMENT_3D('',#2467,#2014,#2015);
#1787=AXIS2_PLACEMENT_3D('',#2468,#2016,#2017);
#1788=AXIS2_PLACEMENT_3D('',#2469,#2018,#2019);
#1789=AXIS2_PLACEMENT_3D('',#2470,#2020,#2021);
#1790=AXIS2_PLACEMENT_3D('',#2471,#2022,#2023);
#1791=AXIS2_PLACEMENT_3D('',#2472,#2024,#2025);
#1792=AXIS2_PLACEMENT_3D('',#2473,#2026,#2027);
#1793=AXIS2_PLACEMENT_3D('',#2474,#2028,#2029);
#1794=AXIS2_PLACEMENT_3D('',#2475,#2030,#2031);
#1795=AXIS2_PLACEMENT_3D('',#2476,#2032,#2033);
#1796=AXIS2_PLACEMENT_3D('',#2477,#2034,#2035);
#1797=AXIS2_PLACEMENT_3D('',#2478,#2036,#2037);
#1798=AXIS2_PLACEMENT_3D('',#2479,#2038,#2039);
#1799=AXIS2_PLACEMENT_3D('',#2480,#2040,#2041);
#1800=AXIS2_PLACEMENT_3D('',#2481,#2042,#2043);
#1801=AXIS2_PLACEMENT_3D('',#2482,#2044,#2045);
#1802=AXIS2_PLACEMENT_3D('',#2483,#2046,#2047);
#1803=AXIS2_PLACEMENT_3D('',#2484,#2048,#2049);
#1804=AXIS2_PLACEMENT_3D('',#2485,#2050,#2051);
#1805=AXIS2_PLACEMENT_3D('',#2486,#2052,#2053);
#1806=AXIS2_PLACEMENT_3D('',#2487,#2054,#2055);
#1807=AXIS2_PLACEMENT_3D('',#2488,#2056,#2057);
#1808=AXIS2_PLACEMENT_3D('',#2489,#2058,#2059);
#1809=AXIS2_PLACEMENT_3D('',#2490,#2060,#2061);
#1810=AXIS2_PLACEMENT_3D('',#2500,#2067,#2068);
#1811=AXIS2_PLACEMENT_3D('',#2504,#2071,#2072);
#1812=AXIS2_PLACEMENT_3D('',#2512,#2077,#2078);
#1813=AXIS2_PLACEMENT_3D('',#2514,#2080,#2081);
#1814=AXIS2_PLACEMENT_3D('',#2517,#2084,#2085);
#1815=AXIS2_PLACEMENT_3D('',#2527,#2091,#2092);
#1816=AXIS2_PLACEMENT_3D('',#2531,#2095,#2096);
#1817=AXIS2_PLACEMENT_3D('',#2539,#2101,#2102);
#1818=AXIS2_PLACEMENT_3D('',#2541,#2104,#2105);
#1819=AXIS2_PLACEMENT_3D('',#2544,#2108,#2109);
#1820=AXIS2_PLACEMENT_3D('',#2545,#2110,#2111);
#1821=AXIS2_PLACEMENT_3D('',#2546,#2112,#2113);
#1822=AXIS2_PLACEMENT_3D('',#2547,#2114,#2115);
#1823=AXIS2_PLACEMENT_3D('',#2548,#2116,#2117);
#1824=AXIS2_PLACEMENT_3D('',#2558,#2123,#2124);
#1825=AXIS2_PLACEMENT_3D('',#2562,#2127,#2128);
#1826=AXIS2_PLACEMENT_3D('',#2570,#2133,#2134);
#1827=AXIS2_PLACEMENT_3D('',#2572,#2136,#2137);
#1828=AXIS2_PLACEMENT_3D('',#2575,#2140,#2141);
#1829=AXIS2_PLACEMENT_3D('',#2585,#2147,#2148);
#1830=AXIS2_PLACEMENT_3D('',#2589,#2151,#2152);
#1831=AXIS2_PLACEMENT_3D('',#2597,#2157,#2158);
#1832=AXIS2_PLACEMENT_3D('',#2599,#2160,#2161);
#1833=AXIS2_PLACEMENT_3D('',#2602,#2164,#2165);
#1834=AXIS2_PLACEMENT_3D('',#2603,#2166,#2167);
#1835=AXIS2_PLACEMENT_3D('',#2604,#2168,#2169);
#1836=AXIS2_PLACEMENT_3D('',#2605,#2170,#2171);
#1837=AXIS2_PLACEMENT_3D('',#2606,#2172,#2173);
#1838=AXIS2_PLACEMENT_3D('',#2609,#2175,#2176);
#1839=AXIS2_PLACEMENT_3D('',#2612,#2178,#2179);
#1840=AXIS2_PLACEMENT_3D('',#2615,#2181,#2182);
#1841=AXIS2_PLACEMENT_3D('',#2618,#2184,#2185);
#1842=AXIS2_PLACEMENT_3D('',#2621,#2187,#2188);
#1843=AXIS2_PLACEMENT_3D('',#2624,#2190,#2191);
#1844=AXIS2_PLACEMENT_3D('',#2625,#2192,#2193);
#1845=AXIS2_PLACEMENT_3D('',#2642,#2194,#2195);
#1846=AXIS2_PLACEMENT_3D('',#2643,#2196,#2197);
#1847=AXIS2_PLACEMENT_3D('',#2660,#2198,#2199);
#1848=AXIS2_PLACEMENT_3D('',#2661,#2200,#2201);
#1849=AXIS2_PLACEMENT_3D('',#2662,#2202,#2203);
#1850=AXIS2_PLACEMENT_3D('',#2663,#2204,#2205);
#1851=AXIS2_PLACEMENT_3D('',#2664,#2206,#2207);
#1852=AXIS2_PLACEMENT_3D('',#2665,#2208,#2209);
#1853=AXIS2_PLACEMENT_3D('',#2666,#2210,#2211);
#1854=AXIS2_PLACEMENT_3D('',#2667,#2212,#2213);
#1855=AXIS2_PLACEMENT_3D('',#2684,#2214,#2215);
#1856=AXIS2_PLACEMENT_3D('',#2685,#2216,#2217);
#1857=AXIS2_PLACEMENT_3D('',#2686,#2218,#2219);
#1858=AXIS2_PLACEMENT_3D('',#2687,#2220,#2221);
#1859=AXIS2_PLACEMENT_3D('',#2688,#2222,#2223);
#1860=AXIS2_PLACEMENT_3D('',#2689,#2224,#2225);
#1861=AXIS2_PLACEMENT_3D('',#2690,#2226,#2227);
#1862=AXIS2_PLACEMENT_3D('',#2696,#2231,#2232);
#1863=AXIS2_PLACEMENT_3D('',#2704,#2237,#2238);
#1864=AXIS2_PLACEMENT_3D('',#2708,#2241,#2242);
#1865=AXIS2_PLACEMENT_3D('',#2714,#2246,#2247);
#1866=AXIS2_PLACEMENT_3D('',#2717,#2250,#2251);
#1867=AXIS2_PLACEMENT_3D('',#2718,#2252,#2253);
#1868=AXIS2_PLACEMENT_3D('',#2719,#2254,#2255);
#1869=AXIS2_PLACEMENT_3D('',#2729,#2261,#2262);
#1870=AXIS2_PLACEMENT_3D('',#2733,#2265,#2266);
#1871=AXIS2_PLACEMENT_3D('',#2741,#2271,#2272);
#1872=AXIS2_PLACEMENT_3D('',#2743,#2274,#2275);
#1873=AXIS2_PLACEMENT_3D('',#2746,#2278,#2279);
#1874=AXIS2_PLACEMENT_3D('',#2747,#2280,#2281);
#1875=AXIS2_PLACEMENT_3D('',#2748,#2282,#2283);
#1876=AXIS2_PLACEMENT_3D('',#2749,#2284,#2285);
#1877=AXIS2_PLACEMENT_3D('',#2750,#2286,#2287);
#1878=DIRECTION('',(0.,0.,1.));
#1879=DIRECTION('',(1.,0.,0.));
#1880=DIRECTION('',(-1.,-1.40016966275271E-013,0.));
#1881=DIRECTION('',(-1.38777878078145E-013,1.,0.));
#1882=DIRECTION('',(1.,1.40016966275271E-013,0.));
#1883=DIRECTION('',(1.38777878078145E-013,-1.,0.));
#1884=DIRECTION('',(-1.,1.40016966275271E-013,0.));
#1885=DIRECTION('',(1.38777878078145E-013,1.,0.));
#1886=DIRECTION('',(1.,-1.40016966275271E-013,0.));
#1887=DIRECTION('',(-1.38777878078145E-013,-1.,0.));
#1888=DIRECTION('',(-1.,1.40223480974792E-013,0.));
#1889=DIRECTION('',(1.27502175484295E-013,1.,0.));
#1890=DIRECTION('',(1.,1.40223480974789E-013,0.));
#1891=DIRECTION('',(-1.40512601554098E-013,-1.,0.));
#1892=DIRECTION('',(0.,1.,0.));
#1893=DIRECTION('',(0.,0.,1.));
#1894=DIRECTION('',(-0.999999999999998,0.,0.));
#1895=DIRECTION('',(-1.,0.,0.));
#1896=DIRECTION('',(0.,1.,0.));
#1897=DIRECTION('',(1.,0.,0.));
#1898=DIRECTION('',(0.,-1.,0.));
#1899=DIRECTION('',(-1.,0.,0.));
#1900=DIRECTION('',(0.,1.,0.));
#1901=DIRECTION('',(1.,0.,0.));
#1902=DIRECTION('',(0.,-1.,0.));
#1903=DIRECTION('',(-1.,0.,0.));
#1904=DIRECTION('',(0.,0.,1.));
#1905=DIRECTION('',(-0.999999999999998,0.,0.));
#1906=DIRECTION('',(0.,-1.,0.));
#1907=DIRECTION('',(0.,0.,1.));
#1908=DIRECTION('',(-0.999999999999998,0.,0.));
#1909=DIRECTION('',(1.,0.,0.));
#1910=DIRECTION('',(0.,-1.,0.));
#1911=DIRECTION('',(1.,0.,0.));
#1912=DIRECTION('',(0.,1.,0.));
#1913=DIRECTION('',(1.,0.,0.));
#1914=DIRECTION('',(0.,-1.,0.));
#1915=DIRECTION('',(1.,0.,0.));
#1916=DIRECTION('',(0.,1.,0.));
#1917=DIRECTION('',(1.,0.,0.));
#1918=DIRECTION('',(0.,0.,1.));
#1919=DIRECTION('',(-0.999999999999998,0.,0.));
#1920=DIRECTION('',(1.27502175484295E-013,-1.,0.));
#1921=DIRECTION('',(-1.,-1.40223480974792E-013,0.));
#1922=DIRECTION('',(-1.40512601554098E-013,1.,0.));
#1923=DIRECTION('',(1.,-1.40223480974789E-013,0.));
#1924=DIRECTION('',(1.,0.,0.));
#1925=DIRECTION('',(0.,1.,0.));
#1926=DIRECTION('',(1.,0.,0.));
#1927=DIRECTION('',(0.,1.,0.));
#1928=DIRECTION('',(-1.,-2.79290479632266E-013,0.));
#1929=DIRECTION('',(-2.77555756156289E-013,1.,0.));
#1930=DIRECTION('',(1.,2.79290479632266E-013,0.));
#1931=DIRECTION('',(2.77555756156289E-013,-1.,0.));
#1932=DIRECTION('',(0.,0.,-1.));
#1933=DIRECTION('',(1.,0.,0.));
#1934=DIRECTION('',(0.,0.,1.));
#1935=DIRECTION('',(-1.,0.,0.));
#1936=DIRECTION('',(1.,0.,0.));
#1937=DIRECTION('',(0.,0.,-1.));
#1938=DIRECTION('',(-1.,0.,0.));
#1939=DIRECTION('',(0.,-1.,0.));
#1940=DIRECTION('',(0.,0.,1.));
#1941=DIRECTION('',(-1.,0.,0.));
#1942=DIRECTION('',(1.,2.34910470705193E-015,0.));
#1943=DIRECTION('',(0.,0.,1.));
#1944=DIRECTION('',(1.,0.,0.));
#1945=DIRECTION('',(7.22801448323668E-016,-1.,0.));
#1946=DIRECTION('',(0.,0.,1.));
#1947=DIRECTION('',(-1.,0.,0.));
#1948=DIRECTION('',(0.,0.,-1.));
#1949=DIRECTION('',(-1.,0.,0.));
#1950=DIRECTION('',(0.,0.,-1.));
#1951=DIRECTION('',(-1.,0.,0.));
#1952=DIRECTION('',(0.,0.,-1.));
#1953=DIRECTION('',(-1.,0.,0.));
#1954=DIRECTION('',(0.,0.,1.));
#1955=DIRECTION('',(0.,1.,0.));
#1956=DIRECTION('',(-1.,0.,0.));
#1957=DIRECTION('',(0.,1.,0.));
#1958=DIRECTION('',(-1.,0.,0.));
#1959=DIRECTION('',(0.,1.,0.));
#1960=DIRECTION('',(0.,0.,-1.));
#1961=DIRECTION('',(0.,0.,1.));
#1962=DIRECTION('',(0.,0.,1.));
#1963=DIRECTION('',(-0.999999999999998,0.,0.));
#1964=DIRECTION('',(0.,0.,-1.));
#1965=DIRECTION('',(0.999999999999998,0.,0.));
#1966=DIRECTION('',(0.,0.,1.));
#1967=DIRECTION('',(-1.,0.,0.));
#1968=DIRECTION('',(1.,2.34910470705193E-015,0.));
#1969=DIRECTION('',(0.,-1.,0.));
#1970=DIRECTION('',(-1.,0.,0.));
#1971=DIRECTION('',(0.,1.,0.));
#1972=DIRECTION('',(1.,0.,0.));
#1973=DIRECTION('',(7.22801448323668E-016,-1.,0.));
#1974=DIRECTION('',(0.,0.,-1.));
#1975=DIRECTION('',(1.,0.,0.));
#1976=DIRECTION('',(0.,0.,1.));
#1977=DIRECTION('',(0.,1.,0.));
#1978=DIRECTION('',(0.,0.,-1.));
#1979=DIRECTION('',(0.,1.,0.));
#1980=DIRECTION('',(1.,0.,0.));
#1981=DIRECTION('',(0.,0.,1.));
#1982=DIRECTION('',(0.,0.,-1.));
#1983=DIRECTION('',(1.,0.,0.));
#1984=DIRECTION('',(0.,0.,1.));
#1985=DIRECTION('',(0.,1.,0.));
#1986=DIRECTION('',(-1.,0.,0.));
#1987=DIRECTION('',(0.,1.,0.));
#1988=DIRECTION('',(-1.,0.,0.));
#1989=DIRECTION('',(0.,-1.,0.));
#1990=DIRECTION('',(0.,0.,1.));
#1991=DIRECTION('',(0.,-1.,0.));
#1992=DIRECTION('',(0.,0.,1.));
#1993=DIRECTION('',(0.,0.,-1.));
#1994=DIRECTION('',(-1.,0.,0.));
#1995=DIRECTION('',(0.,0.,-1.));
#1996=DIRECTION('',(0.,1.,0.));
#1997=DIRECTION('',(-1.,0.,0.));
#1998=DIRECTION('',(0.,1.,0.));
#1999=DIRECTION('',(0.,0.,-1.));
#2000=DIRECTION('',(0.,1.,0.));
#2001=DIRECTION('',(0.,0.,-1.));
#2002=DIRECTION('',(0.,1.,0.));
#2003=DIRECTION('',(-1.,0.,0.));
#2004=DIRECTION('',(0.,1.,0.));
#2005=DIRECTION('',(0.,0.,-1.));
#2006=DIRECTION('',(0.,1.,0.));
#2007=DIRECTION('',(0.,0.,-1.));
#2008=DIRECTION('',(0.,1.,0.));
#2009=DIRECTION('',(-1.,0.,0.));
#2010=DIRECTION('',(0.,1.,0.));
#2011=DIRECTION('',(0.,0.,-1.));
#2012=DIRECTION('',(0.,1.,0.));
#2013=DIRECTION('',(0.,0.,-1.));
#2014=DIRECTION('',(0.,1.,0.));
#2015=DIRECTION('',(-1.,0.,0.));
#2016=DIRECTION('',(0.,1.,0.));
#2017=DIRECTION('',(0.,0.,-1.));
#2018=DIRECTION('',(0.,1.,0.));
#2019=DIRECTION('',(0.,0.,-1.));
#2020=DIRECTION('',(1.,0.,0.));
#2021=DIRECTION('',(0.,0.,1.));
#2022=DIRECTION('',(-1.,0.,0.));
#2023=DIRECTION('',(0.,0.,1.));
#2024=DIRECTION('',(-1.,0.,0.));
#2025=DIRECTION('',(0.,0.,-1.));
#2026=DIRECTION('',(-1.,-7.22801448323668E-016,0.));
#2027=DIRECTION('',(0.,-1.,0.));
#2028=DIRECTION('',(1.,0.,0.));
#2029=DIRECTION('',(0.,0.,-1.));
#2030=DIRECTION('',(1.,0.,0.));
#2031=DIRECTION('',(0.,0.,1.));
#2032=DIRECTION('',(0.,-2.57498015965307E-015,-1.));
#2033=DIRECTION('',(0.,1.,-2.57498015965307E-015));
#2034=DIRECTION('',(0.,0.,-1.));
#2035=DIRECTION('',(0.999999999999998,0.,0.));
#2036=DIRECTION('',(0.,1.,0.));
#2037=DIRECTION('',(0.,0.,1.));
#2038=DIRECTION('',(0.,0.,1.));
#2039=DIRECTION('',(-0.999999999999998,0.,0.));
#2040=DIRECTION('',(2.34910470705193E-015,-1.,0.));
#2041=DIRECTION('',(0.999999999999998,2.16840434497101E-015,0.));
#2042=DIRECTION('',(0.,-1.,0.));
#2043=DIRECTION('',(0.,0.,1.));
#2044=DIRECTION('',(0.,2.57498015965307E-015,-1.));
#2045=DIRECTION('',(0.,1.,2.57498015965307E-015));
#2046=DIRECTION('',(0.,0.,-1.));
#2047=DIRECTION('',(0.999999999999998,0.,0.));
#2048=DIRECTION('',(0.,-1.,0.));
#2049=DIRECTION('',(0.,0.,-1.));
#2050=DIRECTION('',(0.,0.,1.));
#2051=DIRECTION('',(-0.999999999999998,0.,0.));
#2052=DIRECTION('',(0.,-1.,0.));
#2053=DIRECTION('',(0.,0.,-1.));
#2054=DIRECTION('',(0.,1.,0.));
#2055=DIRECTION('',(0.,0.,-1.));
#2056=DIRECTION('',(0.,2.57498015965307E-015,1.));
#2057=DIRECTION('',(0.,-1.,2.57498015965307E-015));
#2058=DIRECTION('',(0.,0.,1.));
#2059=DIRECTION('',(-0.999999999999998,0.,0.));
#2060=DIRECTION('',(0.,0.,-1.));
#2061=DIRECTION('',(0.999999999999998,0.,0.));
#2062=DIRECTION('',(0.,0.,-1.));
#2063=DIRECTION('',(-4.36083123334731E-014,0.342020143325668,0.939692620785909));
#2064=DIRECTION('',(1.27502175484295E-013,-1.,0.));
#2065=DIRECTION('',(-4.36083123334732E-014,0.342020143325669,-0.939692620785908));
#2066=DIRECTION('',(0.,0.,-1.));
#2067=DIRECTION('',(1.,1.27502175484295E-013,0.));
#2068=DIRECTION('',(1.27502175484295E-013,-1.,0.));
#2069=DIRECTION('',(0.,0.,-1.));
#2070=DIRECTION('',(-1.,1.40223480974789E-013,0.));
#2071=DIRECTION('',(1.40223480974789E-013,1.,0.));
#2072=DIRECTION('',(1.,-1.40223336414502E-013,0.));
#2073=DIRECTION('',(-1.40512601554098E-013,1.,0.));
#2074=DIRECTION('',(4.80581401225949E-014,-0.342020143325668,-0.939692620785909));
#2075=DIRECTION('',(0.,0.,-1.));
#2076=DIRECTION('',(4.80581401225951E-014,-0.342020143325669,0.939692620785908));
#2077=DIRECTION('',(-1.,-1.40512601554098E-013,0.));
#2078=DIRECTION('',(-1.40512601554121E-013,1.,0.));
#2079=DIRECTION('',(1.,1.40223480974792E-013,0.));
#2080=DIRECTION('',(1.40223480974792E-013,-1.,0.));
#2081=DIRECTION('',(-1.,-1.40223336414502E-013,0.));
#2082=DIRECTION('',(1.,-1.40223480974789E-013,0.));
#2083=DIRECTION('',(-1.,-1.40223480974792E-013,0.));
#2084=DIRECTION('',(0.,0.,1.));
#2085=DIRECTION('',(-1.,0.,0.));
#2086=DIRECTION('',(0.,0.,-1.));
#2087=DIRECTION('',(4.36083123334732E-014,0.342020143325669,0.939692620785908));
#2088=DIRECTION('',(1.27502175484295E-013,1.,0.));
#2089=DIRECTION('',(4.36083123334731E-014,0.342020143325668,-0.939692620785909));
#2090=DIRECTION('',(0.,0.,-1.));
#2091=DIRECTION('',(-1.,1.27502175484295E-013,0.));
#2092=DIRECTION('',(1.27502175484295E-013,1.,0.));
#2093=DIRECTION('',(1.,1.40223480974789E-013,0.));
#2094=DIRECTION('',(0.,0.,-1.));
#2095=DIRECTION('',(-1.40223480974789E-013,1.,0.));
#2096=DIRECTION('',(1.,1.40223336414502E-013,0.));
#2097=DIRECTION('',(-1.40512601554098E-013,-1.,0.));
#2098=DIRECTION('',(-4.80581401225951E-014,-0.342020143325669,-0.939692620785908));
#2099=DIRECTION('',(0.,0.,-1.));
#2100=DIRECTION('',(-4.80581401225949E-014,-0.342020143325668,0.939692620785909));
#2101=DIRECTION('',(1.,-1.40512601554098E-013,0.));
#2102=DIRECTION('',(-1.40512601554121E-013,-1.,0.));
#2103=DIRECTION('',(-1.,1.40223480974792E-013,0.));
#2104=DIRECTION('',(-1.40223480974792E-013,-1.,0.));
#2105=DIRECTION('',(-1.,1.40223336414502E-013,0.));
#2106=DIRECTION('',(1.,-1.40223480974792E-013,0.));
#2107=DIRECTION('',(-1.,-1.40223480974789E-013,0.));
#2108=DIRECTION('',(0.,0.,-1.));
#2109=DIRECTION('',(1.,0.,0.));
#2110=DIRECTION('',(-1.31766970332923E-013,0.939692620785909,0.342020143325667));
#2111=DIRECTION('',(1.,1.40223336414502E-013,0.));
#2112=DIRECTION('',(-1.31766970332925E-013,-0.939692620785908,0.342020143325669));
#2113=DIRECTION('',(-1.,1.40223336414502E-013,0.));
#2114=DIRECTION('',(-1.31766970332923E-013,-0.939692620785909,0.342020143325667));
#2115=DIRECTION('',(1.,-1.40223336414502E-013,0.));
#2116=DIRECTION('',(-1.31766970332925E-013,0.939692620785908,0.342020143325669));
#2117=DIRECTION('',(-1.,-1.40223336414502E-013,0.));
#2118=DIRECTION('',(0.,0.,-1.));
#2119=DIRECTION('',(4.74648297507189E-014,0.342020143325667,0.939692620785909));
#2120=DIRECTION('',(1.38777878078145E-013,1.,0.));
#2121=DIRECTION('',(4.7464829750719E-014,0.342020143325667,-0.939692620785909));
#2122=DIRECTION('',(0.,0.,-1.));
#2123=DIRECTION('',(-1.,1.38777878078145E-013,0.));
#2124=DIRECTION('',(1.38777878078145E-013,1.,0.));
#2125=DIRECTION('',(1.,-1.40016966275271E-013,0.));
#2126=DIRECTION('',(0.,0.,-1.));
#2127=DIRECTION('',(1.40016966275271E-013,1.,0.));
#2128=DIRECTION('',(1.,-1.40016904320861E-013,0.));
#2129=DIRECTION('',(-1.38777878078145E-013,-1.,0.));
#2130=DIRECTION('',(-4.74648297507189E-014,-0.342020143325667,-0.939692620785909));
#2131=DIRECTION('',(0.,0.,-1.));
#2132=DIRECTION('',(-4.7464829750719E-014,-0.342020143325667,0.939692620785909));
#2133=DIRECTION('',(1.,-1.38777878078145E-013,0.));
#2134=DIRECTION('',(-1.38777878078145E-013,-1.,0.));
#2135=DIRECTION('',(-1.,1.40016966275271E-013,0.));
#2136=DIRECTION('',(-1.40016966275271E-013,-1.,0.));
#2137=DIRECTION('',(-1.,1.40016904320861E-013,0.));
#2138=DIRECTION('',(1.,-1.40016966275271E-013,0.));
#2139=DIRECTION('',(-1.,1.40016966275271E-013,0.));
#2140=DIRECTION('',(0.,0.,-1.));
#2141=DIRECTION('',(1.,0.,0.));
#2142=DIRECTION('',(0.,0.,-1.));
#2143=DIRECTION('',(-4.74648297507192E-014,0.342020143325669,0.939692620785908));
#2144=DIRECTION('',(-1.38777878078145E-013,1.,0.));
#2145=DIRECTION('',(-4.74648297507191E-014,0.342020143325668,-0.939692620785909));
#2146=DIRECTION('',(0.,0.,-1.));
#2147=DIRECTION('',(-1.,-1.38777878078145E-013,0.));
#2148=DIRECTION('',(-1.38777878078145E-013,1.,0.));
#2149=DIRECTION('',(1.,1.40016966275271E-013,0.));
#2150=DIRECTION('',(0.,0.,-1.));
#2151=DIRECTION('',(-1.40016966275271E-013,1.,0.));
#2152=DIRECTION('',(1.,1.40016904320861E-013,0.));
#2153=DIRECTION('',(1.38777878078145E-013,-1.,0.));
#2154=DIRECTION('',(4.74648297507192E-014,-0.342020143325669,-0.939692620785908));
#2155=DIRECTION('',(0.,0.,-1.));
#2156=DIRECTION('',(4.74648297507191E-014,-0.342020143325668,0.939692620785909));
#2157=DIRECTION('',(1.,1.38777878078145E-013,0.));
#2158=DIRECTION('',(1.38777878078145E-013,-1.,0.));
#2159=DIRECTION('',(-1.,-1.40016966275271E-013,0.));
#2160=DIRECTION('',(1.40016966275271E-013,-1.,0.));
#2161=DIRECTION('',(-1.,-1.40016904320861E-013,0.));
#2162=DIRECTION('',(1.,1.40016966275271E-013,0.));
#2163=DIRECTION('',(-1.,-1.40016966275271E-013,0.));
#2164=DIRECTION('',(0.,0.,-1.));
#2165=DIRECTION('',(1.,0.,0.));
#2166=DIRECTION('',(-1.31572909993702E-013,-0.939692620785909,0.342020143325667));
#2167=DIRECTION('',(-1.,1.40016904320861E-013,0.));
#2168=DIRECTION('',(1.31572909993702E-013,0.939692620785909,0.342020143325667));
#2169=DIRECTION('',(1.,-1.40016904320861E-013,0.));
#2170=DIRECTION('',(1.31572909993702E-013,-0.939692620785908,0.342020143325669));
#2171=DIRECTION('',(-1.,-1.40016904320861E-013,0.));
#2172=DIRECTION('',(-1.31572909993702E-013,0.939692620785909,0.342020143325668));
#2173=DIRECTION('',(1.,1.40016904320861E-013,0.));
#2174=DIRECTION('',(0.,0.,1.));
#2175=DIRECTION('',(0.,0.,-1.));
#2176=DIRECTION('',(-1.,0.,0.));
#2177=DIRECTION('',(0.,0.,1.));
#2178=DIRECTION('',(0.,0.,-1.));
#2179=DIRECTION('',(-1.,0.,0.));
#2180=DIRECTION('',(-7.22801448323668E-016,1.,0.));
#2181=DIRECTION('',(1.,7.22801448323668E-016,0.));
#2182=DIRECTION('',(0.,-0.999999999999998,0.));
#2183=DIRECTION('',(0.,0.,1.));
#2184=DIRECTION('',(-1.,-7.22801448323668E-016,0.));
#2185=DIRECTION('',(7.2251232774434E-016,-1.,0.));
#2186=DIRECTION('',(0.,0.,-1.));
#2187=DIRECTION('',(-2.34910470705193E-015,1.,0.));
#2188=DIRECTION('',(1.,2.16840434497101E-015,0.));
#2189=DIRECTION('',(-1.,-2.34910470705193E-015,0.));
#2190=DIRECTION('',(2.34910470705193E-015,-1.,0.));
#2191=DIRECTION('',(1.,2.34903242690709E-015,0.));
#2192=DIRECTION('',(-4.8789097761848E-015,0.,-1.));
#2193=DIRECTION('',(-1.,0.,4.87890977618477E-015));
#2194=DIRECTION('',(0.,0.,1.));
#2195=DIRECTION('',(1.,0.,0.));
#2196=DIRECTION('',(0.,-1.,0.));
#2197=DIRECTION('',(0.,0.,-1.));
#2198=DIRECTION('',(0.,-1.,0.));
#2199=DIRECTION('',(0.,0.,-1.));
#2200=DIRECTION('',(7.22801448323668E-016,-1.,0.));
#2201=DIRECTION('',(1.,0.,0.));
#2202=DIRECTION('',(1.,0.,0.));
#2203=DIRECTION('',(0.,0.,-1.));
#2204=DIRECTION('',(0.,0.,-1.));
#2205=DIRECTION('',(-1.,0.,0.));
#2206=DIRECTION('',(1.,0.,0.));
#2207=DIRECTION('',(0.,0.,-1.));
#2208=DIRECTION('',(1.,2.34910470705193E-015,0.));
#2209=DIRECTION('',(0.,1.,0.));
#2210=DIRECTION('',(-5.14996031930613E-015,-5.14996031930614E-015,1.));
#2211=DIRECTION('',(0.,-1.,-5.14996031930615E-015));
#2212=DIRECTION('',(0.,-1.,0.));
#2213=DIRECTION('',(0.,0.,1.));
#2214=DIRECTION('',(0.,0.,1.));
#2215=DIRECTION('',(1.,0.,0.));
#2216=DIRECTION('',(0.,1.,0.));
#2217=DIRECTION('',(0.,0.,1.));
#2218=DIRECTION('',(0.,-1.,0.));
#2219=DIRECTION('',(0.,0.,-1.));
#2220=DIRECTION('',(-1.,0.,0.));
#2221=DIRECTION('',(0.,0.,1.));
#2222=DIRECTION('',(0.,0.,-1.));
#2223=DIRECTION('',(-0.999999999999998,0.,0.));
#2224=DIRECTION('',(1.,0.,0.));
#2225=DIRECTION('',(0.,0.,-1.));
#2226=DIRECTION('',(3.07508648174822E-012,0.,1.));
#2227=DIRECTION('',(-1.,0.,3.07508648174822E-012));
#2228=DIRECTION('',(0.,0.,1.));
#2229=DIRECTION('',(0.,1.,0.));
#2230=DIRECTION('',(0.,0.,1.));
#2231=DIRECTION('',(-1.,0.,0.));
#2232=DIRECTION('',(0.,0.,1.));
#2233=DIRECTION('',(1.,0.,0.));
#2234=DIRECTION('',(0.34202014332567,0.,-0.939692620785908));
#2235=DIRECTION('',(0.,0.,1.));
#2236=DIRECTION('',(0.34202014332567,0.,0.939692620785908));
#2237=DIRECTION('',(0.,1.,0.));
#2238=DIRECTION('',(0.,0.,1.));
#2239=DIRECTION('',(0.,-1.,0.));
#2240=DIRECTION('',(0.,0.,1.));
#2241=DIRECTION('',(1.,0.,0.));
#2242=DIRECTION('',(0.,0.,-1.));
#2243=DIRECTION('',(-0.34202014332567,0.,0.939692620785908));
#2244=DIRECTION('',(1.,0.,0.));
#2245=DIRECTION('',(-0.34202014332567,0.,-0.939692620785908));
#2246=DIRECTION('',(0.,-1.,0.));
#2247=DIRECTION('',(0.,0.,-1.));
#2248=DIRECTION('',(0.,1.,0.));
#2249=DIRECTION('',(0.,-1.,0.));
#2250=DIRECTION('',(0.,0.,1.));
#2251=DIRECTION('',(1.,0.,0.));
#2252=DIRECTION('',(0.939692620785908,0.,-0.34202014332567));
#2253=DIRECTION('',(0.,1.,0.));
#2254=DIRECTION('',(-0.939692620785908,0.,-0.34202014332567));
#2255=DIRECTION('',(0.,1.,0.));
#2256=DIRECTION('',(0.,0.,-1.));
#2257=DIRECTION('',(0.342020143325669,9.55229698733225E-014,0.939692620785908));
#2258=DIRECTION('',(-1.,-2.79290479632266E-013,0.));
#2259=DIRECTION('',(0.34202014332567,9.55229698733228E-014,-0.939692620785908));
#2260=DIRECTION('',(0.,0.,-1.));
#2261=DIRECTION('',(2.79290479632266E-013,-1.,0.));
#2262=DIRECTION('',(-1.,-2.79290479632266E-013,0.));
#2263=DIRECTION('',(0.,0.,-1.));
#2264=DIRECTION('',(-2.77555756156289E-013,1.,0.));
#2265=DIRECTION('',(1.,2.77555756156289E-013,0.));
#2266=DIRECTION('',(2.77555756156289E-013,-1.,0.));
#2267=DIRECTION('',(1.,2.79290479632266E-013,0.));
#2268=DIRECTION('',(-0.342020143325669,-9.55229698733225E-014,-0.939692620785908));
#2269=DIRECTION('',(0.,0.,-1.));
#2270=DIRECTION('',(-0.34202014332567,-9.55229698733228E-014,0.939692620785908));
#2271=DIRECTION('',(-2.79290479632266E-013,1.,0.));
#2272=DIRECTION('',(1.,2.79290479632266E-013,0.));
#2273=DIRECTION('',(2.77555756156289E-013,-1.,0.));
#2274=DIRECTION('',(-1.,-2.77555756156289E-013,0.));
#2275=DIRECTION('',(-2.77555756156289E-013,1.,0.));
#2276=DIRECTION('',(2.77555756156289E-013,-1.,0.));
#2277=DIRECTION('',(-2.77555756156289E-013,1.,0.));
#2278=DIRECTION('',(0.,0.,1.));
#2279=DIRECTION('',(-1.,0.,0.));
#2280=DIRECTION('',(0.939692620785908,2.60817095916718E-013,0.34202014332567));
#2281=DIRECTION('',(-2.77555756156289E-013,1.,0.));
#2282=DIRECTION('',(-0.939692620785908,-2.60817095916718E-013,0.342020143325669));
#2283=DIRECTION('',(2.77555756156289E-013,-1.,0.));
#2284=DIRECTION('',(0.,0.,1.));
#2285=DIRECTION('',(1.,0.,0.));
#2286=DIRECTION('',(0.,0.,1.));
#2287=DIRECTION('',(1.,0.,0.));
#2288=CARTESIAN_POINT('',(0.,0.,0.));
#2289=CARTESIAN_POINT('',(-5.08499999999999,2.28999999999934,9.5));
#2290=CARTESIAN_POINT('',(-5.08499999999999,2.28999999999934,9.5));
#2291=CARTESIAN_POINT('',(-5.43499999999999,2.28999999999929,9.5));
#2292=CARTESIAN_POINT('',(-5.43499999999999,2.28999999999929,9.5));
#2293=CARTESIAN_POINT('',(-5.43500000000006,2.78999999999929,9.5));
#2294=CARTESIAN_POINT('',(-5.43500000000006,2.78999999999929,9.5));
#2295=CARTESIAN_POINT('',(-5.08500000000006,2.78999999999934,9.5));
#2296=CARTESIAN_POINT('',(-5.08500000000006,2.78999999999934,9.5));
#2297=CARTESIAN_POINT('',(-5.08500000000006,-2.78999999999934,9.5));
#2298=CARTESIAN_POINT('',(-5.08500000000006,-2.78999999999934,9.5));
#2299=CARTESIAN_POINT('',(-5.43500000000006,-2.78999999999929,9.5));
#2300=CARTESIAN_POINT('',(-5.43500000000006,-2.78999999999929,9.5));
#2301=CARTESIAN_POINT('',(-5.43499999999999,-2.28999999999929,9.5));
#2302=CARTESIAN_POINT('',(-5.43499999999999,-2.28999999999929,9.5));
#2303=CARTESIAN_POINT('',(-5.08499999999999,-2.28999999999934,9.5));
#2304=CARTESIAN_POINT('',(-5.08499999999999,-2.28999999999934,9.5));
#2305=CARTESIAN_POINT('',(2.50999999999995,2.29000000000032,9.5));
#2306=CARTESIAN_POINT('',(2.50999999999995,2.29000000000032,9.5));
#2307=CARTESIAN_POINT('',(2.20999999999995,2.29000000000037,9.5));
#2308=CARTESIAN_POINT('',(2.20999999999995,2.29000000000037,9.5));
#2309=CARTESIAN_POINT('',(2.21000000000001,2.79000000000037,9.5));
#2310=CARTESIAN_POINT('',(2.21000000000001,2.79000000000037,9.5));
#2311=CARTESIAN_POINT('',(2.51000000000002,2.79000000000041,9.5));
#2312=CARTESIAN_POINT('',(2.51000000000002,2.79000000000041,9.5));
#2313=CARTESIAN_POINT('',(-6.25,-3.75,9.5));
#2314=CARTESIAN_POINT('',(-6.25,-3.55,9.5));
#2315=CARTESIAN_POINT('',(-6.25,3.55,9.5));
#2316=CARTESIAN_POINT('',(-6.05,-3.55,9.5));
#2317=CARTESIAN_POINT('',(-6.05,-3.75,9.5));
#2318=CARTESIAN_POINT('',(6.25,-3.75,9.5));
#2319=CARTESIAN_POINT('',(-4.86602540378444,-3.75,9.5));
#2320=CARTESIAN_POINT('',(-4.86602540378444,-3.75,9.5));
#2321=CARTESIAN_POINT('',(-4.86602540378444,-3.35,9.5));
#2322=CARTESIAN_POINT('',(6.25,-3.35,9.5));
#2323=CARTESIAN_POINT('',(-3.13397459621556,-3.35,9.5));
#2324=CARTESIAN_POINT('',(-3.13397459621556,-3.75,9.5));
#2325=CARTESIAN_POINT('',(-3.13397459621556,-3.75,9.5));
#2326=CARTESIAN_POINT('',(6.25,-3.75,9.5));
#2327=CARTESIAN_POINT('',(2.73397459621556,-3.75,9.5));
#2328=CARTESIAN_POINT('',(2.73397459621556,-3.75,9.5));
#2329=CARTESIAN_POINT('',(2.73397459621556,-3.35,9.5));
#2330=CARTESIAN_POINT('',(6.25,-3.35,9.5));
#2331=CARTESIAN_POINT('',(4.46602540378444,-3.35,9.5));
#2332=CARTESIAN_POINT('',(4.46602540378444,-3.75,9.5));
#2333=CARTESIAN_POINT('',(4.46602540378444,-3.75,9.5));
#2334=CARTESIAN_POINT('',(6.25,-3.75,9.5));
#2335=CARTESIAN_POINT('',(6.05,-3.75,9.5));
#2336=CARTESIAN_POINT('',(6.05,-3.55,9.5));
#2337=CARTESIAN_POINT('',(6.25,-3.55,9.5));
#2338=CARTESIAN_POINT('',(6.25,3.75,9.5));
#2339=CARTESIAN_POINT('',(6.25,3.55,9.5));
#2340=CARTESIAN_POINT('',(6.05,3.55,9.5));
#2341=CARTESIAN_POINT('',(6.05,3.75,9.5));
#2342=CARTESIAN_POINT('',(-6.25,3.75,9.5));
#2343=CARTESIAN_POINT('',(4.46602540378444,3.75,9.5));
#2344=CARTESIAN_POINT('',(4.46602540378444,3.35,9.5));
#2345=CARTESIAN_POINT('',(4.46602540378444,3.35,9.5));
#2346=CARTESIAN_POINT('',(6.25,3.35,9.5));
#2347=CARTESIAN_POINT('',(2.73397459621556,3.35,9.5));
#2348=CARTESIAN_POINT('',(2.73397459621556,3.35,9.5));
#2349=CARTESIAN_POINT('',(2.73397459621556,3.75,9.5));
#2350=CARTESIAN_POINT('',(-6.25,3.75,9.5));
#2351=CARTESIAN_POINT('',(-3.13397459621556,3.75,9.5));
#2352=CARTESIAN_POINT('',(-3.13397459621556,3.35,9.5));
#2353=CARTESIAN_POINT('',(-3.13397459621556,3.35,9.5));
#2354=CARTESIAN_POINT('',(6.25,3.35,9.5));
#2355=CARTESIAN_POINT('',(-4.86602540378444,3.35,9.5));
#2356=CARTESIAN_POINT('',(-4.86602540378444,3.35,9.5));
#2357=CARTESIAN_POINT('',(-4.86602540378444,3.75,9.5));
#2358=CARTESIAN_POINT('',(-6.25,3.75,9.5));
#2359=CARTESIAN_POINT('',(-6.05,3.75,9.5));
#2360=CARTESIAN_POINT('',(-6.05,3.55,9.5));
#2361=CARTESIAN_POINT('',(2.20999999999995,-2.29000000000037,9.5));
#2362=CARTESIAN_POINT('',(2.20999999999995,-2.29000000000037,9.5));
#2363=CARTESIAN_POINT('',(2.21000000000001,-2.79000000000037,9.5));
#2364=CARTESIAN_POINT('',(2.50999999999995,-2.29000000000032,9.5));
#2365=CARTESIAN_POINT('',(2.50999999999995,-2.29000000000032,9.5));
#2366=CARTESIAN_POINT('',(2.51000000000002,-2.79000000000041,9.5));
#2367=CARTESIAN_POINT('',(2.51000000000002,-2.79000000000041,9.5));
#2368=CARTESIAN_POINT('',(2.21000000000001,-2.79000000000037,9.5));
#2369=CARTESIAN_POINT('',(4.64999999999995,2.39000000000041,9.5));
#2370=CARTESIAN_POINT('',(4.64999999999995,2.39000000000041,9.5));
#2371=CARTESIAN_POINT('',(5.14999999999995,2.39000000000041,9.5));
#2372=CARTESIAN_POINT('',(4.64999999999995,2.39000000000041,9.5));
#2373=CARTESIAN_POINT('',(4.64999999999995,2.69000000000041,9.5));
#2374=CARTESIAN_POINT('',(4.64999999999995,2.69000000000041,9.5));
#2375=CARTESIAN_POINT('',(5.14999999999995,2.69000000000041,9.5));
#2376=CARTESIAN_POINT('',(5.14999999999995,2.39000000000041,9.5));
#2377=CARTESIAN_POINT('',(5.15000000000062,-2.38999999999963,9.5));
#2378=CARTESIAN_POINT('',(5.15000000000062,-2.38999999999963,9.5));
#2379=CARTESIAN_POINT('',(4.65000000000062,-2.38999999999977,9.5));
#2380=CARTESIAN_POINT('',(5.1500000000007,-2.68999999999963,9.5));
#2381=CARTESIAN_POINT('',(5.1500000000007,-2.68999999999963,9.5));
#2382=CARTESIAN_POINT('',(4.6500000000007,-2.68999999999977,9.5));
#2383=CARTESIAN_POINT('',(4.6500000000007,-2.68999999999977,9.5));
#2384=CARTESIAN_POINT('',(4.65000000000062,-2.38999999999977,9.5));
#2385=CARTESIAN_POINT('',(6.25,-3.75,9.5));
#2386=CARTESIAN_POINT('',(4.35,3.65,0.5));
#2387=CARTESIAN_POINT('',(4.45,3.65,0.5));
#2388=CARTESIAN_POINT('',(4.43660254037844,3.7,0.5));
#2389=CARTESIAN_POINT('',(5.05,3.7,0.5));
#2390=CARTESIAN_POINT('',(6.05,3.7,0.5));
#2391=CARTESIAN_POINT('',(6.05,3.55,0.5));
#2392=CARTESIAN_POINT('',(6.2,3.55,0.5));
#2393=CARTESIAN_POINT('',(6.2,2.55,0.5));
#2394=CARTESIAN_POINT('',(6.2,1.93660254037844,0.5));
#2395=CARTESIAN_POINT('',(6.15,1.85,0.5));
#2396=CARTESIAN_POINT('',(6.15,1.95,0.5));
#2397=CARTESIAN_POINT('',(6.25,1.95,0.5));
#2398=CARTESIAN_POINT('',(5.05,1.95,0.5));
#2399=CARTESIAN_POINT('',(5.05,2.55,0.5));
#2400=CARTESIAN_POINT('',(4.45,2.55,0.5));
#2401=CARTESIAN_POINT('',(4.45,2.55,0.5));
#2402=CARTESIAN_POINT('',(5.25,2.75,0.5));
#2403=CARTESIAN_POINT('',(4.65,2.75,0.5));
#2404=CARTESIAN_POINT('',(5.05,2.55,0.5));
#2405=CARTESIAN_POINT('',(6.05,3.75,9.5));
#2406=CARTESIAN_POINT('',(6.05,3.75,0.55));
#2407=CARTESIAN_POINT('',(-6.25,3.75,0.55));
#2408=CARTESIAN_POINT('',(4.35,3.75,0.55));
#2409=CARTESIAN_POINT('',(4.35,3.75,0.200000000000001));
#2410=CARTESIAN_POINT('',(4.35,3.75,0.200000000000001));
#2411=CARTESIAN_POINT('',(-6.25,3.75,0.200000000000001));
#2412=CARTESIAN_POINT('',(-6.05,3.75,0.200000000000001));
#2413=CARTESIAN_POINT('',(-6.05,3.75,9.5));
#2414=CARTESIAN_POINT('',(-4.,3.75,9.));
#2415=CARTESIAN_POINT('',(3.6,3.75,9.));
#2416=CARTESIAN_POINT('',(-6.25,3.75,9.5));
#2417=CARTESIAN_POINT('',(6.25,3.55,9.5));
#2418=CARTESIAN_POINT('',(6.25,3.55,0.55));
#2419=CARTESIAN_POINT('',(6.05,3.55,0.55));
#2420=CARTESIAN_POINT('',(6.05,3.55,9.5));
#2421=CARTESIAN_POINT('',(5.05,2.55,0.));
#2422=CARTESIAN_POINT('',(4.35,2.55,0.));
#2423=CARTESIAN_POINT('',(5.05,1.85,0.));
#2424=CARTESIAN_POINT('',(6.05,1.85,0.));
#2425=CARTESIAN_POINT('',(6.05,1.85,0.));
#2426=CARTESIAN_POINT('',(6.05,-3.75,0.));
#2427=CARTESIAN_POINT('',(6.05,-3.55,0.));
#2428=CARTESIAN_POINT('',(6.25,-3.55,0.));
#2429=CARTESIAN_POINT('',(-6.05,-3.55,0.));
#2430=CARTESIAN_POINT('',(-6.05,-3.75,0.));
#2431=CARTESIAN_POINT('',(-6.05,3.55,0.));
#2432=CARTESIAN_POINT('',(6.25,3.55,0.));
#2433=CARTESIAN_POINT('',(4.35,3.55,0.));
#2434=CARTESIAN_POINT('',(4.35,2.55,0.));
#2435=CARTESIAN_POINT('',(6.25,-3.75,0.));
#2436=CARTESIAN_POINT('',(6.25,1.85,0.5));
#2437=CARTESIAN_POINT('',(6.25,1.85,0.200000000000001));
#2438=CARTESIAN_POINT('',(6.25,1.85,0.55));
#2439=CARTESIAN_POINT('',(6.25,3.75,0.55));
#2440=CARTESIAN_POINT('',(6.25,-3.55,9.5));
#2441=CARTESIAN_POINT('',(6.25,-3.55,0.2));
#2442=CARTESIAN_POINT('',(6.25,3.75,0.200000000000001));
#2443=CARTESIAN_POINT('',(6.25,3.75,9.5));
#2444=CARTESIAN_POINT('',(-6.05,-3.75,9.5));
#2445=CARTESIAN_POINT('',(-6.05,-3.75,0.200000000000001));
#2446=CARTESIAN_POINT('',(6.25,-3.75,0.200000000000001));
#2447=CARTESIAN_POINT('',(6.05,-3.75,0.200000000000001));
#2448=CARTESIAN_POINT('',(6.05,-3.75,9.5));
#2449=CARTESIAN_POINT('',(3.6,-3.75,9.));
#2450=CARTESIAN_POINT('',(-4.,-3.75,9.));
#2451=CARTESIAN_POINT('',(6.25,-3.75,9.5));
#2452=CARTESIAN_POINT('',(-6.25,-3.75,0.200000000000001));
#2453=CARTESIAN_POINT('',(-6.25,3.55,0.2));
#2454=CARTESIAN_POINT('',(-6.25,-3.55,0.2));
#2455=CARTESIAN_POINT('',(-6.25,-3.55,9.5));
#2456=CARTESIAN_POINT('',(-6.25,3.55,9.5));
#2457=CARTESIAN_POINT('',(-6.25,-3.75,9.5));
#2458=CARTESIAN_POINT('',(-4.,3.35,9.));
#2459=CARTESIAN_POINT('',(-4.,3.35,9.));
#2460=CARTESIAN_POINT('',(-4.,3.35,9.));
#2461=CARTESIAN_POINT('',(3.6,3.35,9.));
#2462=CARTESIAN_POINT('',(3.6,3.35,9.));
#2463=CARTESIAN_POINT('',(3.6,3.35,9.));
#2464=CARTESIAN_POINT('',(-4.,-3.35,9.));
#2465=CARTESIAN_POINT('',(-4.,-3.75,9.));
#2466=CARTESIAN_POINT('',(-4.,-3.35,9.));
#2467=CARTESIAN_POINT('',(3.6,-3.35,9.));
#2468=CARTESIAN_POINT('',(3.6,-3.75,9.));
#2469=CARTESIAN_POINT('',(3.6,-3.35,9.));
#2470=CARTESIAN_POINT('',(-6.05,-3.55,0.2));
#2471=CARTESIAN_POINT('',(6.05,-3.55,0.2));
#2472=CARTESIAN_POINT('',(6.25,-3.55,0.2));
#2473=CARTESIAN_POINT('',(4.35,3.55,0.2));
#2474=CARTESIAN_POINT('',(-6.05,3.55,0.2));
#2475=CARTESIAN_POINT('',(6.25,3.55,0.2));
#2476=CARTESIAN_POINT('',(6.05,-3.55,0.2));
#2477=CARTESIAN_POINT('',(6.05,-3.55,9.5));
#2478=CARTESIAN_POINT('',(6.05,-3.55,0.2));
#2479=CARTESIAN_POINT('',(6.05,-3.55,0.2));
#2480=CARTESIAN_POINT('',(6.05,1.85,0.2));
#2481=CARTESIAN_POINT('',(6.05,-3.75,0.2));
#2482=CARTESIAN_POINT('',(-6.05,3.55,0.2));
#2483=CARTESIAN_POINT('',(-6.05,3.55,9.5));
#2484=CARTESIAN_POINT('',(-6.05,3.55,0.2));
#2485=CARTESIAN_POINT('',(-6.05,3.55,0.2));
#2486=CARTESIAN_POINT('',(-6.05,-3.55,0.2));
#2487=CARTESIAN_POINT('',(-6.05,-3.75,0.2));
#2488=CARTESIAN_POINT('',(-6.05,-3.55,0.2));
#2489=CARTESIAN_POINT('',(-6.05,-3.55,0.2));
#2490=CARTESIAN_POINT('',(-6.05,-3.55,9.5));
#2491=CARTESIAN_POINT('',(2.21000000000001,-2.79000000000037,13.5));
#2492=CARTESIAN_POINT('',(2.21000000000001,-2.79000000000037,13.2252522580545));
#2493=CARTESIAN_POINT('',(2.21,-2.6900000000003,13.5000000000002));
#2494=CARTESIAN_POINT('',(2.21,-2.69000000000037,13.5));
#2495=CARTESIAN_POINT('',(2.20999999999995,-2.29000000000037,13.5));
#2496=CARTESIAN_POINT('',(2.20999999999996,-2.39000000000037,13.5));
#2497=CARTESIAN_POINT('',(2.20999999999996,-2.39000000000037,13.5));
#2498=CARTESIAN_POINT('',(2.20999999999995,-2.29000000000037,13.2252522580545));
#2499=CARTESIAN_POINT('',(2.20999999999995,-2.29000000000037,13.5));
#2500=CARTESIAN_POINT('',(2.20999999999995,-2.29000000000037,13.5));
#2501=CARTESIAN_POINT('',(2.51000000000002,-2.79000000000041,13.5));
#2502=CARTESIAN_POINT('',(2.51000000000002,-2.79000000000041,13.2252522580545));
#2503=CARTESIAN_POINT('',(2.21000000000001,-2.79000000000037,13.2252522580545));
#2504=CARTESIAN_POINT('',(2.21000000000001,-2.79000000000037,13.5));
#2505=CARTESIAN_POINT('',(2.51000000000002,-2.79000000000041,13.5));
#2506=CARTESIAN_POINT('',(2.51,-2.69000000000041,13.5));
#2507=CARTESIAN_POINT('',(2.50999999999996,-2.39000000000032,13.5));
#2508=CARTESIAN_POINT('',(2.51,-2.69000000000033,13.5000000000002));
#2509=CARTESIAN_POINT('',(2.50999999999995,-2.29000000000032,13.5));
#2510=CARTESIAN_POINT('',(2.50999999999995,-2.29000000000032,13.2252522580545));
#2511=CARTESIAN_POINT('',(2.50999999999996,-2.39000000000032,13.5));
#2512=CARTESIAN_POINT('',(2.51000000000002,-2.79000000000041,13.5));
#2513=CARTESIAN_POINT('',(2.50999999999995,-2.29000000000032,13.2252522580545));
#2514=CARTESIAN_POINT('',(2.50999999999995,-2.29000000000032,13.5));
#2515=CARTESIAN_POINT('',(2.51000000000003,-2.69000000000041,13.5));
#2516=CARTESIAN_POINT('',(2.20999999999996,-2.39000000000037,13.5));
#2517=CARTESIAN_POINT('',(0.,0.,13.5));
#2518=CARTESIAN_POINT('',(2.20999999999995,2.29000000000037,13.5));
#2519=CARTESIAN_POINT('',(2.20999999999995,2.29000000000037,13.2252522580545));
#2520=CARTESIAN_POINT('',(2.20999999999996,2.37830222215632,13.4678606195157));
#2521=CARTESIAN_POINT('',(2.20999999999996,2.39000000000037,13.5));
#2522=CARTESIAN_POINT('',(2.20999999999995,2.29000000000037,13.5));
#2523=CARTESIAN_POINT('',(2.21,2.69000000000037,13.5));
#2524=CARTESIAN_POINT('',(2.20999999999999,2.64320888862416,13.6285575219373));
#2525=CARTESIAN_POINT('',(2.21000000000001,2.79000000000037,13.2252522580545));
#2526=CARTESIAN_POINT('',(2.21000000000001,2.79000000000037,13.5));
#2527=CARTESIAN_POINT('',(2.20999999999995,2.29000000000037,13.5));
#2528=CARTESIAN_POINT('',(2.51000000000002,2.79000000000041,13.2252522580545));
#2529=CARTESIAN_POINT('',(2.51000000000002,2.79000000000041,13.2252522580545));
#2530=CARTESIAN_POINT('',(2.51000000000002,2.79000000000041,13.5));
#2531=CARTESIAN_POINT('',(2.21000000000001,2.79000000000037,13.5));
#2532=CARTESIAN_POINT('',(2.51000000000002,2.79000000000041,13.5));
#2533=CARTESIAN_POINT('',(2.51,2.69000000000041,13.5));
#2534=CARTESIAN_POINT('',(2.50999999999996,2.39000000000032,13.5));
#2535=CARTESIAN_POINT('',(2.50999999999997,2.43679111137654,13.6285575219373));
#2536=CARTESIAN_POINT('',(2.50999999999995,2.29000000000032,13.2252522580545));
#2537=CARTESIAN_POINT('',(2.50999999999995,2.29000000000032,13.5));
#2538=CARTESIAN_POINT('',(2.51,2.70169777784446,13.4678606195157));
#2539=CARTESIAN_POINT('',(2.51000000000002,2.79000000000041,13.5));
#2540=CARTESIAN_POINT('',(2.20999999999995,2.29000000000037,13.2252522580545));
#2541=CARTESIAN_POINT('',(2.50999999999995,2.29000000000032,13.5));
#2542=CARTESIAN_POINT('',(2.50999999999996,2.39000000000032,13.5));
#2543=CARTESIAN_POINT('',(2.21000000000002,2.69000000000037,13.5));
#2544=CARTESIAN_POINT('',(0.,0.,13.5));
#2545=CARTESIAN_POINT('',(2.21000000000001,2.79000000000037,13.2252522580545));
#2546=CARTESIAN_POINT('',(2.50999999999995,2.29000000000032,13.2252522580545));
#2547=CARTESIAN_POINT('',(-3.77201163822191E-013,-2.69000000000006,13.5));
#2548=CARTESIAN_POINT('',(3.35134119529848E-013,-2.39000000000068,13.5));
#2549=CARTESIAN_POINT('',(-5.43500000000006,-2.78999999999929,13.5));
#2550=CARTESIAN_POINT('',(-5.43500000000006,-2.78999999999929,13.2252522580545));
#2551=CARTESIAN_POINT('',(-5.43500000000005,-2.70169777784335,13.4678606195157));
#2552=CARTESIAN_POINT('',(-5.43500000000004,-2.68999999999929,13.5));
#2553=CARTESIAN_POINT('',(-5.43500000000006,-2.78999999999929,13.5));
#2554=CARTESIAN_POINT('',(-5.435,-2.38999999999929,13.5));
#2555=CARTESIAN_POINT('',(-5.43500000000001,-2.4367911113755,13.6285575219373));
#2556=CARTESIAN_POINT('',(-5.43499999999999,-2.28999999999929,13.2252522580545));
#2557=CARTESIAN_POINT('',(-5.43499999999999,-2.28999999999929,13.5));
#2558=CARTESIAN_POINT('',(-5.43500000000006,-2.78999999999929,13.5));
#2559=CARTESIAN_POINT('',(-5.08499999999999,-2.28999999999934,13.2252522580545));
#2560=CARTESIAN_POINT('',(-5.08499999999999,-2.28999999999934,13.2252522580545));
#2561=CARTESIAN_POINT('',(-5.08499999999999,-2.28999999999934,13.5));
#2562=CARTESIAN_POINT('',(-5.43499999999999,-2.28999999999929,13.5));
#2563=CARTESIAN_POINT('',(-5.08499999999999,-2.28999999999934,13.5));
#2564=CARTESIAN_POINT('',(-5.085,-2.38999999999934,13.5));
#2565=CARTESIAN_POINT('',(-5.08500000000004,-2.68999999999934,13.5));
#2566=CARTESIAN_POINT('',(-5.08500000000004,-2.64320888862314,13.6285575219373));
#2567=CARTESIAN_POINT('',(-5.08500000000006,-2.78999999999934,13.2252522580545));
#2568=CARTESIAN_POINT('',(-5.08500000000006,-2.78999999999934,13.5));
#2569=CARTESIAN_POINT('',(-5.085,-2.37830222215529,13.4678606195157));
#2570=CARTESIAN_POINT('',(-5.08499999999999,-2.28999999999934,13.5));
#2571=CARTESIAN_POINT('',(-5.43500000000006,-2.78999999999929,13.2252522580545));
#2572=CARTESIAN_POINT('',(-5.08500000000006,-2.78999999999934,13.5));
#2573=CARTESIAN_POINT('',(-5.08500000000004,-2.68999999999934,13.5));
#2574=CARTESIAN_POINT('',(-5.435,-2.38999999999929,13.5));
#2575=CARTESIAN_POINT('',(0.,0.,13.5));
#2576=CARTESIAN_POINT('',(-5.43499999999999,2.28999999999929,13.5));
#2577=CARTESIAN_POINT('',(-5.43499999999999,2.28999999999929,13.2252522580545));
#2578=CARTESIAN_POINT('',(-5.435,2.37830222215524,13.4678606195157));
#2579=CARTESIAN_POINT('',(-5.435,2.38999999999929,13.5));
#2580=CARTESIAN_POINT('',(-5.43499999999999,2.28999999999929,13.5));
#2581=CARTESIAN_POINT('',(-5.43500000000004,2.68999999999929,13.5));
#2582=CARTESIAN_POINT('',(-5.43500000000004,2.64320888862309,13.6285575219373));
#2583=CARTESIAN_POINT('',(-5.43500000000006,2.78999999999929,13.2252522580545));
#2584=CARTESIAN_POINT('',(-5.43500000000006,2.78999999999929,13.5));
#2585=CARTESIAN_POINT('',(-5.43499999999999,2.28999999999929,13.5));
#2586=CARTESIAN_POINT('',(-5.08500000000006,2.78999999999934,13.2252522580545));
#2587=CARTESIAN_POINT('',(-5.08500000000006,2.78999999999934,13.2252522580545));
#2588=CARTESIAN_POINT('',(-5.08500000000006,2.78999999999934,13.5));
#2589=CARTESIAN_POINT('',(-5.43500000000006,2.78999999999929,13.5));
#2590=CARTESIAN_POINT('',(-5.08500000000006,2.78999999999934,13.5));
#2591=CARTESIAN_POINT('',(-5.08500000000004,2.68999999999934,13.5));
#2592=CARTESIAN_POINT('',(-5.085,2.38999999999934,13.5));
#2593=CARTESIAN_POINT('',(-5.08500000000001,2.43679111137555,13.6285575219373));
#2594=CARTESIAN_POINT('',(-5.08499999999999,2.28999999999934,13.2252522580545));
#2595=CARTESIAN_POINT('',(-5.08499999999999,2.28999999999934,13.5));
#2596=CARTESIAN_POINT('',(-5.08500000000005,2.70169777784339,13.4678606195157));
#2597=CARTESIAN_POINT('',(-5.08500000000006,2.78999999999934,13.5));
#2598=CARTESIAN_POINT('',(-5.43499999999999,2.28999999999929,13.2252522580545));
#2599=CARTESIAN_POINT('',(-5.08499999999999,2.28999999999934,13.5));
#2600=CARTESIAN_POINT('',(-5.085,2.38999999999934,13.5));
#2601=CARTESIAN_POINT('',(-5.43500000000004,2.68999999999929,13.5));
#2602=CARTESIAN_POINT('',(0.,0.,13.5));
#2603=CARTESIAN_POINT('',(-5.08500000000006,-2.78999999999934,13.2252522580545));
#2604=CARTESIAN_POINT('',(-5.43499999999999,-2.28999999999929,13.2252522580545));
#2605=CARTESIAN_POINT('',(-5.08499999999999,2.28999999999934,13.2252522580545));
#2606=CARTESIAN_POINT('',(-5.43500000000006,2.78999999999929,13.2252522580545));
#2607=CARTESIAN_POINT('',(5.05,1.95,0.5));
#2608=CARTESIAN_POINT('',(5.05,1.95,0.1));
#2609=CARTESIAN_POINT('',(5.05,2.55,0.1));
#2610=CARTESIAN_POINT('',(4.45,2.55,0.1));
#2611=CARTESIAN_POINT('',(4.45,2.55,0.5));
#2612=CARTESIAN_POINT('',(5.05,2.55,0.5));
#2613=CARTESIAN_POINT('',(4.45,3.55,0.1));
#2614=CARTESIAN_POINT('',(4.45,3.55,0.1));
#2615=CARTESIAN_POINT('',(4.45,3.55,0.2));
#2616=CARTESIAN_POINT('',(4.45,3.65,0.200000000000001));
#2617=CARTESIAN_POINT('',(4.45,3.65,0.5));
#2618=CARTESIAN_POINT('',(4.45,2.55,0.5));
#2619=CARTESIAN_POINT('',(6.15,1.95,0.2));
#2620=CARTESIAN_POINT('',(6.15,1.95,0.200000000000001));
#2621=CARTESIAN_POINT('',(6.05,1.95,0.2));
#2622=CARTESIAN_POINT('',(6.05,1.95,0.1));
#2623=CARTESIAN_POINT('',(5.05,1.95,0.1));
#2624=CARTESIAN_POINT('',(6.25,1.95,0.5));
#2625=CARTESIAN_POINT('',(4.35,3.65,0.200000000000001));
#2626=CARTESIAN_POINT('',(4.35,3.75,0.55));
#2627=CARTESIAN_POINT('',(4.35054434910892,3.75,0.54961509968804));
#2628=CARTESIAN_POINT('',(4.35108869803375,3.74999555536696,0.549230173442191));
#2629=CARTESIAN_POINT('',(4.35163301103163,3.74998666549023,0.548845324727813));
#2630=CARTESIAN_POINT('',(4.35616431868261,3.749912658868,0.545641528509972));
#2631=CARTESIAN_POINT('',(4.36070074676883,3.74953044376912,0.542436666879894));
#2632=CARTESIAN_POINT('',(4.36521003367061,3.74883650578475,0.539276395068041));
#2633=CARTESIAN_POINT('',(4.37678700916131,3.74705491521132,0.531162830749168));
#2634=CARTESIAN_POINT('',(4.3884083550944,3.74317547050455,0.523163946164299));
#2635=CARTESIAN_POINT('',(4.3993049285778,3.73700013803402,0.516369808423615));
#2636=CARTESIAN_POINT('',(4.40704107468587,3.732615890607,0.511546233166651));
#2637=CARTESIAN_POINT('',(4.41458765579823,3.72695233916014,0.507219816571958));
#2638=CARTESIAN_POINT('',(4.42135254915885,3.72006292692371,0.504201758053299));
#2639=CARTESIAN_POINT('',(4.42704755227327,3.71426309800529,0.501661015465501));
#2640=CARTESIAN_POINT('',(4.43234441729269,3.7073752855294,0.5));
#2641=CARTESIAN_POINT('',(4.43660254037844,3.7,0.5));
#2642=CARTESIAN_POINT('',(4.35,3.65,9.5));
#2643=CARTESIAN_POINT('',(4.35,3.55,0.1));
#2644=CARTESIAN_POINT('',(4.35,3.75,0.200000000000002));
#2645=CARTESIAN_POINT('',(4.35,3.75,0.0828427124746195));
#2646=CARTESIAN_POINT('',(4.35,3.66715728752538,-1.3010426069826E-015));
#2647=CARTESIAN_POINT('',(4.35,3.55,-1.30104260698261E-015));
#2648=CARTESIAN_POINT('',(4.40857864376269,3.75,0.200000000000002));
#2649=CARTESIAN_POINT('',(4.40857864376269,3.75,0.0828427124746197));
#2650=CARTESIAN_POINT('',(4.40857864376269,3.66715728752538,-1.3010426069826E-015));
#2651=CARTESIAN_POINT('',(4.40857864376269,3.55,-1.30104260698261E-015));
#2652=CARTESIAN_POINT('',(4.45,3.70857864376269,0.200000000000002));
#2653=CARTESIAN_POINT('',(4.45,3.70857864376269,0.107106781186548));
#2654=CARTESIAN_POINT('',(4.45,3.64289321881345,0.0414213562373086));
#2655=CARTESIAN_POINT('',(4.45,3.55,0.0414213562373086));
#2656=CARTESIAN_POINT('',(4.45,3.65,0.200000000000001));
#2657=CARTESIAN_POINT('',(4.45,3.65,0.14142135623731));
#2658=CARTESIAN_POINT('',(4.45,3.60857864376269,0.0999999999999998));
#2659=CARTESIAN_POINT('',(4.45,3.55,0.0999999999999998));
#2660=CARTESIAN_POINT('',(4.35,2.55,0.1));
#2661=CARTESIAN_POINT('',(4.35,2.55,0.1));
#2662=CARTESIAN_POINT('',(5.05,1.85,0.1));
#2663=CARTESIAN_POINT('',(5.05,2.55,0.1));
#2664=CARTESIAN_POINT('',(6.05,1.85,0.1));
#2665=CARTESIAN_POINT('',(6.25,1.85,0.1));
#2666=CARTESIAN_POINT('',(6.15,1.85,0.200000000000001));
#2667=CARTESIAN_POINT('',(6.05,1.85,0.200000000000002));
#2668=CARTESIAN_POINT('',(6.2,1.93660254037844,0.5));
#2669=CARTESIAN_POINT('',(6.2073752855294,1.93234441729269,0.5));
#2670=CARTESIAN_POINT('',(6.2142630980053,1.92704755227327,0.501661015465501));
#2671=CARTESIAN_POINT('',(6.22006292692371,1.92135254915885,0.504201758053299));
#2672=CARTESIAN_POINT('',(6.22695233916014,1.91458765579823,0.507219816571958));
#2673=CARTESIAN_POINT('',(6.232615890607,1.90704107468587,0.511546233166652));
#2674=CARTESIAN_POINT('',(6.23700013803402,1.8993049285778,0.516369808423615));
#2675=CARTESIAN_POINT('',(6.24317547050455,1.8884083550944,0.5231639461643));
#2676=CARTESIAN_POINT('',(6.24705491521132,1.87678700916131,0.531162830749168));
#2677=CARTESIAN_POINT('',(6.24883650578475,1.8652100336706,0.539276395068041));
#2678=CARTESIAN_POINT('',(6.24953044376912,1.86070074676883,0.542436666879893));
#2679=CARTESIAN_POINT('',(6.249912658868,1.85616431868263,0.545641528509995));
#2680=CARTESIAN_POINT('',(6.24998666549024,1.85163301103162,0.5488453247278));
#2681=CARTESIAN_POINT('',(6.24999555536696,1.85108869803374,0.549230173442174));
#2682=CARTESIAN_POINT('',(6.25,1.85054434910892,0.549615099688035));
#2683=CARTESIAN_POINT('',(6.25,1.85,0.55));
#2684=CARTESIAN_POINT('',(6.15,1.85,0.5));
#2685=CARTESIAN_POINT('',(6.2,3.55,0.55));
#2686=CARTESIAN_POINT('',(6.2,2.55,0.55));
#2687=CARTESIAN_POINT('',(6.05,3.7,0.55));
#2688=CARTESIAN_POINT('',(6.05,3.55,0.55));
#2689=CARTESIAN_POINT('',(5.05,3.7,0.55));
#2690=CARTESIAN_POINT('',(5.25,2.75,0.95));
#2691=CARTESIAN_POINT('',(4.64999999999995,2.39000000000041,13.5));
#2692=CARTESIAN_POINT('',(4.64999999999995,2.39000000000041,13.2252522580545));
#2693=CARTESIAN_POINT('',(4.64999999999995,2.39000000000041,13.2252522580545));
#2694=CARTESIAN_POINT('',(4.64999999999995,2.69000000000041,13.2252522580545));
#2695=CARTESIAN_POINT('',(4.64999999999995,2.69000000000041,13.5));
#2696=CARTESIAN_POINT('',(4.64999999999995,2.39000000000041,9.5));
#2697=CARTESIAN_POINT('',(4.64999999999995,2.69000000000041,13.5));
#2698=CARTESIAN_POINT('',(4.74999999999995,2.69000000000041,13.5));
#2699=CARTESIAN_POINT('',(5.04999999999995,2.69000000000041,13.5));
#2700=CARTESIAN_POINT('',(6.28878410799683,2.69000000000041,10.0964686356994));
#2701=CARTESIAN_POINT('',(5.14999999999995,2.69000000000041,13.2252522580545));
#2702=CARTESIAN_POINT('',(5.14999999999995,2.69000000000041,13.5));
#2703=CARTESIAN_POINT('',(3.45272700278282,2.69000000000041,9.93577173327772));
#2704=CARTESIAN_POINT('',(4.64999999999995,2.69000000000041,9.5));
#2705=CARTESIAN_POINT('',(5.14999999999995,2.69000000000041,13.2252522580545));
#2706=CARTESIAN_POINT('',(5.14999999999995,2.39000000000041,13.2252522580545));
#2707=CARTESIAN_POINT('',(5.14999999999995,2.39000000000041,13.5));
#2708=CARTESIAN_POINT('',(5.14999999999995,2.69000000000041,9.5));
#2709=CARTESIAN_POINT('',(6.34727299721708,2.39000000000041,9.93577173327772));
#2710=CARTESIAN_POINT('',(5.04999999999995,2.39000000000041,13.5));
#2711=CARTESIAN_POINT('',(4.64999999999995,2.39000000000041,13.5));
#2712=CARTESIAN_POINT('',(4.74999999999995,2.39000000000041,13.5));
#2713=CARTESIAN_POINT('',(3.51121589200307,2.39000000000041,10.0964686356994));
#2714=CARTESIAN_POINT('',(5.14999999999995,2.39000000000041,9.5));
#2715=CARTESIAN_POINT('',(5.04999999999995,2.39000000000041,13.5));
#2716=CARTESIAN_POINT('',(4.74999999999995,2.39000000000041,13.5));
#2717=CARTESIAN_POINT('',(4.64999999999995,2.39000000000041,13.5));
#2718=CARTESIAN_POINT('',(4.64999999999995,2.39000000000041,13.2252522580545));
#2719=CARTESIAN_POINT('',(5.04999999999995,2.39000000000041,13.5));
#2720=CARTESIAN_POINT('',(4.65000000000062,-2.38999999999977,13.5));
#2721=CARTESIAN_POINT('',(4.65000000000062,-2.38999999999977,13.2252522580545));
#2722=CARTESIAN_POINT('',(4.75000000000062,-2.38999999999974,13.5));
#2723=CARTESIAN_POINT('',(4.75000000000062,-2.38999999999974,13.5));
#2724=CARTESIAN_POINT('',(5.15000000000062,-2.38999999999963,13.5));
#2725=CARTESIAN_POINT('',(5.05000000000062,-2.38999999999966,13.5));
#2726=CARTESIAN_POINT('',(5.05000000000062,-2.38999999999966,13.5));
#2727=CARTESIAN_POINT('',(5.15000000000062,-2.38999999999963,13.2252522580545));
#2728=CARTESIAN_POINT('',(5.15000000000062,-2.38999999999963,13.5));
#2729=CARTESIAN_POINT('',(5.15000000000062,-2.38999999999963,13.5));
#2730=CARTESIAN_POINT('',(4.6500000000007,-2.68999999999977,13.5));
#2731=CARTESIAN_POINT('',(4.6500000000007,-2.68999999999977,13.2252522580545));
#2732=CARTESIAN_POINT('',(4.65000000000062,-2.38999999999977,13.2252522580545));
#2733=CARTESIAN_POINT('',(4.65000000000062,-2.38999999999977,13.5));
#2734=CARTESIAN_POINT('',(4.6500000000007,-2.68999999999977,13.5));
#2735=CARTESIAN_POINT('',(4.7500000000007,-2.68999999999974,13.5));
#2736=CARTESIAN_POINT('',(5.0500000000007,-2.68999999999966,13.5));
#2737=CARTESIAN_POINT('',(4.75000000000071,-2.68999999999974,13.5));
#2738=CARTESIAN_POINT('',(5.1500000000007,-2.68999999999963,13.5));
#2739=CARTESIAN_POINT('',(5.1500000000007,-2.68999999999963,13.2252522580545));
#2740=CARTESIAN_POINT('',(5.0500000000007,-2.68999999999966,13.5));
#2741=CARTESIAN_POINT('',(4.6500000000007,-2.68999999999977,13.5));
#2742=CARTESIAN_POINT('',(5.1500000000007,-2.68999999999963,13.2252522580545));
#2743=CARTESIAN_POINT('',(5.1500000000007,-2.68999999999963,13.5));
#2744=CARTESIAN_POINT('',(4.75000000000071,-2.68999999999974,13.5));
#2745=CARTESIAN_POINT('',(5.05000000000062,-2.38999999999966,13.5));
#2746=CARTESIAN_POINT('',(0.,0.,13.5));
#2747=CARTESIAN_POINT('',(5.04999999999996,1.40165656858925E-012,13.5));
#2748=CARTESIAN_POINT('',(4.74999999999996,1.31838984174236E-012,13.5));
#2749=CARTESIAN_POINT('',(0.,0.,0.));
#2750=CARTESIAN_POINT('',(0.,0.,0.));
#2751=(
GEOMETRIC_REPRESENTATION_CONTEXT(3)
GLOBAL_UNCERTAINTY_ASSIGNED_CONTEXT((#2754))
GLOBAL_UNIT_ASSIGNED_CONTEXT((#2762,#2758,#2757))
REPRESENTATION_CONTEXT('HFD23[1]','TOP_LEVEL_ASSEMBLY_PART')
);
#2752=(
GEOMETRIC_REPRESENTATION_CONTEXT(3)
GLOBAL_UNCERTAINTY_ASSIGNED_CONTEXT((#2755))
GLOBAL_UNIT_ASSIGNED_CONTEXT((#2762,#2758,#2757))
REPRESENTATION_CONTEXT('HFD23-005-1HP_stp_MODEL','COMPONENT_PART')
);
#2753=(
GEOMETRIC_REPRESENTATION_CONTEXT(3)
GLOBAL_UNCERTAINTY_ASSIGNED_CONTEXT((#2756))
GLOBAL_UNIT_ASSIGNED_CONTEXT((#2762,#2758,#2757))
REPRESENTATION_CONTEXT('HFD23-005-1HP_stp_21965ID19848',
'COMPONENT_PART')
);
#2754=UNCERTAINTY_MEASURE_WITH_UNIT(LENGTH_MEASURE(0.0508),#2762,
'DISTANCE_ACCURACY_VALUE','Maximum Tolerance applied to model');
#2755=UNCERTAINTY_MEASURE_WITH_UNIT(LENGTH_MEASURE(2.E-005),#2762,
'DISTANCE_ACCURACY_VALUE','Maximum Tolerance applied to model');
#2756=UNCERTAINTY_MEASURE_WITH_UNIT(LENGTH_MEASURE(2.E-005),#2762,
'DISTANCE_ACCURACY_VALUE','Maximum Tolerance applied to model');
#2757=(
NAMED_UNIT(*)
SI_UNIT($,.STERADIAN.)
SOLID_ANGLE_UNIT()
);
#2758=(
CONVERSION_BASED_UNIT('DEGREE',#2760)
NAMED_UNIT(#2759)
PLANE_ANGLE_UNIT()
);
#2759=DIMENSIONAL_EXPONENTS(0.,0.,0.,0.,0.,0.,0.);
#2760=PLANE_ANGLE_MEASURE_WITH_UNIT(PLANE_ANGLE_MEASURE(0.0174532925),#2761);
#2761=(
NAMED_UNIT(*)
PLANE_ANGLE_UNIT()
SI_UNIT($,.RADIAN.)
);
#2762=(
LENGTH_UNIT()
NAMED_UNIT(*)
SI_UNIT(.MILLI.,.METRE.)
);
ENDSEC;
END-ISO-10303-21;
