ISO-10303-21;
HEADER;
FILE_DESCRIPTION(('Open CASCADE Model'),'2;1');
FILE_NAME('Open CASCADE Shape Model','2026-07-07T12:46:19',('Author'),(
    'Open CASCADE'),'Open CASCADE STEP processor 7.9','build123d',
  'Unknown');
FILE_SCHEMA(('AUTOMOTIVE_DESIGN { 1 0 10303 214 1 1 1 1 }'));
ENDSEC;
DATA;
#1 = APPLICATION_PROTOCOL_DEFINITION('international standard',
  'automotive_design',2000,#2);
#2 = APPLICATION_CONTEXT(
  'core data for automotive mechanical design processes');
#3 = SHAPE_DEFINITION_REPRESENTATION(#4,#10);
#4 = PRODUCT_DEFINITION_SHAPE('','',#5);
#5 = PRODUCT_DEFINITION('design','',#6,#9);
#6 = PRODUCT_DEFINITION_FORMATION('','',#7);
#7 = PRODUCT('COMPOUND','COMPOUND','',(#8));
#8 = PRODUCT_CONTEXT('',#2,'mechanical');
#9 = PRODUCT_DEFINITION_CONTEXT('part definition',#2,'design');
#10 = SHAPE_REPRESENTATION('',(#11,#15,#1201,#2371),#3021);
#11 = AXIS2_PLACEMENT_3D('',#12,#13,#14);
#12 = CARTESIAN_POINT('',(0.,0.,0.));
#13 = DIRECTION('',(0.,0.,1.));
#14 = DIRECTION('',(1.,0.,-0.));
#15 = MANIFOLD_SOLID_BREP('',#16);
#16 = CLOSED_SHELL('',(#17,#137,#252,#460,#531,#602,#673,#728,#782,#832,
    #881,#930,#985,#1035,#1090,#1140,#1167,#1194));
#17 = ADVANCED_FACE('',(#18),#32,.F.);
#18 = FACE_BOUND('',#19,.T.);
#19 = EDGE_LOOP('',(#20,#55,#83,#111));
#20 = ORIENTED_EDGE('',*,*,#21,.T.);
#21 = EDGE_CURVE('',#22,#24,#26,.T.);
#22 = VERTEX_POINT('',#23);
#23 = CARTESIAN_POINT('',(-3.05,-1.095,2.69));
#24 = VERTEX_POINT('',#25);
#25 = CARTESIAN_POINT('',(-3.05,1.095,2.69));
#26 = SURFACE_CURVE('',#27,(#31,#43),.PCURVE_S1.);
#27 = LINE('',#28,#29);
#28 = CARTESIAN_POINT('',(-3.05,1.345,2.69));
#29 = VECTOR('',#30,1.);
#30 = DIRECTION('',(0.,1.,-1.110223024625E-16));
#31 = PCURVE('',#32,#37);
#32 = PLANE('',#33);
#33 = AXIS2_PLACEMENT_3D('',#34,#35,#36);
#34 = CARTESIAN_POINT('',(-3.05,-1.345,2.94));
#35 = DIRECTION('',(1.,0.,0.));
#36 = DIRECTION('',(0.,1.,-1.110223024625E-16));
#37 = DEFINITIONAL_REPRESENTATION('',(#38),#42);
#38 = LINE('',#39,#40);
#39 = CARTESIAN_POINT('',(2.69,-0.25));
#40 = VECTOR('',#41,1.);
#41 = DIRECTION('',(1.,0.));
#42 = ( GEOMETRIC_REPRESENTATION_CONTEXT(2) 
PARAMETRIC_REPRESENTATION_CONTEXT() REPRESENTATION_CONTEXT('2D SPACE',''
  ) );
#43 = PCURVE('',#44,#49);
#44 = CYLINDRICAL_SURFACE('',#45,0.25);
#45 = AXIS2_PLACEMENT_3D('',#46,#47,#48);
#46 = CARTESIAN_POINT('',(-2.8,8.537615059367E-16,2.69));
#47 = DIRECTION('',(0.,1.,-1.110223024625E-16));
#48 = DIRECTION('',(-1.,0.,0.));
#49 = DEFINITIONAL_REPRESENTATION('',(#50),#54);
#50 = LINE('',#51,#52);
#51 = CARTESIAN_POINT('',(0.,1.345));
#52 = VECTOR('',#53,1.);
#53 = DIRECTION('',(0.,1.));
#54 = ( GEOMETRIC_REPRESENTATION_CONTEXT(2) 
PARAMETRIC_REPRESENTATION_CONTEXT() REPRESENTATION_CONTEXT('2D SPACE',''
  ) );
#55 = ORIENTED_EDGE('',*,*,#56,.T.);
#56 = EDGE_CURVE('',#24,#57,#59,.T.);
#57 = VERTEX_POINT('',#58);
#58 = CARTESIAN_POINT('',(-3.05,1.095,0.25));
#59 = SURFACE_CURVE('',#60,(#64,#71),.PCURVE_S1.);
#60 = LINE('',#61,#62);
#61 = CARTESIAN_POINT('',(-3.05,1.095,2.94));
#62 = VECTOR('',#63,1.);
#63 = DIRECTION('',(0.,-1.110223024625E-16,-1.));
#64 = PCURVE('',#32,#65);
#65 = DEFINITIONAL_REPRESENTATION('',(#66),#70);
#66 = LINE('',#67,#68);
#67 = CARTESIAN_POINT('',(2.44,0.));
#68 = VECTOR('',#69,1.);
#69 = DIRECTION('',(-0.,-1.));
#70 = ( GEOMETRIC_REPRESENTATION_CONTEXT(2) 
PARAMETRIC_REPRESENTATION_CONTEXT() REPRESENTATION_CONTEXT('2D SPACE',''
  ) );
#71 = PCURVE('',#72,#77);
#72 = CYLINDRICAL_SURFACE('',#73,0.25);
#73 = AXIS2_PLACEMENT_3D('',#74,#75,#76);
#74 = CARTESIAN_POINT('',(-2.8,1.095,2.94));
#75 = DIRECTION('',(0.,-1.110223024625E-16,-1.));
#76 = DIRECTION('',(0.,1.,-1.110223024625E-16));
#77 = DEFINITIONAL_REPRESENTATION('',(#78),#82);
#78 = LINE('',#79,#80);
#79 = CARTESIAN_POINT('',(4.712388980385,0.));
#80 = VECTOR('',#81,1.);
#81 = DIRECTION('',(0.,1.));
#82 = ( GEOMETRIC_REPRESENTATION_CONTEXT(2) 
PARAMETRIC_REPRESENTATION_CONTEXT() REPRESENTATION_CONTEXT('2D SPACE',''
  ) );
#83 = ORIENTED_EDGE('',*,*,#84,.T.);
#84 = EDGE_CURVE('',#57,#85,#87,.T.);
#85 = VERTEX_POINT('',#86);
#86 = CARTESIAN_POINT('',(-3.05,-1.095,0.25));
#87 = SURFACE_CURVE('',#88,(#92,#99),.PCURVE_S1.);
#88 = LINE('',#89,#90);
#89 = CARTESIAN_POINT('',(-3.05,-1.345,0.25));
#90 = VECTOR('',#91,1.);
#91 = DIRECTION('',(0.,-1.,1.110223024625E-16));
#92 = PCURVE('',#32,#93);
#93 = DEFINITIONAL_REPRESENTATION('',(#94),#98);
#94 = LINE('',#95,#96);
#95 = CARTESIAN_POINT('',(0.,-2.69));
#96 = VECTOR('',#97,1.);
#97 = DIRECTION('',(-1.,0.));
#98 = ( GEOMETRIC_REPRESENTATION_CONTEXT(2) 
PARAMETRIC_REPRESENTATION_CONTEXT() REPRESENTATION_CONTEXT('2D SPACE',''
  ) );
#99 = PCURVE('',#100,#105);
#100 = CYLINDRICAL_SURFACE('',#101,0.25);
#101 = AXIS2_PLACEMENT_3D('',#102,#103,#104);
#102 = CARTESIAN_POINT('',(-2.8,-1.345,0.25));
#103 = DIRECTION('',(0.,-1.,1.110223024625E-16));
#104 = DIRECTION('',(1.,0.,0.));
#105 = DEFINITIONAL_REPRESENTATION('',(#106),#110);
#106 = LINE('',#107,#108);
#107 = CARTESIAN_POINT('',(3.14159265359,0.));
#108 = VECTOR('',#109,1.);
#109 = DIRECTION('',(0.,1.));
#110 = ( GEOMETRIC_REPRESENTATION_CONTEXT(2) 
PARAMETRIC_REPRESENTATION_CONTEXT() REPRESENTATION_CONTEXT('2D SPACE',''
  ) );
#111 = ORIENTED_EDGE('',*,*,#112,.T.);
#112 = EDGE_CURVE('',#85,#22,#113,.T.);
#113 = SURFACE_CURVE('',#114,(#118,#125),.PCURVE_S1.);
#114 = LINE('',#115,#116);
#115 = CARTESIAN_POINT('',(-3.05,-1.095,2.94));
#116 = VECTOR('',#117,1.);
#117 = DIRECTION('',(0.,1.110223024625E-16,1.));
#118 = PCURVE('',#32,#119);
#119 = DEFINITIONAL_REPRESENTATION('',(#120),#124);
#120 = LINE('',#121,#122);
#121 = CARTESIAN_POINT('',(0.25,0.));
#122 = VECTOR('',#123,1.);
#123 = DIRECTION('',(0.,1.));
#124 = ( GEOMETRIC_REPRESENTATION_CONTEXT(2) 
PARAMETRIC_REPRESENTATION_CONTEXT() REPRESENTATION_CONTEXT('2D SPACE',''
  ) );
#125 = PCURVE('',#126,#131);
#126 = CYLINDRICAL_SURFACE('',#127,0.25);
#127 = AXIS2_PLACEMENT_3D('',#128,#129,#130);
#128 = CARTESIAN_POINT('',(-2.8,-1.095,2.94));
#129 = DIRECTION('',(0.,-1.110223024625E-16,-1.));
#130 = DIRECTION('',(0.,1.,-1.110223024625E-16));
#131 = DEFINITIONAL_REPRESENTATION('',(#132),#136);
#132 = LINE('',#133,#134);
#133 = CARTESIAN_POINT('',(4.712388980385,0.));
#134 = VECTOR('',#135,1.);
#135 = DIRECTION('',(0.,-1.));
#136 = ( GEOMETRIC_REPRESENTATION_CONTEXT(2) 
PARAMETRIC_REPRESENTATION_CONTEXT() REPRESENTATION_CONTEXT('2D SPACE',''
  ) );
#137 = ADVANCED_FACE('',(#138),#152,.F.);
#138 = FACE_BOUND('',#139,.T.);
#139 = EDGE_LOOP('',(#140,#170,#198,#226));
#140 = ORIENTED_EDGE('',*,*,#141,.T.);
#141 = EDGE_CURVE('',#142,#144,#146,.T.);
#142 = VERTEX_POINT('',#143);
#143 = CARTESIAN_POINT('',(-2.8,-1.345,2.69));
#144 = VERTEX_POINT('',#145);
#145 = CARTESIAN_POINT('',(-2.8,-1.345,0.25));
#146 = SURFACE_CURVE('',#147,(#151,#163),.PCURVE_S1.);
#147 = LINE('',#148,#149);
#148 = CARTESIAN_POINT('',(-2.8,-1.345,2.94));
#149 = VECTOR('',#150,1.);
#150 = DIRECTION('',(0.,-1.110223024625E-16,-1.));
#151 = PCURVE('',#152,#157);
#152 = PLANE('',#153);
#153 = AXIS2_PLACEMENT_3D('',#154,#155,#156);
#154 = CARTESIAN_POINT('',(-1.6,-1.345,2.94));
#155 = DIRECTION('',(-2.990902544788E-16,1.,-1.110223024625E-16));
#156 = DIRECTION('',(-1.,-2.990902544788E-16,3.320568869633E-32));
#157 = DEFINITIONAL_REPRESENTATION('',(#158),#162);
#158 = LINE('',#159,#160);
#159 = CARTESIAN_POINT('',(1.2,0.));
#160 = VECTOR('',#161,1.);
#161 = DIRECTION('',(0.,-1.));
#162 = ( GEOMETRIC_REPRESENTATION_CONTEXT(2) 
PARAMETRIC_REPRESENTATION_CONTEXT() REPRESENTATION_CONTEXT('2D SPACE',''
  ) );
#163 = PCURVE('',#126,#164);
#164 = DEFINITIONAL_REPRESENTATION('',(#165),#169);
#165 = LINE('',#166,#167);
#166 = CARTESIAN_POINT('',(3.14159265359,0.));
#167 = VECTOR('',#168,1.);
#168 = DIRECTION('',(0.,1.));
#169 = ( GEOMETRIC_REPRESENTATION_CONTEXT(2) 
PARAMETRIC_REPRESENTATION_CONTEXT() REPRESENTATION_CONTEXT('2D SPACE',''
  ) );
#170 = ORIENTED_EDGE('',*,*,#171,.T.);
#171 = EDGE_CURVE('',#144,#172,#174,.T.);
#172 = VERTEX_POINT('',#173);
#173 = CARTESIAN_POINT('',(-1.6,-1.345,0.25));
#174 = SURFACE_CURVE('',#175,(#179,#186),.PCURVE_S1.);
#175 = LINE('',#176,#177);
#176 = CARTESIAN_POINT('',(-1.6,-1.345,0.25));
#177 = VECTOR('',#178,1.);
#178 = DIRECTION('',(1.,2.990902544788E-16,-3.320568869633E-32));
#179 = PCURVE('',#152,#180);
#180 = DEFINITIONAL_REPRESENTATION('',(#181),#185);
#181 = LINE('',#182,#183);
#182 = CARTESIAN_POINT('',(0.,-2.69));
#183 = VECTOR('',#184,1.);
#184 = DIRECTION('',(-1.,0.));
#185 = ( GEOMETRIC_REPRESENTATION_CONTEXT(2) 
PARAMETRIC_REPRESENTATION_CONTEXT() REPRESENTATION_CONTEXT('2D SPACE',''
  ) );
#186 = PCURVE('',#187,#192);
#187 = CYLINDRICAL_SURFACE('',#188,0.25);
#188 = AXIS2_PLACEMENT_3D('',#189,#190,#191);
#189 = CARTESIAN_POINT('',(-1.6,-1.095,0.25));
#190 = DIRECTION('',(1.,2.990902544788E-16,-3.320568869633E-32));
#191 = DIRECTION('',(-2.990902544788E-16,1.,-1.110223024625E-16));
#192 = DEFINITIONAL_REPRESENTATION('',(#193),#197);
#193 = LINE('',#194,#195);
#194 = CARTESIAN_POINT('',(3.14159265359,-2.22044604925E-16));
#195 = VECTOR('',#196,1.);
#196 = DIRECTION('',(0.,1.));
#197 = ( GEOMETRIC_REPRESENTATION_CONTEXT(2) 
PARAMETRIC_REPRESENTATION_CONTEXT() REPRESENTATION_CONTEXT('2D SPACE',''
  ) );
#198 = ORIENTED_EDGE('',*,*,#199,.F.);
#199 = EDGE_CURVE('',#200,#172,#202,.T.);
#200 = VERTEX_POINT('',#201);
#201 = CARTESIAN_POINT('',(-1.6,-1.345,2.69));
#202 = SURFACE_CURVE('',#203,(#207,#214),.PCURVE_S1.);
#203 = LINE('',#204,#205);
#204 = CARTESIAN_POINT('',(-1.6,-1.345,2.94));
#205 = VECTOR('',#206,1.);
#206 = DIRECTION('',(-0.,-1.110223024625E-16,-1.));
#207 = PCURVE('',#152,#208);
#208 = DEFINITIONAL_REPRESENTATION('',(#209),#213);
#209 = LINE('',#210,#211);
#210 = CARTESIAN_POINT('',(0.,0.));
#211 = VECTOR('',#212,1.);
#212 = DIRECTION('',(0.,-1.));
#213 = ( GEOMETRIC_REPRESENTATION_CONTEXT(2) 
PARAMETRIC_REPRESENTATION_CONTEXT() REPRESENTATION_CONTEXT('2D SPACE',''
  ) );
#214 = PCURVE('',#215,#220);
#215 = PLANE('',#216);
#216 = AXIS2_PLACEMENT_3D('',#217,#218,#219);
#217 = CARTESIAN_POINT('',(-1.6,-1.345,2.94));
#218 = DIRECTION('',(-1.,0.,0.));
#219 = DIRECTION('',(0.,-1.,1.110223024625E-16));
#220 = DEFINITIONAL_REPRESENTATION('',(#221),#225);
#221 = LINE('',#222,#223);
#222 = CARTESIAN_POINT('',(0.,0.));
#223 = VECTOR('',#224,1.);
#224 = DIRECTION('',(0.,-1.));
#225 = ( GEOMETRIC_REPRESENTATION_CONTEXT(2) 
PARAMETRIC_REPRESENTATION_CONTEXT() REPRESENTATION_CONTEXT('2D SPACE',''
  ) );
#226 = ORIENTED_EDGE('',*,*,#227,.T.);
#227 = EDGE_CURVE('',#200,#142,#228,.T.);
#228 = SURFACE_CURVE('',#229,(#233,#240),.PCURVE_S1.);
#229 = LINE('',#230,#231);
#230 = CARTESIAN_POINT('',(-3.05,-1.345,2.69));
#231 = VECTOR('',#232,1.);
#232 = DIRECTION('',(-1.,-2.990902544788E-16,3.320568869633E-32));
#233 = PCURVE('',#152,#234);
#234 = DEFINITIONAL_REPRESENTATION('',(#235),#239);
#235 = LINE('',#236,#237);
#236 = CARTESIAN_POINT('',(1.45,-0.25));
#237 = VECTOR('',#238,1.);
#238 = DIRECTION('',(1.,0.));
#239 = ( GEOMETRIC_REPRESENTATION_CONTEXT(2) 
PARAMETRIC_REPRESENTATION_CONTEXT() REPRESENTATION_CONTEXT('2D SPACE',''
  ) );
#240 = PCURVE('',#241,#246);
#241 = CYLINDRICAL_SURFACE('',#242,0.25);
#242 = AXIS2_PLACEMENT_3D('',#243,#244,#245);
#243 = CARTESIAN_POINT('',(3.275038286542E-16,-1.095,2.69));
#244 = DIRECTION('',(-1.,-2.990902544788E-16,3.320568869633E-32));
#245 = DIRECTION('',(2.990902544788E-16,-1.,1.110223024625E-16));
#246 = DEFINITIONAL_REPRESENTATION('',(#247),#251);
#247 = LINE('',#248,#249);
#248 = CARTESIAN_POINT('',(0.,3.05));
#249 = VECTOR('',#250,1.);
#250 = DIRECTION('',(0.,1.));
#251 = ( GEOMETRIC_REPRESENTATION_CONTEXT(2) 
PARAMETRIC_REPRESENTATION_CONTEXT() REPRESENTATION_CONTEXT('2D SPACE',''
  ) );
#252 = ADVANCED_FACE('',(#253),#215,.F.);
#253 = FACE_BOUND('',#254,.T.);
#254 = EDGE_LOOP('',(#255,#285,#318,#346,#379,#407,#433,#434));
#255 = ORIENTED_EDGE('',*,*,#256,.T.);
#256 = EDGE_CURVE('',#257,#259,#261,.T.);
#257 = VERTEX_POINT('',#258);
#258 = CARTESIAN_POINT('',(-1.6,-1.095,4.54636328584E-16));
#259 = VERTEX_POINT('',#260);
#260 = CARTESIAN_POINT('',(-1.6,1.095,2.114974861911E-16));
#261 = SURFACE_CURVE('',#262,(#266,#273),.PCURVE_S1.);
#262 = LINE('',#263,#264);
#263 = CARTESIAN_POINT('',(-1.6,-1.345,4.823919041996E-16));
#264 = VECTOR('',#265,1.);
#265 = DIRECTION('',(0.,1.,-1.110223024625E-16));
#266 = PCURVE('',#215,#267);
#267 = DEFINITIONAL_REPRESENTATION('',(#268),#272);
#268 = LINE('',#269,#270);
#269 = CARTESIAN_POINT('',(0.,-2.94));
#270 = VECTOR('',#271,1.);
#271 = DIRECTION('',(-1.,0.));
#272 = ( GEOMETRIC_REPRESENTATION_CONTEXT(2) 
PARAMETRIC_REPRESENTATION_CONTEXT() REPRESENTATION_CONTEXT('2D SPACE',''
  ) );
#273 = PCURVE('',#274,#279);
#274 = PLANE('',#275);
#275 = AXIS2_PLACEMENT_3D('',#276,#277,#278);
#276 = CARTESIAN_POINT('',(0.,5.551115123126E-16,3.330669073875E-16));
#277 = DIRECTION('',(0.,1.110223024625E-16,1.));
#278 = DIRECTION('',(0.,-1.,1.110223024625E-16));
#279 = DEFINITIONAL_REPRESENTATION('',(#280),#284);
#280 = LINE('',#281,#282);
#281 = CARTESIAN_POINT('',(1.345,-1.6));
#282 = VECTOR('',#283,1.);
#283 = DIRECTION('',(-1.,0.));
#284 = ( GEOMETRIC_REPRESENTATION_CONTEXT(2) 
PARAMETRIC_REPRESENTATION_CONTEXT() REPRESENTATION_CONTEXT('2D SPACE',''
  ) );
#285 = ORIENTED_EDGE('',*,*,#286,.T.);
#286 = EDGE_CURVE('',#259,#287,#289,.T.);
#287 = VERTEX_POINT('',#288);
#288 = CARTESIAN_POINT('',(-1.6,1.345,0.25));
#289 = SURFACE_CURVE('',#290,(#295,#306),.PCURVE_S1.);
#290 = CIRCLE('',#291,0.25);
#291 = AXIS2_PLACEMENT_3D('',#292,#293,#294);
#292 = CARTESIAN_POINT('',(-1.6,1.095,0.25));
#293 = DIRECTION('',(1.,0.,0.));
#294 = DIRECTION('',(0.,-1.,1.110223024625E-16));
#295 = PCURVE('',#215,#296);
#296 = DEFINITIONAL_REPRESENTATION('',(#297),#305);
#297 = ( BOUNDED_CURVE() B_SPLINE_CURVE(2,(#298,#299,#300,#301,#302,#303
,#304),.UNSPECIFIED.,.T.,.F.) B_SPLINE_CURVE_WITH_KNOTS((1,2,2,2,2,1),(
    -2.094395102393,0.,2.094395102393,4.188790204786,6.28318530718,
8.377580409573),.UNSPECIFIED.) CURVE() GEOMETRIC_REPRESENTATION_ITEM() 
RATIONAL_B_SPLINE_CURVE((1.,0.5,1.,0.5,1.,0.5,1.)) REPRESENTATION_ITEM(
  '') );
#298 = CARTESIAN_POINT('',(-2.19,-2.69));
#299 = CARTESIAN_POINT('',(-2.19,-3.123012701892));
#300 = CARTESIAN_POINT('',(-2.565,-2.906506350946));
#301 = CARTESIAN_POINT('',(-2.94,-2.69));
#302 = CARTESIAN_POINT('',(-2.565,-2.473493649054));
#303 = CARTESIAN_POINT('',(-2.19,-2.256987298108));
#304 = CARTESIAN_POINT('',(-2.19,-2.69));
#305 = ( GEOMETRIC_REPRESENTATION_CONTEXT(2) 
PARAMETRIC_REPRESENTATION_CONTEXT() REPRESENTATION_CONTEXT('2D SPACE',''
  ) );
#306 = PCURVE('',#307,#312);
#307 = CYLINDRICAL_SURFACE('',#308,0.25);
#308 = AXIS2_PLACEMENT_3D('',#309,#310,#311);
#309 = CARTESIAN_POINT('',(-1.6,1.095,0.25));
#310 = DIRECTION('',(-1.,-2.990902544788E-16,3.320568869633E-32));
#311 = DIRECTION('',(2.990902544788E-16,-1.,1.110223024625E-16));
#312 = DEFINITIONAL_REPRESENTATION('',(#313),#317);
#313 = LINE('',#314,#315);
#314 = CARTESIAN_POINT('',(6.28318530718,2.22044604925E-16));
#315 = VECTOR('',#316,1.);
#316 = DIRECTION('',(-1.,-1.413579858428E-16));
#317 = ( GEOMETRIC_REPRESENTATION_CONTEXT(2) 
PARAMETRIC_REPRESENTATION_CONTEXT() REPRESENTATION_CONTEXT('2D SPACE',''
  ) );
#318 = ORIENTED_EDGE('',*,*,#319,.F.);
#319 = EDGE_CURVE('',#320,#287,#322,.T.);
#320 = VERTEX_POINT('',#321);
#321 = CARTESIAN_POINT('',(-1.6,1.345,2.69));
#322 = SURFACE_CURVE('',#323,(#327,#334),.PCURVE_S1.);
#323 = LINE('',#324,#325);
#324 = CARTESIAN_POINT('',(-1.6,1.345,2.94));
#325 = VECTOR('',#326,1.);
#326 = DIRECTION('',(-0.,-1.110223024625E-16,-1.));
#327 = PCURVE('',#215,#328);
#328 = DEFINITIONAL_REPRESENTATION('',(#329),#333);
#329 = LINE('',#330,#331);
#330 = CARTESIAN_POINT('',(-2.69,0.));
#331 = VECTOR('',#332,1.);
#332 = DIRECTION('',(0.,-1.));
#333 = ( GEOMETRIC_REPRESENTATION_CONTEXT(2) 
PARAMETRIC_REPRESENTATION_CONTEXT() REPRESENTATION_CONTEXT('2D SPACE',''
  ) );
#334 = PCURVE('',#335,#340);
#335 = PLANE('',#336);
#336 = AXIS2_PLACEMENT_3D('',#337,#338,#339);
#337 = CARTESIAN_POINT('',(-1.6,1.345,2.94));
#338 = DIRECTION('',(2.990902544788E-16,-1.,1.110223024625E-16));
#339 = DIRECTION('',(1.,2.990902544788E-16,-3.320568869633E-32));
#340 = DEFINITIONAL_REPRESENTATION('',(#341),#345);
#341 = LINE('',#342,#343);
#342 = CARTESIAN_POINT('',(0.,0.));
#343 = VECTOR('',#344,1.);
#344 = DIRECTION('',(0.,-1.));
#345 = ( GEOMETRIC_REPRESENTATION_CONTEXT(2) 
PARAMETRIC_REPRESENTATION_CONTEXT() REPRESENTATION_CONTEXT('2D SPACE',''
  ) );
#346 = ORIENTED_EDGE('',*,*,#347,.T.);
#347 = EDGE_CURVE('',#320,#348,#350,.T.);
#348 = VERTEX_POINT('',#349);
#349 = CARTESIAN_POINT('',(-1.6,1.095,2.94));
#350 = SURFACE_CURVE('',#351,(#356,#367),.PCURVE_S1.);
#351 = CIRCLE('',#352,0.25);
#352 = AXIS2_PLACEMENT_3D('',#353,#354,#355);
#353 = CARTESIAN_POINT('',(-1.6,1.095,2.69));
#354 = DIRECTION('',(1.,0.,0.));
#355 = DIRECTION('',(0.,-1.,1.110223024625E-16));
#356 = PCURVE('',#215,#357);
#357 = DEFINITIONAL_REPRESENTATION('',(#358),#366);
#358 = ( BOUNDED_CURVE() B_SPLINE_CURVE(2,(#359,#360,#361,#362,#363,#364
,#365),.UNSPECIFIED.,.T.,.F.) B_SPLINE_CURVE_WITH_KNOTS((1,2,2,2,2,1),(
    -2.094395102393,0.,2.094395102393,4.188790204786,6.28318530718,
8.377580409573),.UNSPECIFIED.) CURVE() GEOMETRIC_REPRESENTATION_ITEM() 
RATIONAL_B_SPLINE_CURVE((1.,0.5,1.,0.5,1.,0.5,1.)) REPRESENTATION_ITEM(
  '') );
#359 = CARTESIAN_POINT('',(-2.19,-0.25));
#360 = CARTESIAN_POINT('',(-2.19,-0.683012701892));
#361 = CARTESIAN_POINT('',(-2.565,-0.466506350946));
#362 = CARTESIAN_POINT('',(-2.94,-0.25));
#363 = CARTESIAN_POINT('',(-2.565,-3.349364905389E-02));
#364 = CARTESIAN_POINT('',(-2.19,0.183012701892));
#365 = CARTESIAN_POINT('',(-2.19,-0.25));
#366 = ( GEOMETRIC_REPRESENTATION_CONTEXT(2) 
PARAMETRIC_REPRESENTATION_CONTEXT() REPRESENTATION_CONTEXT('2D SPACE',''
  ) );
#367 = PCURVE('',#368,#373);
#368 = CYLINDRICAL_SURFACE('',#369,0.25);
#369 = AXIS2_PLACEMENT_3D('',#370,#371,#372);
#370 = CARTESIAN_POINT('',(-3.275038286542E-16,1.095,2.69));
#371 = DIRECTION('',(1.,2.990902544788E-16,-3.320568869633E-32));
#372 = DIRECTION('',(-2.990902544788E-16,1.,-1.110223024625E-16));
#373 = DEFINITIONAL_REPRESENTATION('',(#374),#378);
#374 = LINE('',#375,#376);
#375 = CARTESIAN_POINT('',(-3.14159265359,-1.6));
#376 = VECTOR('',#377,1.);
#377 = DIRECTION('',(1.,-1.413579858428E-16));
#378 = ( GEOMETRIC_REPRESENTATION_CONTEXT(2) 
PARAMETRIC_REPRESENTATION_CONTEXT() REPRESENTATION_CONTEXT('2D SPACE',''
  ) );
#379 = ORIENTED_EDGE('',*,*,#380,.F.);
#380 = EDGE_CURVE('',#381,#348,#383,.T.);
#381 = VERTEX_POINT('',#382);
#382 = CARTESIAN_POINT('',(-1.6,-1.095,2.94));
#383 = SURFACE_CURVE('',#384,(#388,#395),.PCURVE_S1.);
#384 = LINE('',#385,#386);
#385 = CARTESIAN_POINT('',(-1.6,-1.345,2.94));
#386 = VECTOR('',#387,1.);
#387 = DIRECTION('',(0.,1.,-1.110223024625E-16));
#388 = PCURVE('',#215,#389);
#389 = DEFINITIONAL_REPRESENTATION('',(#390),#394);
#390 = LINE('',#391,#392);
#391 = CARTESIAN_POINT('',(0.,0.));
#392 = VECTOR('',#393,1.);
#393 = DIRECTION('',(-1.,0.));
#394 = ( GEOMETRIC_REPRESENTATION_CONTEXT(2) 
PARAMETRIC_REPRESENTATION_CONTEXT() REPRESENTATION_CONTEXT('2D SPACE',''
  ) );
#395 = PCURVE('',#396,#401);
#396 = PLANE('',#397);
#397 = AXIS2_PLACEMENT_3D('',#398,#399,#400);
#398 = CARTESIAN_POINT('',(0.,8.815170815524E-16,2.94));
#399 = DIRECTION('',(0.,1.110223024625E-16,1.));
#400 = DIRECTION('',(0.,-1.,1.110223024625E-16));
#401 = DEFINITIONAL_REPRESENTATION('',(#402),#406);
#402 = LINE('',#403,#404);
#403 = CARTESIAN_POINT('',(1.345,-1.6));
#404 = VECTOR('',#405,1.);
#405 = DIRECTION('',(-1.,0.));
#406 = ( GEOMETRIC_REPRESENTATION_CONTEXT(2) 
PARAMETRIC_REPRESENTATION_CONTEXT() REPRESENTATION_CONTEXT('2D SPACE',''
  ) );
#407 = ORIENTED_EDGE('',*,*,#408,.T.);
#408 = EDGE_CURVE('',#381,#200,#409,.T.);
#409 = SURFACE_CURVE('',#410,(#415,#426),.PCURVE_S1.);
#410 = CIRCLE('',#411,0.25);
#411 = AXIS2_PLACEMENT_3D('',#412,#413,#414);
#412 = CARTESIAN_POINT('',(-1.6,-1.095,2.69));
#413 = DIRECTION('',(1.,0.,0.));
#414 = DIRECTION('',(0.,-1.,1.110223024625E-16));
#415 = PCURVE('',#215,#416);
#416 = DEFINITIONAL_REPRESENTATION('',(#417),#425);
#417 = ( BOUNDED_CURVE() B_SPLINE_CURVE(2,(#418,#419,#420,#421,#422,#423
,#424),.UNSPECIFIED.,.T.,.F.) B_SPLINE_CURVE_WITH_KNOTS((1,2,2,2,2,1),(
    -2.094395102393,0.,2.094395102393,4.188790204786,6.28318530718,
8.377580409573),.UNSPECIFIED.) CURVE() GEOMETRIC_REPRESENTATION_ITEM() 
RATIONAL_B_SPLINE_CURVE((1.,0.5,1.,0.5,1.,0.5,1.)) REPRESENTATION_ITEM(
  '') );
#418 = CARTESIAN_POINT('',(0.,-0.25));
#419 = CARTESIAN_POINT('',(0.,-0.683012701892));
#420 = CARTESIAN_POINT('',(-0.375,-0.466506350946));
#421 = CARTESIAN_POINT('',(-0.75,-0.25));
#422 = CARTESIAN_POINT('',(-0.375,-3.349364905389E-02));
#423 = CARTESIAN_POINT('',(-3.885780586188E-16,0.183012701892));
#424 = CARTESIAN_POINT('',(0.,-0.25));
#425 = ( GEOMETRIC_REPRESENTATION_CONTEXT(2) 
PARAMETRIC_REPRESENTATION_CONTEXT() REPRESENTATION_CONTEXT('2D SPACE',''
  ) );
#426 = PCURVE('',#241,#427);
#427 = DEFINITIONAL_REPRESENTATION('',(#428),#432);
#428 = LINE('',#429,#430);
#429 = CARTESIAN_POINT('',(6.28318530718,1.6));
#430 = VECTOR('',#431,1.);
#431 = DIRECTION('',(-1.,1.413579858428E-16));
#432 = ( GEOMETRIC_REPRESENTATION_CONTEXT(2) 
PARAMETRIC_REPRESENTATION_CONTEXT() REPRESENTATION_CONTEXT('2D SPACE',''
  ) );
#433 = ORIENTED_EDGE('',*,*,#199,.T.);
#434 = ORIENTED_EDGE('',*,*,#435,.T.);
#435 = EDGE_CURVE('',#172,#257,#436,.T.);
#436 = SURFACE_CURVE('',#437,(#442,#453),.PCURVE_S1.);
#437 = CIRCLE('',#438,0.25);
#438 = AXIS2_PLACEMENT_3D('',#439,#440,#441);
#439 = CARTESIAN_POINT('',(-1.6,-1.095,0.25));
#440 = DIRECTION('',(1.,0.,0.));
#441 = DIRECTION('',(0.,-1.,1.110223024625E-16));
#442 = PCURVE('',#215,#443);
#443 = DEFINITIONAL_REPRESENTATION('',(#444),#452);
#444 = ( BOUNDED_CURVE() B_SPLINE_CURVE(2,(#445,#446,#447,#448,#449,#450
,#451),.UNSPECIFIED.,.T.,.F.) B_SPLINE_CURVE_WITH_KNOTS((1,2,2,2,2,1),(
    -2.094395102393,0.,2.094395102393,4.188790204786,6.28318530718,
8.377580409573),.UNSPECIFIED.) CURVE() GEOMETRIC_REPRESENTATION_ITEM() 
RATIONAL_B_SPLINE_CURVE((1.,0.5,1.,0.5,1.,0.5,1.)) REPRESENTATION_ITEM(
  '') );
#445 = CARTESIAN_POINT('',(0.,-2.69));
#446 = CARTESIAN_POINT('',(0.,-3.123012701892));
#447 = CARTESIAN_POINT('',(-0.375,-2.906506350946));
#448 = CARTESIAN_POINT('',(-0.75,-2.69));
#449 = CARTESIAN_POINT('',(-0.375,-2.473493649054));
#450 = CARTESIAN_POINT('',(-3.885780586188E-16,-2.256987298108));
#451 = CARTESIAN_POINT('',(0.,-2.69));
#452 = ( GEOMETRIC_REPRESENTATION_CONTEXT(2) 
PARAMETRIC_REPRESENTATION_CONTEXT() REPRESENTATION_CONTEXT('2D SPACE',''
  ) );
#453 = PCURVE('',#187,#454);
#454 = DEFINITIONAL_REPRESENTATION('',(#455),#459);
#455 = LINE('',#456,#457);
#456 = CARTESIAN_POINT('',(3.14159265359,-2.22044604925E-16));
#457 = VECTOR('',#458,1.);
#458 = DIRECTION('',(1.,1.413579858428E-16));
#459 = ( GEOMETRIC_REPRESENTATION_CONTEXT(2) 
PARAMETRIC_REPRESENTATION_CONTEXT() REPRESENTATION_CONTEXT('2D SPACE',''
  ) );
#460 = ADVANCED_FACE('',(#461),#335,.F.);
#461 = FACE_BOUND('',#462,.T.);
#462 = EDGE_LOOP('',(#463,#464,#487,#510));
#463 = ORIENTED_EDGE('',*,*,#319,.T.);
#464 = ORIENTED_EDGE('',*,*,#465,.T.);
#465 = EDGE_CURVE('',#287,#466,#468,.T.);
#466 = VERTEX_POINT('',#467);
#467 = CARTESIAN_POINT('',(-2.8,1.345,0.25));
#468 = SURFACE_CURVE('',#469,(#473,#480),.PCURVE_S1.);
#469 = LINE('',#470,#471);
#470 = CARTESIAN_POINT('',(-1.6,1.345,0.25));
#471 = VECTOR('',#472,1.);
#472 = DIRECTION('',(-1.,-2.990902544788E-16,3.320568869633E-32));
#473 = PCURVE('',#335,#474);
#474 = DEFINITIONAL_REPRESENTATION('',(#475),#479);
#475 = LINE('',#476,#477);
#476 = CARTESIAN_POINT('',(0.,-2.69));
#477 = VECTOR('',#478,1.);
#478 = DIRECTION('',(-1.,0.));
#479 = ( GEOMETRIC_REPRESENTATION_CONTEXT(2) 
PARAMETRIC_REPRESENTATION_CONTEXT() REPRESENTATION_CONTEXT('2D SPACE',''
  ) );
#480 = PCURVE('',#307,#481);
#481 = DEFINITIONAL_REPRESENTATION('',(#482),#486);
#482 = LINE('',#483,#484);
#483 = CARTESIAN_POINT('',(3.14159265359,-2.22044604925E-16));
#484 = VECTOR('',#485,1.);
#485 = DIRECTION('',(0.,1.));
#486 = ( GEOMETRIC_REPRESENTATION_CONTEXT(2) 
PARAMETRIC_REPRESENTATION_CONTEXT() REPRESENTATION_CONTEXT('2D SPACE',''
  ) );
#487 = ORIENTED_EDGE('',*,*,#488,.T.);
#488 = EDGE_CURVE('',#466,#489,#491,.T.);
#489 = VERTEX_POINT('',#490);
#490 = CARTESIAN_POINT('',(-2.8,1.345,2.69));
#491 = SURFACE_CURVE('',#492,(#496,#503),.PCURVE_S1.);
#492 = LINE('',#493,#494);
#493 = CARTESIAN_POINT('',(-2.8,1.345,2.94));
#494 = VECTOR('',#495,1.);
#495 = DIRECTION('',(0.,1.110223024625E-16,1.));
#496 = PCURVE('',#335,#497);
#497 = DEFINITIONAL_REPRESENTATION('',(#498),#502);
#498 = LINE('',#499,#500);
#499 = CARTESIAN_POINT('',(-1.2,0.));
#500 = VECTOR('',#501,1.);
#501 = DIRECTION('',(0.,1.));
#502 = ( GEOMETRIC_REPRESENTATION_CONTEXT(2) 
PARAMETRIC_REPRESENTATION_CONTEXT() REPRESENTATION_CONTEXT('2D SPACE',''
  ) );
#503 = PCURVE('',#72,#504);
#504 = DEFINITIONAL_REPRESENTATION('',(#505),#509);
#505 = LINE('',#506,#507);
#506 = CARTESIAN_POINT('',(6.28318530718,0.));
#507 = VECTOR('',#508,1.);
#508 = DIRECTION('',(0.,-1.));
#509 = ( GEOMETRIC_REPRESENTATION_CONTEXT(2) 
PARAMETRIC_REPRESENTATION_CONTEXT() REPRESENTATION_CONTEXT('2D SPACE',''
  ) );
#510 = ORIENTED_EDGE('',*,*,#511,.T.);
#511 = EDGE_CURVE('',#489,#320,#512,.T.);
#512 = SURFACE_CURVE('',#513,(#517,#524),.PCURVE_S1.);
#513 = LINE('',#514,#515);
#514 = CARTESIAN_POINT('',(-1.6,1.345,2.69));
#515 = VECTOR('',#516,1.);
#516 = DIRECTION('',(1.,2.990902544788E-16,-3.320568869633E-32));
#517 = PCURVE('',#335,#518);
#518 = DEFINITIONAL_REPRESENTATION('',(#519),#523);
#519 = LINE('',#520,#521);
#520 = CARTESIAN_POINT('',(0.,-0.25));
#521 = VECTOR('',#522,1.);
#522 = DIRECTION('',(1.,0.));
#523 = ( GEOMETRIC_REPRESENTATION_CONTEXT(2) 
PARAMETRIC_REPRESENTATION_CONTEXT() REPRESENTATION_CONTEXT('2D SPACE',''
  ) );
#524 = PCURVE('',#368,#525);
#525 = DEFINITIONAL_REPRESENTATION('',(#526),#530);
#526 = LINE('',#527,#528);
#527 = CARTESIAN_POINT('',(0.,-1.6));
#528 = VECTOR('',#529,1.);
#529 = DIRECTION('',(0.,1.));
#530 = ( GEOMETRIC_REPRESENTATION_CONTEXT(2) 
PARAMETRIC_REPRESENTATION_CONTEXT() REPRESENTATION_CONTEXT('2D SPACE',''
  ) );
#531 = ADVANCED_FACE('',(#532),#396,.T.);
#532 = FACE_BOUND('',#533,.T.);
#533 = EDGE_LOOP('',(#534,#535,#558,#581));
#534 = ORIENTED_EDGE('',*,*,#380,.T.);
#535 = ORIENTED_EDGE('',*,*,#536,.T.);
#536 = EDGE_CURVE('',#348,#537,#539,.T.);
#537 = VERTEX_POINT('',#538);
#538 = CARTESIAN_POINT('',(-2.8,1.095,2.94));
#539 = SURFACE_CURVE('',#540,(#544,#551),.PCURVE_S1.);
#540 = LINE('',#541,#542);
#541 = CARTESIAN_POINT('',(-3.05,1.095,2.94));
#542 = VECTOR('',#543,1.);
#543 = DIRECTION('',(-1.,-2.990902544788E-16,3.320568869633E-32));
#544 = PCURVE('',#396,#545);
#545 = DEFINITIONAL_REPRESENTATION('',(#546),#550);
#546 = LINE('',#547,#548);
#547 = CARTESIAN_POINT('',(-1.095,-3.05));
#548 = VECTOR('',#549,1.);
#549 = DIRECTION('',(2.990902544788E-16,-1.));
#550 = ( GEOMETRIC_REPRESENTATION_CONTEXT(2) 
PARAMETRIC_REPRESENTATION_CONTEXT() REPRESENTATION_CONTEXT('2D SPACE',''
  ) );
#551 = PCURVE('',#368,#552);
#552 = DEFINITIONAL_REPRESENTATION('',(#553),#557);
#553 = LINE('',#554,#555);
#554 = CARTESIAN_POINT('',(1.570796326795,-3.05));
#555 = VECTOR('',#556,1.);
#556 = DIRECTION('',(0.,-1.));
#557 = ( GEOMETRIC_REPRESENTATION_CONTEXT(2) 
PARAMETRIC_REPRESENTATION_CONTEXT() REPRESENTATION_CONTEXT('2D SPACE',''
  ) );
#558 = ORIENTED_EDGE('',*,*,#559,.T.);
#559 = EDGE_CURVE('',#537,#560,#562,.T.);
#560 = VERTEX_POINT('',#561);
#561 = CARTESIAN_POINT('',(-2.8,-1.095,2.94));
#562 = SURFACE_CURVE('',#563,(#567,#574),.PCURVE_S1.);
#563 = LINE('',#564,#565);
#564 = CARTESIAN_POINT('',(-2.8,-1.345,2.94));
#565 = VECTOR('',#566,1.);
#566 = DIRECTION('',(0.,-1.,1.110223024625E-16));
#567 = PCURVE('',#396,#568);
#568 = DEFINITIONAL_REPRESENTATION('',(#569),#573);
#569 = LINE('',#570,#571);
#570 = CARTESIAN_POINT('',(1.345,-2.8));
#571 = VECTOR('',#572,1.);
#572 = DIRECTION('',(1.,0.));
#573 = ( GEOMETRIC_REPRESENTATION_CONTEXT(2) 
PARAMETRIC_REPRESENTATION_CONTEXT() REPRESENTATION_CONTEXT('2D SPACE',''
  ) );
#574 = PCURVE('',#44,#575);
#575 = DEFINITIONAL_REPRESENTATION('',(#576),#580);
#576 = LINE('',#577,#578);
#577 = CARTESIAN_POINT('',(1.570796326795,-1.345));
#578 = VECTOR('',#579,1.);
#579 = DIRECTION('',(0.,-1.));
#580 = ( GEOMETRIC_REPRESENTATION_CONTEXT(2) 
PARAMETRIC_REPRESENTATION_CONTEXT() REPRESENTATION_CONTEXT('2D SPACE',''
  ) );
#581 = ORIENTED_EDGE('',*,*,#582,.T.);
#582 = EDGE_CURVE('',#560,#381,#583,.T.);
#583 = SURFACE_CURVE('',#584,(#588,#595),.PCURVE_S1.);
#584 = LINE('',#585,#586);
#585 = CARTESIAN_POINT('',(-1.6,-1.095,2.94));
#586 = VECTOR('',#587,1.);
#587 = DIRECTION('',(1.,2.990902544788E-16,-3.320568869633E-32));
#588 = PCURVE('',#396,#589);
#589 = DEFINITIONAL_REPRESENTATION('',(#590),#594);
#590 = LINE('',#591,#592);
#591 = CARTESIAN_POINT('',(1.095,-1.6));
#592 = VECTOR('',#593,1.);
#593 = DIRECTION('',(-2.990902544788E-16,1.));
#594 = ( GEOMETRIC_REPRESENTATION_CONTEXT(2) 
PARAMETRIC_REPRESENTATION_CONTEXT() REPRESENTATION_CONTEXT('2D SPACE',''
  ) );
#595 = PCURVE('',#241,#596);
#596 = DEFINITIONAL_REPRESENTATION('',(#597),#601);
#597 = LINE('',#598,#599);
#598 = CARTESIAN_POINT('',(1.570796326795,1.6));
#599 = VECTOR('',#600,1.);
#600 = DIRECTION('',(0.,-1.));
#601 = ( GEOMETRIC_REPRESENTATION_CONTEXT(2) 
PARAMETRIC_REPRESENTATION_CONTEXT() REPRESENTATION_CONTEXT('2D SPACE',''
  ) );
#602 = ADVANCED_FACE('',(#603),#274,.F.);
#603 = FACE_BOUND('',#604,.T.);
#604 = EDGE_LOOP('',(#605,#630,#651,#652));
#605 = ORIENTED_EDGE('',*,*,#606,.T.);
#606 = EDGE_CURVE('',#607,#609,#611,.T.);
#607 = VERTEX_POINT('',#608);
#608 = CARTESIAN_POINT('',(-2.8,-1.095,4.54636328584E-16));
#609 = VERTEX_POINT('',#610);
#610 = CARTESIAN_POINT('',(-2.8,1.095,2.114974861911E-16));
#611 = SURFACE_CURVE('',#612,(#616,#623),.PCURVE_S1.);
#612 = LINE('',#613,#614);
#613 = CARTESIAN_POINT('',(-2.8,5.551115123126E-16,3.330669073875E-16));
#614 = VECTOR('',#615,1.);
#615 = DIRECTION('',(-0.,1.,-1.110223024625E-16));
#616 = PCURVE('',#274,#617);
#617 = DEFINITIONAL_REPRESENTATION('',(#618),#622);
#618 = LINE('',#619,#620);
#619 = CARTESIAN_POINT('',(0.,-2.8));
#620 = VECTOR('',#621,1.);
#621 = DIRECTION('',(-1.,0.));
#622 = ( GEOMETRIC_REPRESENTATION_CONTEXT(2) 
PARAMETRIC_REPRESENTATION_CONTEXT() REPRESENTATION_CONTEXT('2D SPACE',''
  ) );
#623 = PCURVE('',#100,#624);
#624 = DEFINITIONAL_REPRESENTATION('',(#625),#629);
#625 = LINE('',#626,#627);
#626 = CARTESIAN_POINT('',(4.712388980385,-1.345));
#627 = VECTOR('',#628,1.);
#628 = DIRECTION('',(0.,-1.));
#629 = ( GEOMETRIC_REPRESENTATION_CONTEXT(2) 
PARAMETRIC_REPRESENTATION_CONTEXT() REPRESENTATION_CONTEXT('2D SPACE',''
  ) );
#630 = ORIENTED_EDGE('',*,*,#631,.T.);
#631 = EDGE_CURVE('',#609,#259,#632,.T.);
#632 = SURFACE_CURVE('',#633,(#637,#644),.PCURVE_S1.);
#633 = LINE('',#634,#635);
#634 = CARTESIAN_POINT('',(-3.275038286542E-16,1.095,2.114974861911E-16)
  );
#635 = VECTOR('',#636,1.);
#636 = DIRECTION('',(1.,2.990902544788E-16,-3.320568869633E-32));
#637 = PCURVE('',#274,#638);
#638 = DEFINITIONAL_REPRESENTATION('',(#639),#643);
#639 = LINE('',#640,#641);
#640 = CARTESIAN_POINT('',(-1.095,-3.275038286542E-16));
#641 = VECTOR('',#642,1.);
#642 = DIRECTION('',(-2.990902544788E-16,1.));
#643 = ( GEOMETRIC_REPRESENTATION_CONTEXT(2) 
PARAMETRIC_REPRESENTATION_CONTEXT() REPRESENTATION_CONTEXT('2D SPACE',''
  ) );
#644 = PCURVE('',#307,#645);
#645 = DEFINITIONAL_REPRESENTATION('',(#646),#650);
#646 = LINE('',#647,#648);
#647 = CARTESIAN_POINT('',(4.712388980385,-1.6));
#648 = VECTOR('',#649,1.);
#649 = DIRECTION('',(0.,-1.));
#650 = ( GEOMETRIC_REPRESENTATION_CONTEXT(2) 
PARAMETRIC_REPRESENTATION_CONTEXT() REPRESENTATION_CONTEXT('2D SPACE',''
  ) );
#651 = ORIENTED_EDGE('',*,*,#256,.F.);
#652 = ORIENTED_EDGE('',*,*,#653,.T.);
#653 = EDGE_CURVE('',#257,#607,#654,.T.);
#654 = SURFACE_CURVE('',#655,(#659,#666),.PCURVE_S1.);
#655 = LINE('',#656,#657);
#656 = CARTESIAN_POINT('',(3.275038286542E-16,-1.095,4.54636328584E-16)
  );
#657 = VECTOR('',#658,1.);
#658 = DIRECTION('',(-1.,-2.990902544788E-16,3.320568869633E-32));
#659 = PCURVE('',#274,#660);
#660 = DEFINITIONAL_REPRESENTATION('',(#661),#665);
#661 = LINE('',#662,#663);
#662 = CARTESIAN_POINT('',(1.095,3.275038286542E-16));
#663 = VECTOR('',#664,1.);
#664 = DIRECTION('',(2.990902544788E-16,-1.));
#665 = ( GEOMETRIC_REPRESENTATION_CONTEXT(2) 
PARAMETRIC_REPRESENTATION_CONTEXT() REPRESENTATION_CONTEXT('2D SPACE',''
  ) );
#666 = PCURVE('',#187,#667);
#667 = DEFINITIONAL_REPRESENTATION('',(#668),#672);
#668 = LINE('',#669,#670);
#669 = CARTESIAN_POINT('',(4.712388980385,1.6));
#670 = VECTOR('',#671,1.);
#671 = DIRECTION('',(0.,-1.));
#672 = ( GEOMETRIC_REPRESENTATION_CONTEXT(2) 
PARAMETRIC_REPRESENTATION_CONTEXT() REPRESENTATION_CONTEXT('2D SPACE',''
  ) );
#673 = ADVANCED_FACE('',(#674),#241,.T.);
#674 = FACE_BOUND('',#675,.T.);
#675 = EDGE_LOOP('',(#676,#677,#678,#727));
#676 = ORIENTED_EDGE('',*,*,#408,.F.);
#677 = ORIENTED_EDGE('',*,*,#582,.F.);
#678 = ORIENTED_EDGE('',*,*,#679,.F.);
#679 = EDGE_CURVE('',#142,#560,#680,.T.);
#680 = SURFACE_CURVE('',#681,(#686,#693),.PCURVE_S1.);
#681 = CIRCLE('',#682,0.25);
#682 = AXIS2_PLACEMENT_3D('',#683,#684,#685);
#683 = CARTESIAN_POINT('',(-2.8,-1.095,2.69));
#684 = DIRECTION('',(-1.,0.,0.));
#685 = DIRECTION('',(0.,-1.,1.110223024625E-16));
#686 = PCURVE('',#241,#687);
#687 = DEFINITIONAL_REPRESENTATION('',(#688),#692);
#688 = LINE('',#689,#690);
#689 = CARTESIAN_POINT('',(0.,2.8));
#690 = VECTOR('',#691,1.);
#691 = DIRECTION('',(1.,0.));
#692 = ( GEOMETRIC_REPRESENTATION_CONTEXT(2) 
PARAMETRIC_REPRESENTATION_CONTEXT() REPRESENTATION_CONTEXT('2D SPACE',''
  ) );
#693 = PCURVE('',#694,#699);
#694 = SPHERICAL_SURFACE('',#695,0.25);
#695 = AXIS2_PLACEMENT_3D('',#696,#697,#698);
#696 = CARTESIAN_POINT('',(-2.8,-1.095,2.69));
#697 = DIRECTION('',(0.,1.110223024625E-16,1.));
#698 = DIRECTION('',(1.,0.,0.));
#699 = DEFINITIONAL_REPRESENTATION('',(#700),#726);
#700 = B_SPLINE_CURVE_WITH_KNOTS('',3,(#701,#702,#703,#704,#705,#706,
    #707,#708,#709,#710,#711,#712,#713,#714,#715,#716,#717,#718,#719,
    #720,#721,#722,#723,#724,#725),.UNSPECIFIED.,.F.,.F.,(4,1,1,1,1,1,1,
    1,1,1,1,1,1,1,1,1,1,1,1,1,1,1,4),(0.,7.139983303613E-02,
    0.142799666072,0.214199499108,0.285599332145,0.356999165181,
    0.428398998217,0.499798831253,0.571198664289,0.642598497325,
    0.713998330361,0.785398163397,0.856797996434,0.92819782947,
    0.999597662506,1.070997495542,1.142397328578,1.213797161614,
    1.28519699465,1.356596827687,1.427996660723,1.499396493759,
    1.570796326795),.QUASI_UNIFORM_KNOTS.);
#701 = CARTESIAN_POINT('',(4.712388980385,0.));
#702 = CARTESIAN_POINT('',(4.712388980385,2.379994434538E-02));
#703 = CARTESIAN_POINT('',(4.712388980385,7.139983303613E-02));
#704 = CARTESIAN_POINT('',(4.712388980385,0.142799666072));
#705 = CARTESIAN_POINT('',(4.712388980385,0.214199499108));
#706 = CARTESIAN_POINT('',(4.712388980385,0.285599332145));
#707 = CARTESIAN_POINT('',(4.712388980385,0.356999165181));
#708 = CARTESIAN_POINT('',(4.712388980385,0.428398998217));
#709 = CARTESIAN_POINT('',(4.712388980385,0.499798831253));
#710 = CARTESIAN_POINT('',(4.712388980385,0.571198664289));
#711 = CARTESIAN_POINT('',(4.712388980385,0.642598497325));
#712 = CARTESIAN_POINT('',(4.712388980385,0.713998330361));
#713 = CARTESIAN_POINT('',(4.712388980385,0.785398163397));
#714 = CARTESIAN_POINT('',(4.712388980385,0.856797996434));
#715 = CARTESIAN_POINT('',(4.712388980385,0.92819782947));
#716 = CARTESIAN_POINT('',(4.712388980385,0.999597662506));
#717 = CARTESIAN_POINT('',(4.712388980385,1.070997495542));
#718 = CARTESIAN_POINT('',(4.712388980385,1.142397328578));
#719 = CARTESIAN_POINT('',(4.712388980385,1.213797161614));
#720 = CARTESIAN_POINT('',(4.712388980385,1.28519699465));
#721 = CARTESIAN_POINT('',(4.712388980385,1.356596827687));
#722 = CARTESIAN_POINT('',(4.712388980385,1.427996660723));
#723 = CARTESIAN_POINT('',(4.712388980385,1.499396493759));
#724 = CARTESIAN_POINT('',(4.712388980385,1.54699638245));
#725 = CARTESIAN_POINT('',(4.712388980385,1.570796326795));
#726 = ( GEOMETRIC_REPRESENTATION_CONTEXT(2) 
PARAMETRIC_REPRESENTATION_CONTEXT() REPRESENTATION_CONTEXT('2D SPACE',''
  ) );
#727 = ORIENTED_EDGE('',*,*,#227,.F.);
#728 = ADVANCED_FACE('',(#729),#126,.T.);
#729 = FACE_BOUND('',#730,.T.);
#730 = EDGE_LOOP('',(#731,#758,#759,#781));
#731 = ORIENTED_EDGE('',*,*,#732,.F.);
#732 = EDGE_CURVE('',#144,#85,#733,.T.);
#733 = SURFACE_CURVE('',#734,(#739,#746),.PCURVE_S1.);
#734 = CIRCLE('',#735,0.25);
#735 = AXIS2_PLACEMENT_3D('',#736,#737,#738);
#736 = CARTESIAN_POINT('',(-2.8,-1.095,0.25));
#737 = DIRECTION('',(0.,-1.110223024625E-16,-1.));
#738 = DIRECTION('',(0.,1.,-1.110223024625E-16));
#739 = PCURVE('',#126,#740);
#740 = DEFINITIONAL_REPRESENTATION('',(#741),#745);
#741 = LINE('',#742,#743);
#742 = CARTESIAN_POINT('',(0.,2.69));
#743 = VECTOR('',#744,1.);
#744 = DIRECTION('',(1.,0.));
#745 = ( GEOMETRIC_REPRESENTATION_CONTEXT(2) 
PARAMETRIC_REPRESENTATION_CONTEXT() REPRESENTATION_CONTEXT('2D SPACE',''
  ) );
#746 = PCURVE('',#747,#752);
#747 = SPHERICAL_SURFACE('',#748,0.25);
#748 = AXIS2_PLACEMENT_3D('',#749,#750,#751);
#749 = CARTESIAN_POINT('',(-2.8,-1.095,0.25));
#750 = DIRECTION('',(0.,1.110223024625E-16,1.));
#751 = DIRECTION('',(1.,0.,0.));
#752 = DEFINITIONAL_REPRESENTATION('',(#753),#757);
#753 = LINE('',#754,#755);
#754 = CARTESIAN_POINT('',(7.853981633974,8.881784197001E-16));
#755 = VECTOR('',#756,1.);
#756 = DIRECTION('',(-1.,0.));
#757 = ( GEOMETRIC_REPRESENTATION_CONTEXT(2) 
PARAMETRIC_REPRESENTATION_CONTEXT() REPRESENTATION_CONTEXT('2D SPACE',''
  ) );
#758 = ORIENTED_EDGE('',*,*,#141,.F.);
#759 = ORIENTED_EDGE('',*,*,#760,.F.);
#760 = EDGE_CURVE('',#22,#142,#761,.T.);
#761 = SURFACE_CURVE('',#762,(#767,#774),.PCURVE_S1.);
#762 = CIRCLE('',#763,0.25);
#763 = AXIS2_PLACEMENT_3D('',#764,#765,#766);
#764 = CARTESIAN_POINT('',(-2.8,-1.095,2.69));
#765 = DIRECTION('',(-0.,1.110223024625E-16,1.));
#766 = DIRECTION('',(0.,-1.,1.110223024625E-16));
#767 = PCURVE('',#126,#768);
#768 = DEFINITIONAL_REPRESENTATION('',(#769),#773);
#769 = LINE('',#770,#771);
#770 = CARTESIAN_POINT('',(9.424777960769,0.25));
#771 = VECTOR('',#772,1.);
#772 = DIRECTION('',(-1.,0.));
#773 = ( GEOMETRIC_REPRESENTATION_CONTEXT(2) 
PARAMETRIC_REPRESENTATION_CONTEXT() REPRESENTATION_CONTEXT('2D SPACE',''
  ) );
#774 = PCURVE('',#694,#775);
#775 = DEFINITIONAL_REPRESENTATION('',(#776),#780);
#776 = LINE('',#777,#778);
#777 = CARTESIAN_POINT('',(-1.570796326795,0.));
#778 = VECTOR('',#779,1.);
#779 = DIRECTION('',(1.,0.));
#780 = ( GEOMETRIC_REPRESENTATION_CONTEXT(2) 
PARAMETRIC_REPRESENTATION_CONTEXT() REPRESENTATION_CONTEXT('2D SPACE',''
  ) );
#781 = ORIENTED_EDGE('',*,*,#112,.F.);
#782 = ADVANCED_FACE('',(#783),#187,.T.);
#783 = FACE_BOUND('',#784,.T.);
#784 = EDGE_LOOP('',(#785,#786,#787,#831));
#785 = ORIENTED_EDGE('',*,*,#435,.F.);
#786 = ORIENTED_EDGE('',*,*,#171,.F.);
#787 = ORIENTED_EDGE('',*,*,#788,.F.);
#788 = EDGE_CURVE('',#607,#144,#789,.T.);
#789 = SURFACE_CURVE('',#790,(#795,#802),.PCURVE_S1.);
#790 = CIRCLE('',#791,0.25);
#791 = AXIS2_PLACEMENT_3D('',#792,#793,#794);
#792 = CARTESIAN_POINT('',(-2.8,-1.095,0.25));
#793 = DIRECTION('',(-1.,0.,0.));
#794 = DIRECTION('',(0.,-1.,1.110223024625E-16));
#795 = PCURVE('',#187,#796);
#796 = DEFINITIONAL_REPRESENTATION('',(#797),#801);
#797 = LINE('',#798,#799);
#798 = CARTESIAN_POINT('',(9.424777960769,-1.2));
#799 = VECTOR('',#800,1.);
#800 = DIRECTION('',(-1.,0.));
#801 = ( GEOMETRIC_REPRESENTATION_CONTEXT(2) 
PARAMETRIC_REPRESENTATION_CONTEXT() REPRESENTATION_CONTEXT('2D SPACE',''
  ) );
#802 = PCURVE('',#747,#803);
#803 = DEFINITIONAL_REPRESENTATION('',(#804),#830);
#804 = B_SPLINE_CURVE_WITH_KNOTS('',3,(#805,#806,#807,#808,#809,#810,
    #811,#812,#813,#814,#815,#816,#817,#818,#819,#820,#821,#822,#823,
    #824,#825,#826,#827,#828,#829),.UNSPECIFIED.,.F.,.F.,(4,1,1,1,1,1,1,
    1,1,1,1,1,1,1,1,1,1,1,1,1,1,1,4),(4.712388980385,4.783788813421,
    4.855188646457,4.926588479493,4.997988312529,5.069388145565,
    5.140787978601,5.212187811638,5.283587644674,5.35498747771,
    5.426387310746,5.497787143782,5.569186976818,5.640586809854,
    5.711986642891,5.783386475927,5.854786308963,5.926186141999,
    5.997585975035,6.068985808071,6.140385641107,6.211785474143,
    6.28318530718),.QUASI_UNIFORM_KNOTS.);
#805 = CARTESIAN_POINT('',(4.712388980385,-1.570796326795));
#806 = CARTESIAN_POINT('',(4.712388980385,-1.54699638245));
#807 = CARTESIAN_POINT('',(4.712388980385,-1.499396493759));
#808 = CARTESIAN_POINT('',(4.712388980385,-1.427996660723));
#809 = CARTESIAN_POINT('',(4.712388980385,-1.356596827687));
#810 = CARTESIAN_POINT('',(4.712388980385,-1.28519699465));
#811 = CARTESIAN_POINT('',(4.712388980385,-1.213797161614));
#812 = CARTESIAN_POINT('',(4.712388980385,-1.142397328578));
#813 = CARTESIAN_POINT('',(4.712388980385,-1.070997495542));
#814 = CARTESIAN_POINT('',(4.712388980385,-0.999597662506));
#815 = CARTESIAN_POINT('',(4.712388980385,-0.92819782947));
#816 = CARTESIAN_POINT('',(4.712388980385,-0.856797996434));
#817 = CARTESIAN_POINT('',(4.712388980385,-0.785398163397));
#818 = CARTESIAN_POINT('',(4.712388980385,-0.713998330361));
#819 = CARTESIAN_POINT('',(4.712388980385,-0.642598497325));
#820 = CARTESIAN_POINT('',(4.712388980385,-0.571198664289));
#821 = CARTESIAN_POINT('',(4.712388980385,-0.499798831253));
#822 = CARTESIAN_POINT('',(4.712388980385,-0.428398998217));
#823 = CARTESIAN_POINT('',(4.712388980385,-0.356999165181));
#824 = CARTESIAN_POINT('',(4.712388980385,-0.285599332145));
#825 = CARTESIAN_POINT('',(4.712388980385,-0.214199499108));
#826 = CARTESIAN_POINT('',(4.712388980385,-0.142799666072));
#827 = CARTESIAN_POINT('',(4.712388980385,-7.139983303613E-02));
#828 = CARTESIAN_POINT('',(4.712388980385,-2.379994434538E-02));
#829 = CARTESIAN_POINT('',(4.712388980385,-2.22044604925E-16));
#830 = ( GEOMETRIC_REPRESENTATION_CONTEXT(2) 
PARAMETRIC_REPRESENTATION_CONTEXT() REPRESENTATION_CONTEXT('2D SPACE',''
  ) );
#831 = ORIENTED_EDGE('',*,*,#653,.F.);
#832 = ADVANCED_FACE('',(#833),#694,.T.);
#833 = FACE_BOUND('',#834,.T.);
#834 = EDGE_LOOP('',(#835,#836,#837));
#835 = ORIENTED_EDGE('',*,*,#760,.T.);
#836 = ORIENTED_EDGE('',*,*,#679,.T.);
#837 = ORIENTED_EDGE('',*,*,#838,.F.);
#838 = EDGE_CURVE('',#22,#560,#839,.T.);
#839 = SURFACE_CURVE('',#840,(#845,#874),.PCURVE_S1.);
#840 = CIRCLE('',#841,0.25);
#841 = AXIS2_PLACEMENT_3D('',#842,#843,#844);
#842 = CARTESIAN_POINT('',(-2.8,-1.095,2.69));
#843 = DIRECTION('',(0.,1.,-1.110223024625E-16));
#844 = DIRECTION('',(1.,0.,0.));
#845 = PCURVE('',#694,#846);
#846 = DEFINITIONAL_REPRESENTATION('',(#847),#873);
#847 = B_SPLINE_CURVE_WITH_KNOTS('',3,(#848,#849,#850,#851,#852,#853,
    #854,#855,#856,#857,#858,#859,#860,#861,#862,#863,#864,#865,#866,
    #867,#868,#869,#870,#871,#872),.UNSPECIFIED.,.F.,.F.,(4,1,1,1,1,1,1,
    1,1,1,1,1,1,1,1,1,1,1,1,1,1,1,4),(3.14159265359,3.212992486626,
    3.284392319662,3.355792152698,3.427191985734,3.49859181877,
    3.569991651807,3.641391484843,3.712791317879,3.784191150915,
    3.855590983951,3.926990816987,3.998390650023,4.06979048306,
    4.141190316096,4.212590149132,4.283989982168,4.355389815204,
    4.42678964824,4.498189481276,4.569589314312,4.640989147349,
    4.712388980385),.QUASI_UNIFORM_KNOTS.);
#848 = CARTESIAN_POINT('',(3.14159265359,0.));
#849 = CARTESIAN_POINT('',(3.14159265359,2.379994434538E-02));
#850 = CARTESIAN_POINT('',(3.14159265359,7.139983303613E-02));
#851 = CARTESIAN_POINT('',(3.14159265359,0.142799666072));
#852 = CARTESIAN_POINT('',(3.14159265359,0.214199499108));
#853 = CARTESIAN_POINT('',(3.14159265359,0.285599332145));
#854 = CARTESIAN_POINT('',(3.14159265359,0.356999165181));
#855 = CARTESIAN_POINT('',(3.14159265359,0.428398998217));
#856 = CARTESIAN_POINT('',(3.14159265359,0.499798831253));
#857 = CARTESIAN_POINT('',(3.14159265359,0.571198664289));
#858 = CARTESIAN_POINT('',(3.14159265359,0.642598497325));
#859 = CARTESIAN_POINT('',(3.14159265359,0.713998330361));
#860 = CARTESIAN_POINT('',(3.14159265359,0.785398163397));
#861 = CARTESIAN_POINT('',(3.14159265359,0.856797996434));
#862 = CARTESIAN_POINT('',(3.14159265359,0.92819782947));
#863 = CARTESIAN_POINT('',(3.14159265359,0.999597662506));
#864 = CARTESIAN_POINT('',(3.14159265359,1.070997495542));
#865 = CARTESIAN_POINT('',(3.14159265359,1.142397328578));
#866 = CARTESIAN_POINT('',(3.14159265359,1.213797161614));
#867 = CARTESIAN_POINT('',(3.14159265359,1.28519699465));
#868 = CARTESIAN_POINT('',(3.14159265359,1.356596827687));
#869 = CARTESIAN_POINT('',(3.14159265359,1.427996660723));
#870 = CARTESIAN_POINT('',(3.14159265359,1.499396493759));
#871 = CARTESIAN_POINT('',(3.14159265359,1.54699638245));
#872 = CARTESIAN_POINT('',(3.14159265359,1.570796326795));
#873 = ( GEOMETRIC_REPRESENTATION_CONTEXT(2) 
PARAMETRIC_REPRESENTATION_CONTEXT() REPRESENTATION_CONTEXT('2D SPACE',''
  ) );
#874 = PCURVE('',#44,#875);
#875 = DEFINITIONAL_REPRESENTATION('',(#876),#880);
#876 = LINE('',#877,#878);
#877 = CARTESIAN_POINT('',(-3.14159265359,-1.095));
#878 = VECTOR('',#879,1.);
#879 = DIRECTION('',(1.,0.));
#880 = ( GEOMETRIC_REPRESENTATION_CONTEXT(2) 
PARAMETRIC_REPRESENTATION_CONTEXT() REPRESENTATION_CONTEXT('2D SPACE',''
  ) );
#881 = ADVANCED_FACE('',(#882),#747,.T.);
#882 = FACE_BOUND('',#883,.T.);
#883 = EDGE_LOOP('',(#884,#885,#886));
#884 = ORIENTED_EDGE('',*,*,#788,.T.);
#885 = ORIENTED_EDGE('',*,*,#732,.T.);
#886 = ORIENTED_EDGE('',*,*,#887,.F.);
#887 = EDGE_CURVE('',#607,#85,#888,.T.);
#888 = SURFACE_CURVE('',#889,(#894,#923),.PCURVE_S1.);
#889 = CIRCLE('',#890,0.25);
#890 = AXIS2_PLACEMENT_3D('',#891,#892,#893);
#891 = CARTESIAN_POINT('',(-2.8,-1.095,0.25));
#892 = DIRECTION('',(0.,1.,-1.110223024625E-16));
#893 = DIRECTION('',(1.,0.,0.));
#894 = PCURVE('',#747,#895);
#895 = DEFINITIONAL_REPRESENTATION('',(#896),#922);
#896 = B_SPLINE_CURVE_WITH_KNOTS('',3,(#897,#898,#899,#900,#901,#902,
    #903,#904,#905,#906,#907,#908,#909,#910,#911,#912,#913,#914,#915,
    #916,#917,#918,#919,#920,#921),.UNSPECIFIED.,.F.,.F.,(4,1,1,1,1,1,1,
    1,1,1,1,1,1,1,1,1,1,1,1,1,1,1,4),(1.570796326795,1.642196159831,
    1.713595992867,1.784995825903,1.856395658939,1.927795491976,
    1.999195325012,2.070595158048,2.141994991084,2.21339482412,
    2.284794657156,2.356194490192,2.427594323228,2.498994156265,
    2.570393989301,2.641793822337,2.713193655373,2.784593488409,
    2.855993321445,2.927393154481,2.998792987518,3.070192820554,
    3.14159265359),.QUASI_UNIFORM_KNOTS.);
#897 = CARTESIAN_POINT('',(3.14159265359,-1.570796326795));
#898 = CARTESIAN_POINT('',(3.14159265359,-1.54699638245));
#899 = CARTESIAN_POINT('',(3.14159265359,-1.499396493759));
#900 = CARTESIAN_POINT('',(3.14159265359,-1.427996660723));
#901 = CARTESIAN_POINT('',(3.14159265359,-1.356596827687));
#902 = CARTESIAN_POINT('',(3.14159265359,-1.28519699465));
#903 = CARTESIAN_POINT('',(3.14159265359,-1.213797161614));
#904 = CARTESIAN_POINT('',(3.14159265359,-1.142397328578));
#905 = CARTESIAN_POINT('',(3.14159265359,-1.070997495542));
#906 = CARTESIAN_POINT('',(3.14159265359,-0.999597662506));
#907 = CARTESIAN_POINT('',(3.14159265359,-0.92819782947));
#908 = CARTESIAN_POINT('',(3.14159265359,-0.856797996434));
#909 = CARTESIAN_POINT('',(3.14159265359,-0.785398163397));
#910 = CARTESIAN_POINT('',(3.14159265359,-0.713998330361));
#911 = CARTESIAN_POINT('',(3.14159265359,-0.642598497325));
#912 = CARTESIAN_POINT('',(3.14159265359,-0.571198664289));
#913 = CARTESIAN_POINT('',(3.14159265359,-0.499798831253));
#914 = CARTESIAN_POINT('',(3.14159265359,-0.428398998217));
#915 = CARTESIAN_POINT('',(3.14159265359,-0.356999165181));
#916 = CARTESIAN_POINT('',(3.14159265359,-0.285599332145));
#917 = CARTESIAN_POINT('',(3.14159265359,-0.214199499108));
#918 = CARTESIAN_POINT('',(3.14159265359,-0.142799666072));
#919 = CARTESIAN_POINT('',(3.14159265359,-7.139983303613E-02));
#920 = CARTESIAN_POINT('',(3.14159265359,-2.379994434538E-02));
#921 = CARTESIAN_POINT('',(3.14159265359,6.661338147751E-16));
#922 = ( GEOMETRIC_REPRESENTATION_CONTEXT(2) 
PARAMETRIC_REPRESENTATION_CONTEXT() REPRESENTATION_CONTEXT('2D SPACE',''
  ) );
#923 = PCURVE('',#100,#924);
#924 = DEFINITIONAL_REPRESENTATION('',(#925),#929);
#925 = LINE('',#926,#927);
#926 = CARTESIAN_POINT('',(6.28318530718,-0.25));
#927 = VECTOR('',#928,1.);
#928 = DIRECTION('',(-1.,0.));
#929 = ( GEOMETRIC_REPRESENTATION_CONTEXT(2) 
PARAMETRIC_REPRESENTATION_CONTEXT() REPRESENTATION_CONTEXT('2D SPACE',''
  ) );
#930 = ADVANCED_FACE('',(#931),#368,.T.);
#931 = FACE_BOUND('',#932,.T.);
#932 = EDGE_LOOP('',(#933,#934,#935,#984));
#933 = ORIENTED_EDGE('',*,*,#347,.F.);
#934 = ORIENTED_EDGE('',*,*,#511,.F.);
#935 = ORIENTED_EDGE('',*,*,#936,.F.);
#936 = EDGE_CURVE('',#537,#489,#937,.T.);
#937 = SURFACE_CURVE('',#938,(#943,#950),.PCURVE_S1.);
#938 = CIRCLE('',#939,0.25);
#939 = AXIS2_PLACEMENT_3D('',#940,#941,#942);
#940 = CARTESIAN_POINT('',(-2.8,1.095,2.69));
#941 = DIRECTION('',(-1.,0.,0.));
#942 = DIRECTION('',(0.,-1.,1.110223024625E-16));
#943 = PCURVE('',#368,#944);
#944 = DEFINITIONAL_REPRESENTATION('',(#945),#949);
#945 = LINE('',#946,#947);
#946 = CARTESIAN_POINT('',(3.14159265359,-2.8));
#947 = VECTOR('',#948,1.);
#948 = DIRECTION('',(-1.,0.));
#949 = ( GEOMETRIC_REPRESENTATION_CONTEXT(2) 
PARAMETRIC_REPRESENTATION_CONTEXT() REPRESENTATION_CONTEXT('2D SPACE',''
  ) );
#950 = PCURVE('',#951,#956);
#951 = SPHERICAL_SURFACE('',#952,0.25);
#952 = AXIS2_PLACEMENT_3D('',#953,#954,#955);
#953 = CARTESIAN_POINT('',(-2.8,1.095,2.69));
#954 = DIRECTION('',(0.,1.110223024625E-16,1.));
#955 = DIRECTION('',(1.,0.,0.));
#956 = DEFINITIONAL_REPRESENTATION('',(#957),#983);
#957 = B_SPLINE_CURVE_WITH_KNOTS('',3,(#958,#959,#960,#961,#962,#963,
    #964,#965,#966,#967,#968,#969,#970,#971,#972,#973,#974,#975,#976,
    #977,#978,#979,#980,#981,#982),.UNSPECIFIED.,.F.,.F.,(4,1,1,1,1,1,1,
    1,1,1,1,1,1,1,1,1,1,1,1,1,1,1,4),(1.570796326795,1.642196159831,
    1.713595992867,1.784995825903,1.856395658939,1.927795491976,
    1.999195325012,2.070595158048,2.141994991084,2.21339482412,
    2.284794657156,2.356194490192,2.427594323228,2.498994156265,
    2.570393989301,2.641793822337,2.713193655373,2.784593488409,
    2.855993321445,2.927393154481,2.998792987518,3.070192820554,
    3.14159265359),.QUASI_UNIFORM_KNOTS.);
#958 = CARTESIAN_POINT('',(1.570796326795,1.570796326795));
#959 = CARTESIAN_POINT('',(1.570796326795,1.54699638245));
#960 = CARTESIAN_POINT('',(1.570796326795,1.499396493759));
#961 = CARTESIAN_POINT('',(1.570796326795,1.427996660723));
#962 = CARTESIAN_POINT('',(1.570796326795,1.356596827687));
#963 = CARTESIAN_POINT('',(1.570796326795,1.28519699465));
#964 = CARTESIAN_POINT('',(1.570796326795,1.213797161614));
#965 = CARTESIAN_POINT('',(1.570796326795,1.142397328578));
#966 = CARTESIAN_POINT('',(1.570796326795,1.070997495542));
#967 = CARTESIAN_POINT('',(1.570796326795,0.999597662506));
#968 = CARTESIAN_POINT('',(1.570796326795,0.92819782947));
#969 = CARTESIAN_POINT('',(1.570796326795,0.856797996434));
#970 = CARTESIAN_POINT('',(1.570796326795,0.785398163397));
#971 = CARTESIAN_POINT('',(1.570796326795,0.713998330361));
#972 = CARTESIAN_POINT('',(1.570796326795,0.642598497325));
#973 = CARTESIAN_POINT('',(1.570796326795,0.571198664289));
#974 = CARTESIAN_POINT('',(1.570796326795,0.499798831253));
#975 = CARTESIAN_POINT('',(1.570796326795,0.428398998217));
#976 = CARTESIAN_POINT('',(1.570796326795,0.356999165181));
#977 = CARTESIAN_POINT('',(1.570796326795,0.285599332145));
#978 = CARTESIAN_POINT('',(1.570796326795,0.214199499108));
#979 = CARTESIAN_POINT('',(1.570796326795,0.142799666072));
#980 = CARTESIAN_POINT('',(1.570796326795,7.139983303613E-02));
#981 = CARTESIAN_POINT('',(1.570796326795,2.379994434538E-02));
#982 = CARTESIAN_POINT('',(1.570796326795,0.));
#983 = ( GEOMETRIC_REPRESENTATION_CONTEXT(2) 
PARAMETRIC_REPRESENTATION_CONTEXT() REPRESENTATION_CONTEXT('2D SPACE',''
  ) );
#984 = ORIENTED_EDGE('',*,*,#536,.F.);
#985 = ADVANCED_FACE('',(#986),#44,.T.);
#986 = FACE_BOUND('',#987,.T.);
#987 = EDGE_LOOP('',(#988,#989,#990,#1034));
#988 = ORIENTED_EDGE('',*,*,#838,.T.);
#989 = ORIENTED_EDGE('',*,*,#559,.F.);
#990 = ORIENTED_EDGE('',*,*,#991,.F.);
#991 = EDGE_CURVE('',#24,#537,#992,.T.);
#992 = SURFACE_CURVE('',#993,(#998,#1005),.PCURVE_S1.);
#993 = CIRCLE('',#994,0.25);
#994 = AXIS2_PLACEMENT_3D('',#995,#996,#997);
#995 = CARTESIAN_POINT('',(-2.8,1.095,2.69));
#996 = DIRECTION('',(0.,1.,-9.783840404509E-16));
#997 = DIRECTION('',(0.,9.783840404509E-16,1.));
#998 = PCURVE('',#44,#999);
#999 = DEFINITIONAL_REPRESENTATION('',(#1000),#1004);
#1000 = LINE('',#1001,#1002);
#1001 = CARTESIAN_POINT('',(-4.712388980385,1.095));
#1002 = VECTOR('',#1003,1.);
#1003 = DIRECTION('',(1.,1.413579858428E-16));
#1004 = ( GEOMETRIC_REPRESENTATION_CONTEXT(2) 
PARAMETRIC_REPRESENTATION_CONTEXT() REPRESENTATION_CONTEXT('2D SPACE',''
  ) );
#1005 = PCURVE('',#951,#1006);
#1006 = DEFINITIONAL_REPRESENTATION('',(#1007),#1033);
#1007 = B_SPLINE_CURVE_WITH_KNOTS('',3,(#1008,#1009,#1010,#1011,#1012,
    #1013,#1014,#1015,#1016,#1017,#1018,#1019,#1020,#1021,#1022,#1023,
    #1024,#1025,#1026,#1027,#1028,#1029,#1030,#1031,#1032),
  .UNSPECIFIED.,.F.,.F.,(4,1,1,1,1,1,1,1,1,1,1,1,1,1,1,1,1,1,1,1,1,1,4),
  (4.712388980385,4.783788813421,4.855188646457,4.926588479493,
    4.997988312529,5.069388145565,5.140787978601,5.212187811638,
    5.283587644674,5.35498747771,5.426387310746,5.497787143782,
    5.569186976818,5.640586809854,5.711986642891,5.783386475927,
    5.854786308963,5.926186141999,5.997585975035,6.068985808071,
    6.140385641107,6.211785474143,6.28318530718),.QUASI_UNIFORM_KNOTS.);
#1008 = CARTESIAN_POINT('',(3.14159265359,0.));
#1009 = CARTESIAN_POINT('',(3.14159265359,2.379994434538E-02));
#1010 = CARTESIAN_POINT('',(3.14159265359,7.139983303613E-02));
#1011 = CARTESIAN_POINT('',(3.14159265359,0.142799666072));
#1012 = CARTESIAN_POINT('',(3.14159265359,0.214199499108));
#1013 = CARTESIAN_POINT('',(3.14159265359,0.285599332145));
#1014 = CARTESIAN_POINT('',(3.14159265359,0.356999165181));
#1015 = CARTESIAN_POINT('',(3.14159265359,0.428398998217));
#1016 = CARTESIAN_POINT('',(3.14159265359,0.499798831253));
#1017 = CARTESIAN_POINT('',(3.14159265359,0.571198664289));
#1018 = CARTESIAN_POINT('',(3.14159265359,0.642598497325));
#1019 = CARTESIAN_POINT('',(3.14159265359,0.713998330361));
#1020 = CARTESIAN_POINT('',(3.14159265359,0.785398163397));
#1021 = CARTESIAN_POINT('',(3.14159265359,0.856797996434));
#1022 = CARTESIAN_POINT('',(3.14159265359,0.92819782947));
#1023 = CARTESIAN_POINT('',(3.14159265359,0.999597662506));
#1024 = CARTESIAN_POINT('',(3.14159265359,1.070997495542));
#1025 = CARTESIAN_POINT('',(3.14159265359,1.142397328578));
#1026 = CARTESIAN_POINT('',(3.14159265359,1.213797161614));
#1027 = CARTESIAN_POINT('',(3.14159265359,1.28519699465));
#1028 = CARTESIAN_POINT('',(3.14159265359,1.356596827687));
#1029 = CARTESIAN_POINT('',(3.14159265359,1.427996660723));
#1030 = CARTESIAN_POINT('',(3.14159265359,1.499396493759));
#1031 = CARTESIAN_POINT('',(3.14159265359,1.54699638245));
#1032 = CARTESIAN_POINT('',(3.14159265359,1.570796326795));
#1033 = ( GEOMETRIC_REPRESENTATION_CONTEXT(2) 
PARAMETRIC_REPRESENTATION_CONTEXT() REPRESENTATION_CONTEXT('2D SPACE',''
  ) );
#1034 = ORIENTED_EDGE('',*,*,#21,.F.);
#1035 = ADVANCED_FACE('',(#1036),#100,.T.);
#1036 = FACE_BOUND('',#1037,.T.);
#1037 = EDGE_LOOP('',(#1038,#1039,#1040,#1089));
#1038 = ORIENTED_EDGE('',*,*,#887,.T.);
#1039 = ORIENTED_EDGE('',*,*,#84,.F.);
#1040 = ORIENTED_EDGE('',*,*,#1041,.F.);
#1041 = EDGE_CURVE('',#609,#57,#1042,.T.);
#1042 = SURFACE_CURVE('',#1043,(#1048,#1055),.PCURVE_S1.);
#1043 = CIRCLE('',#1044,0.25);
#1044 = AXIS2_PLACEMENT_3D('',#1045,#1046,#1047);
#1045 = CARTESIAN_POINT('',(-2.8,1.095,0.25));
#1046 = DIRECTION('',(-8.673617379884E-16,1.,-1.110223024625E-16));
#1047 = DIRECTION('',(-1.,-8.673617379884E-16,9.629649721936E-32));
#1048 = PCURVE('',#100,#1049);
#1049 = DEFINITIONAL_REPRESENTATION('',(#1050),#1054);
#1050 = LINE('',#1051,#1052);
#1051 = CARTESIAN_POINT('',(9.424777960769,-2.44));
#1052 = VECTOR('',#1053,1.);
#1053 = DIRECTION('',(-1.,2.827159716856E-16));
#1054 = ( GEOMETRIC_REPRESENTATION_CONTEXT(2) 
PARAMETRIC_REPRESENTATION_CONTEXT() REPRESENTATION_CONTEXT('2D SPACE',''
  ) );
#1055 = PCURVE('',#1056,#1061);
#1056 = SPHERICAL_SURFACE('',#1057,0.25);
#1057 = AXIS2_PLACEMENT_3D('',#1058,#1059,#1060);
#1058 = CARTESIAN_POINT('',(-2.8,1.095,0.25));
#1059 = DIRECTION('',(0.,1.110223024625E-16,1.));
#1060 = DIRECTION('',(1.,0.,0.));
#1061 = DEFINITIONAL_REPRESENTATION('',(#1062),#1088);
#1062 = B_SPLINE_CURVE_WITH_KNOTS('',3,(#1063,#1064,#1065,#1066,#1067,
    #1068,#1069,#1070,#1071,#1072,#1073,#1074,#1075,#1076,#1077,#1078,
    #1079,#1080,#1081,#1082,#1083,#1084,#1085,#1086,#1087),
  .UNSPECIFIED.,.F.,.F.,(4,1,1,1,1,1,1,1,1,1,1,1,1,1,1,1,1,1,1,1,1,1,4),
  (4.712388980385,4.783788813421,4.855188646457,4.926588479493,
    4.997988312529,5.069388145565,5.140787978601,5.212187811638,
    5.283587644674,5.35498747771,5.426387310746,5.497787143782,
    5.569186976818,5.640586809854,5.711986642891,5.783386475927,
    5.854786308963,5.926186141999,5.997585975035,6.068985808071,
    6.140385641107,6.211785474143,6.28318530718),.QUASI_UNIFORM_KNOTS.);
#1063 = CARTESIAN_POINT('',(3.14159265359,-1.570796326795));
#1064 = CARTESIAN_POINT('',(3.14159265359,-1.54699638245));
#1065 = CARTESIAN_POINT('',(3.14159265359,-1.499396493759));
#1066 = CARTESIAN_POINT('',(3.14159265359,-1.427996660723));
#1067 = CARTESIAN_POINT('',(3.14159265359,-1.356596827687));
#1068 = CARTESIAN_POINT('',(3.14159265359,-1.28519699465));
#1069 = CARTESIAN_POINT('',(3.14159265359,-1.213797161614));
#1070 = CARTESIAN_POINT('',(3.14159265359,-1.142397328578));
#1071 = CARTESIAN_POINT('',(3.14159265359,-1.070997495542));
#1072 = CARTESIAN_POINT('',(3.14159265359,-0.999597662506));
#1073 = CARTESIAN_POINT('',(3.14159265359,-0.92819782947));
#1074 = CARTESIAN_POINT('',(3.14159265359,-0.856797996434));
#1075 = CARTESIAN_POINT('',(3.14159265359,-0.785398163397));
#1076 = CARTESIAN_POINT('',(3.14159265359,-0.713998330361));
#1077 = CARTESIAN_POINT('',(3.14159265359,-0.642598497325));
#1078 = CARTESIAN_POINT('',(3.14159265359,-0.571198664289));
#1079 = CARTESIAN_POINT('',(3.14159265359,-0.499798831253));
#1080 = CARTESIAN_POINT('',(3.14159265359,-0.428398998217));
#1081 = CARTESIAN_POINT('',(3.14159265359,-0.356999165181));
#1082 = CARTESIAN_POINT('',(3.14159265359,-0.285599332145));
#1083 = CARTESIAN_POINT('',(3.14159265359,-0.214199499108));
#1084 = CARTESIAN_POINT('',(3.14159265359,-0.142799666072));
#1085 = CARTESIAN_POINT('',(3.14159265359,-7.139983303613E-02));
#1086 = CARTESIAN_POINT('',(3.14159265359,-2.379994434538E-02));
#1087 = CARTESIAN_POINT('',(3.14159265359,-2.22044604925E-16));
#1088 = ( GEOMETRIC_REPRESENTATION_CONTEXT(2) 
PARAMETRIC_REPRESENTATION_CONTEXT() REPRESENTATION_CONTEXT('2D SPACE',''
  ) );
#1089 = ORIENTED_EDGE('',*,*,#606,.F.);
#1090 = ADVANCED_FACE('',(#1091),#307,.T.);
#1091 = FACE_BOUND('',#1092,.T.);
#1092 = EDGE_LOOP('',(#1093,#1094,#1095,#1139));
#1093 = ORIENTED_EDGE('',*,*,#286,.F.);
#1094 = ORIENTED_EDGE('',*,*,#631,.F.);
#1095 = ORIENTED_EDGE('',*,*,#1096,.F.);
#1096 = EDGE_CURVE('',#466,#609,#1097,.T.);
#1097 = SURFACE_CURVE('',#1098,(#1103,#1110),.PCURVE_S1.);
#1098 = CIRCLE('',#1099,0.25);
#1099 = AXIS2_PLACEMENT_3D('',#1100,#1101,#1102);
#1100 = CARTESIAN_POINT('',(-2.8,1.095,0.25));
#1101 = DIRECTION('',(-1.,0.,0.));
#1102 = DIRECTION('',(0.,-1.,1.110223024625E-16));
#1103 = PCURVE('',#307,#1104);
#1104 = DEFINITIONAL_REPRESENTATION('',(#1105),#1109);
#1105 = LINE('',#1106,#1107);
#1106 = CARTESIAN_POINT('',(0.,1.2));
#1107 = VECTOR('',#1108,1.);
#1108 = DIRECTION('',(1.,0.));
#1109 = ( GEOMETRIC_REPRESENTATION_CONTEXT(2) 
PARAMETRIC_REPRESENTATION_CONTEXT() REPRESENTATION_CONTEXT('2D SPACE',''
  ) );
#1110 = PCURVE('',#1056,#1111);
#1111 = DEFINITIONAL_REPRESENTATION('',(#1112),#1138);
#1112 = B_SPLINE_CURVE_WITH_KNOTS('',3,(#1113,#1114,#1115,#1116,#1117,
    #1118,#1119,#1120,#1121,#1122,#1123,#1124,#1125,#1126,#1127,#1128,
    #1129,#1130,#1131,#1132,#1133,#1134,#1135,#1136,#1137),
  .UNSPECIFIED.,.F.,.F.,(4,1,1,1,1,1,1,1,1,1,1,1,1,1,1,1,1,1,1,1,1,1,4),
  (3.14159265359,3.212992486626,3.284392319662,3.355792152698,
    3.427191985734,3.49859181877,3.569991651807,3.641391484843,
    3.712791317879,3.784191150915,3.855590983951,3.926990816987,
    3.998390650023,4.06979048306,4.141190316096,4.212590149132,
    4.283989982168,4.355389815204,4.42678964824,4.498189481276,
    4.569589314312,4.640989147349,4.712388980385),
  .QUASI_UNIFORM_KNOTS.);
#1113 = CARTESIAN_POINT('',(1.570796326795,1.110223024625E-15));
#1114 = CARTESIAN_POINT('',(1.570796326795,-2.379994434538E-02));
#1115 = CARTESIAN_POINT('',(1.570796326795,-7.139983303613E-02));
#1116 = CARTESIAN_POINT('',(1.570796326795,-0.142799666072));
#1117 = CARTESIAN_POINT('',(1.570796326795,-0.214199499108));
#1118 = CARTESIAN_POINT('',(1.570796326795,-0.285599332145));
#1119 = CARTESIAN_POINT('',(1.570796326795,-0.356999165181));
#1120 = CARTESIAN_POINT('',(1.570796326795,-0.428398998217));
#1121 = CARTESIAN_POINT('',(1.570796326795,-0.499798831253));
#1122 = CARTESIAN_POINT('',(1.570796326795,-0.571198664289));
#1123 = CARTESIAN_POINT('',(1.570796326795,-0.642598497325));
#1124 = CARTESIAN_POINT('',(1.570796326795,-0.713998330361));
#1125 = CARTESIAN_POINT('',(1.570796326795,-0.785398163397));
#1126 = CARTESIAN_POINT('',(1.570796326795,-0.856797996434));
#1127 = CARTESIAN_POINT('',(1.570796326795,-0.92819782947));
#1128 = CARTESIAN_POINT('',(1.570796326795,-0.999597662506));
#1129 = CARTESIAN_POINT('',(1.570796326795,-1.070997495542));
#1130 = CARTESIAN_POINT('',(1.570796326795,-1.142397328578));
#1131 = CARTESIAN_POINT('',(1.570796326795,-1.213797161614));
#1132 = CARTESIAN_POINT('',(1.570796326795,-1.28519699465));
#1133 = CARTESIAN_POINT('',(1.570796326795,-1.356596827687));
#1134 = CARTESIAN_POINT('',(1.570796326795,-1.427996660723));
#1135 = CARTESIAN_POINT('',(1.570796326795,-1.499396493759));
#1136 = CARTESIAN_POINT('',(1.570796326795,-1.54699638245));
#1137 = CARTESIAN_POINT('',(1.570796326795,-1.570796326795));
#1138 = ( GEOMETRIC_REPRESENTATION_CONTEXT(2) 
PARAMETRIC_REPRESENTATION_CONTEXT() REPRESENTATION_CONTEXT('2D SPACE',''
  ) );
#1139 = ORIENTED_EDGE('',*,*,#465,.F.);
#1140 = ADVANCED_FACE('',(#1141),#951,.T.);
#1141 = FACE_BOUND('',#1142,.T.);
#1142 = EDGE_LOOP('',(#1143,#1144,#1145));
#1143 = ORIENTED_EDGE('',*,*,#991,.T.);
#1144 = ORIENTED_EDGE('',*,*,#936,.T.);
#1145 = ORIENTED_EDGE('',*,*,#1146,.F.);
#1146 = EDGE_CURVE('',#24,#489,#1147,.T.);
#1147 = SURFACE_CURVE('',#1148,(#1153,#1160),.PCURVE_S1.);
#1148 = CIRCLE('',#1149,0.25);
#1149 = AXIS2_PLACEMENT_3D('',#1150,#1151,#1152);
#1150 = CARTESIAN_POINT('',(-2.8,1.095,2.69));
#1151 = DIRECTION('',(-0.,-1.110223024625E-16,-1.));
#1152 = DIRECTION('',(0.,-1.,1.110223024625E-16));
#1153 = PCURVE('',#951,#1154);
#1154 = DEFINITIONAL_REPRESENTATION('',(#1155),#1159);
#1155 = LINE('',#1156,#1157);
#1156 = CARTESIAN_POINT('',(4.712388980385,0.));
#1157 = VECTOR('',#1158,1.);
#1158 = DIRECTION('',(-1.,0.));
#1159 = ( GEOMETRIC_REPRESENTATION_CONTEXT(2) 
PARAMETRIC_REPRESENTATION_CONTEXT() REPRESENTATION_CONTEXT('2D SPACE',''
  ) );
#1160 = PCURVE('',#72,#1161);
#1161 = DEFINITIONAL_REPRESENTATION('',(#1162),#1166);
#1162 = LINE('',#1163,#1164);
#1163 = CARTESIAN_POINT('',(3.14159265359,0.25));
#1164 = VECTOR('',#1165,1.);
#1165 = DIRECTION('',(1.,0.));
#1166 = ( GEOMETRIC_REPRESENTATION_CONTEXT(2) 
PARAMETRIC_REPRESENTATION_CONTEXT() REPRESENTATION_CONTEXT('2D SPACE',''
  ) );
#1167 = ADVANCED_FACE('',(#1168),#1056,.T.);
#1168 = FACE_BOUND('',#1169,.T.);
#1169 = EDGE_LOOP('',(#1170,#1171,#1172));
#1170 = ORIENTED_EDGE('',*,*,#1096,.T.);
#1171 = ORIENTED_EDGE('',*,*,#1041,.T.);
#1172 = ORIENTED_EDGE('',*,*,#1173,.F.);
#1173 = EDGE_CURVE('',#466,#57,#1174,.T.);
#1174 = SURFACE_CURVE('',#1175,(#1180,#1187),.PCURVE_S1.);
#1175 = CIRCLE('',#1176,0.25);
#1176 = AXIS2_PLACEMENT_3D('',#1177,#1178,#1179);
#1177 = CARTESIAN_POINT('',(-2.8,1.095,0.25));
#1178 = DIRECTION('',(0.,1.110223024625E-16,1.));
#1179 = DIRECTION('',(0.,1.,-1.110223024625E-16));
#1180 = PCURVE('',#1056,#1181);
#1181 = DEFINITIONAL_REPRESENTATION('',(#1182),#1186);
#1182 = LINE('',#1183,#1184);
#1183 = CARTESIAN_POINT('',(1.570796326795,8.881784197001E-16));
#1184 = VECTOR('',#1185,1.);
#1185 = DIRECTION('',(1.,-5.022044499115E-31));
#1186 = ( GEOMETRIC_REPRESENTATION_CONTEXT(2) 
PARAMETRIC_REPRESENTATION_CONTEXT() REPRESENTATION_CONTEXT('2D SPACE',''
  ) );
#1187 = PCURVE('',#72,#1188);
#1188 = DEFINITIONAL_REPRESENTATION('',(#1189),#1193);
#1189 = LINE('',#1190,#1191);
#1190 = CARTESIAN_POINT('',(6.28318530718,2.69));
#1191 = VECTOR('',#1192,1.);
#1192 = DIRECTION('',(-1.,0.));
#1193 = ( GEOMETRIC_REPRESENTATION_CONTEXT(2) 
PARAMETRIC_REPRESENTATION_CONTEXT() REPRESENTATION_CONTEXT('2D SPACE',''
  ) );
#1194 = ADVANCED_FACE('',(#1195),#72,.T.);
#1195 = FACE_BOUND('',#1196,.T.);
#1196 = EDGE_LOOP('',(#1197,#1198,#1199,#1200));
#1197 = ORIENTED_EDGE('',*,*,#1146,.T.);
#1198 = ORIENTED_EDGE('',*,*,#488,.F.);
#1199 = ORIENTED_EDGE('',*,*,#1173,.T.);
#1200 = ORIENTED_EDGE('',*,*,#56,.F.);
#1201 = MANIFOLD_SOLID_BREP('',#1202);
#1202 = CLOSED_SHELL('',(#1203,#1323,#1438,#1630,#1701,#1772,#1843,#1898
    ,#1952,#2002,#2051,#2100,#2155,#2205,#2260,#2310,#2337,#2364));
#1203 = ADVANCED_FACE('',(#1204),#1218,.F.);
#1204 = FACE_BOUND('',#1205,.T.);
#1205 = EDGE_LOOP('',(#1206,#1241,#1269,#1297));
#1206 = ORIENTED_EDGE('',*,*,#1207,.F.);
#1207 = EDGE_CURVE('',#1208,#1210,#1212,.T.);
#1208 = VERTEX_POINT('',#1209);
#1209 = CARTESIAN_POINT('',(3.05,-1.095,2.69));
#1210 = VERTEX_POINT('',#1211);
#1211 = CARTESIAN_POINT('',(3.05,1.095,2.69));
#1212 = SURFACE_CURVE('',#1213,(#1217,#1229),.PCURVE_S1.);
#1213 = LINE('',#1214,#1215);
#1214 = CARTESIAN_POINT('',(3.05,1.345,2.69));
#1215 = VECTOR('',#1216,1.);
#1216 = DIRECTION('',(-0.,1.,-1.110223024625E-16));
#1217 = PCURVE('',#1218,#1223);
#1218 = PLANE('',#1219);
#1219 = AXIS2_PLACEMENT_3D('',#1220,#1221,#1222);
#1220 = CARTESIAN_POINT('',(3.05,-1.345,2.94));
#1221 = DIRECTION('',(-1.,0.,0.));
#1222 = DIRECTION('',(0.,1.,-1.110223024625E-16));
#1223 = DEFINITIONAL_REPRESENTATION('',(#1224),#1228);
#1224 = LINE('',#1225,#1226);
#1225 = CARTESIAN_POINT('',(2.69,0.25));
#1226 = VECTOR('',#1227,1.);
#1227 = DIRECTION('',(1.,0.));
#1228 = ( GEOMETRIC_REPRESENTATION_CONTEXT(2) 
PARAMETRIC_REPRESENTATION_CONTEXT() REPRESENTATION_CONTEXT('2D SPACE',''
  ) );
#1229 = PCURVE('',#1230,#1235);
#1230 = CYLINDRICAL_SURFACE('',#1231,0.25);
#1231 = AXIS2_PLACEMENT_3D('',#1232,#1233,#1234);
#1232 = CARTESIAN_POINT('',(2.8,8.537615059367E-16,2.69));
#1233 = DIRECTION('',(0.,1.,-1.110223024625E-16));
#1234 = DIRECTION('',(1.,0.,0.));
#1235 = DEFINITIONAL_REPRESENTATION('',(#1236),#1240);
#1236 = LINE('',#1237,#1238);
#1237 = CARTESIAN_POINT('',(6.28318530718,1.345));
#1238 = VECTOR('',#1239,1.);
#1239 = DIRECTION('',(0.,1.));
#1240 = ( GEOMETRIC_REPRESENTATION_CONTEXT(2) 
PARAMETRIC_REPRESENTATION_CONTEXT() REPRESENTATION_CONTEXT('2D SPACE',''
  ) );
#1241 = ORIENTED_EDGE('',*,*,#1242,.F.);
#1242 = EDGE_CURVE('',#1243,#1208,#1245,.T.);
#1243 = VERTEX_POINT('',#1244);
#1244 = CARTESIAN_POINT('',(3.05,-1.095,0.25));
#1245 = SURFACE_CURVE('',#1246,(#1250,#1257),.PCURVE_S1.);
#1246 = LINE('',#1247,#1248);
#1247 = CARTESIAN_POINT('',(3.05,-1.095,2.94));
#1248 = VECTOR('',#1249,1.);
#1249 = DIRECTION('',(0.,1.110223024625E-16,1.));
#1250 = PCURVE('',#1218,#1251);
#1251 = DEFINITIONAL_REPRESENTATION('',(#1252),#1256);
#1252 = LINE('',#1253,#1254);
#1253 = CARTESIAN_POINT('',(0.25,0.));
#1254 = VECTOR('',#1255,1.);
#1255 = DIRECTION('',(0.,-1.));
#1256 = ( GEOMETRIC_REPRESENTATION_CONTEXT(2) 
PARAMETRIC_REPRESENTATION_CONTEXT() REPRESENTATION_CONTEXT('2D SPACE',''
  ) );
#1257 = PCURVE('',#1258,#1263);
#1258 = CYLINDRICAL_SURFACE('',#1259,0.25);
#1259 = AXIS2_PLACEMENT_3D('',#1260,#1261,#1262);
#1260 = CARTESIAN_POINT('',(2.8,-1.095,2.94));
#1261 = DIRECTION('',(0.,-1.110223024625E-16,-1.));
#1262 = DIRECTION('',(0.,1.,-1.110223024625E-16));
#1263 = DEFINITIONAL_REPRESENTATION('',(#1264),#1268);
#1264 = LINE('',#1265,#1266);
#1265 = CARTESIAN_POINT('',(1.570796326795,0.));
#1266 = VECTOR('',#1267,1.);
#1267 = DIRECTION('',(0.,-1.));
#1268 = ( GEOMETRIC_REPRESENTATION_CONTEXT(2) 
PARAMETRIC_REPRESENTATION_CONTEXT() REPRESENTATION_CONTEXT('2D SPACE',''
  ) );
#1269 = ORIENTED_EDGE('',*,*,#1270,.F.);
#1270 = EDGE_CURVE('',#1271,#1243,#1273,.T.);
#1271 = VERTEX_POINT('',#1272);
#1272 = CARTESIAN_POINT('',(3.05,1.095,0.25));
#1273 = SURFACE_CURVE('',#1274,(#1278,#1285),.PCURVE_S1.);
#1274 = LINE('',#1275,#1276);
#1275 = CARTESIAN_POINT('',(3.05,-1.345,0.25));
#1276 = VECTOR('',#1277,1.);
#1277 = DIRECTION('',(0.,-1.,1.110223024625E-16));
#1278 = PCURVE('',#1218,#1279);
#1279 = DEFINITIONAL_REPRESENTATION('',(#1280),#1284);
#1280 = LINE('',#1281,#1282);
#1281 = CARTESIAN_POINT('',(0.,2.69));
#1282 = VECTOR('',#1283,1.);
#1283 = DIRECTION('',(-1.,-0.));
#1284 = ( GEOMETRIC_REPRESENTATION_CONTEXT(2) 
PARAMETRIC_REPRESENTATION_CONTEXT() REPRESENTATION_CONTEXT('2D SPACE',''
  ) );
#1285 = PCURVE('',#1286,#1291);
#1286 = CYLINDRICAL_SURFACE('',#1287,0.25);
#1287 = AXIS2_PLACEMENT_3D('',#1288,#1289,#1290);
#1288 = CARTESIAN_POINT('',(2.8,-1.345,0.25));
#1289 = DIRECTION('',(0.,-1.,1.110223024625E-16));
#1290 = DIRECTION('',(-1.,0.,0.));
#1291 = DEFINITIONAL_REPRESENTATION('',(#1292),#1296);
#1292 = LINE('',#1293,#1294);
#1293 = CARTESIAN_POINT('',(3.14159265359,0.));
#1294 = VECTOR('',#1295,1.);
#1295 = DIRECTION('',(0.,1.));
#1296 = ( GEOMETRIC_REPRESENTATION_CONTEXT(2) 
PARAMETRIC_REPRESENTATION_CONTEXT() REPRESENTATION_CONTEXT('2D SPACE',''
  ) );
#1297 = ORIENTED_EDGE('',*,*,#1298,.F.);
#1298 = EDGE_CURVE('',#1210,#1271,#1299,.T.);
#1299 = SURFACE_CURVE('',#1300,(#1304,#1311),.PCURVE_S1.);
#1300 = LINE('',#1301,#1302);
#1301 = CARTESIAN_POINT('',(3.05,1.095,2.94));
#1302 = VECTOR('',#1303,1.);
#1303 = DIRECTION('',(0.,-1.110223024625E-16,-1.));
#1304 = PCURVE('',#1218,#1305);
#1305 = DEFINITIONAL_REPRESENTATION('',(#1306),#1310);
#1306 = LINE('',#1307,#1308);
#1307 = CARTESIAN_POINT('',(2.44,0.));
#1308 = VECTOR('',#1309,1.);
#1309 = DIRECTION('',(0.,1.));
#1310 = ( GEOMETRIC_REPRESENTATION_CONTEXT(2) 
PARAMETRIC_REPRESENTATION_CONTEXT() REPRESENTATION_CONTEXT('2D SPACE',''
  ) );
#1311 = PCURVE('',#1312,#1317);
#1312 = CYLINDRICAL_SURFACE('',#1313,0.25);
#1313 = AXIS2_PLACEMENT_3D('',#1314,#1315,#1316);
#1314 = CARTESIAN_POINT('',(2.8,1.095,2.94));
#1315 = DIRECTION('',(0.,-1.110223024625E-16,-1.));
#1316 = DIRECTION('',(0.,1.,-1.110223024625E-16));
#1317 = DEFINITIONAL_REPRESENTATION('',(#1318),#1322);
#1318 = LINE('',#1319,#1320);
#1319 = CARTESIAN_POINT('',(1.570796326795,0.));
#1320 = VECTOR('',#1321,1.);
#1321 = DIRECTION('',(0.,1.));
#1322 = ( GEOMETRIC_REPRESENTATION_CONTEXT(2) 
PARAMETRIC_REPRESENTATION_CONTEXT() REPRESENTATION_CONTEXT('2D SPACE',''
  ) );
#1323 = ADVANCED_FACE('',(#1324),#1338,.F.);
#1324 = FACE_BOUND('',#1325,.T.);
#1325 = EDGE_LOOP('',(#1326,#1356,#1384,#1412));
#1326 = ORIENTED_EDGE('',*,*,#1327,.F.);
#1327 = EDGE_CURVE('',#1328,#1330,#1332,.T.);
#1328 = VERTEX_POINT('',#1329);
#1329 = CARTESIAN_POINT('',(2.8,-1.345,2.69));
#1330 = VERTEX_POINT('',#1331);
#1331 = CARTESIAN_POINT('',(2.8,-1.345,0.25));
#1332 = SURFACE_CURVE('',#1333,(#1337,#1349),.PCURVE_S1.);
#1333 = LINE('',#1334,#1335);
#1334 = CARTESIAN_POINT('',(2.8,-1.345,2.94));
#1335 = VECTOR('',#1336,1.);
#1336 = DIRECTION('',(0.,-1.110223024625E-16,-1.));
#1337 = PCURVE('',#1338,#1343);
#1338 = PLANE('',#1339);
#1339 = AXIS2_PLACEMENT_3D('',#1340,#1341,#1342);
#1340 = CARTESIAN_POINT('',(1.6,-1.345,2.94));
#1341 = DIRECTION('',(2.990902544788E-16,1.,-1.110223024625E-16));
#1342 = DIRECTION('',(1.,-2.990902544788E-16,3.320568869633E-32));
#1343 = DEFINITIONAL_REPRESENTATION('',(#1344),#1348);
#1344 = LINE('',#1345,#1346);
#1345 = CARTESIAN_POINT('',(1.2,0.));
#1346 = VECTOR('',#1347,1.);
#1347 = DIRECTION('',(0.,1.));
#1348 = ( GEOMETRIC_REPRESENTATION_CONTEXT(2) 
PARAMETRIC_REPRESENTATION_CONTEXT() REPRESENTATION_CONTEXT('2D SPACE',''
  ) );
#1349 = PCURVE('',#1258,#1350);
#1350 = DEFINITIONAL_REPRESENTATION('',(#1351),#1355);
#1351 = LINE('',#1352,#1353);
#1352 = CARTESIAN_POINT('',(3.14159265359,0.));
#1353 = VECTOR('',#1354,1.);
#1354 = DIRECTION('',(0.,1.));
#1355 = ( GEOMETRIC_REPRESENTATION_CONTEXT(2) 
PARAMETRIC_REPRESENTATION_CONTEXT() REPRESENTATION_CONTEXT('2D SPACE',''
  ) );
#1356 = ORIENTED_EDGE('',*,*,#1357,.F.);
#1357 = EDGE_CURVE('',#1358,#1328,#1360,.T.);
#1358 = VERTEX_POINT('',#1359);
#1359 = CARTESIAN_POINT('',(1.6,-1.345,2.69));
#1360 = SURFACE_CURVE('',#1361,(#1365,#1372),.PCURVE_S1.);
#1361 = LINE('',#1362,#1363);
#1362 = CARTESIAN_POINT('',(3.05,-1.345,2.69));
#1363 = VECTOR('',#1364,1.);
#1364 = DIRECTION('',(1.,-2.990902544788E-16,3.320568869633E-32));
#1365 = PCURVE('',#1338,#1366);
#1366 = DEFINITIONAL_REPRESENTATION('',(#1367),#1371);
#1367 = LINE('',#1368,#1369);
#1368 = CARTESIAN_POINT('',(1.45,0.25));
#1369 = VECTOR('',#1370,1.);
#1370 = DIRECTION('',(1.,0.));
#1371 = ( GEOMETRIC_REPRESENTATION_CONTEXT(2) 
PARAMETRIC_REPRESENTATION_CONTEXT() REPRESENTATION_CONTEXT('2D SPACE',''
  ) );
#1372 = PCURVE('',#1373,#1378);
#1373 = CYLINDRICAL_SURFACE('',#1374,0.25);
#1374 = AXIS2_PLACEMENT_3D('',#1375,#1376,#1377);
#1375 = CARTESIAN_POINT('',(-3.275038286542E-16,-1.095,2.69));
#1376 = DIRECTION('',(1.,-2.990902544788E-16,3.320568869633E-32));
#1377 = DIRECTION('',(-2.990902544788E-16,-1.,1.110223024625E-16));
#1378 = DEFINITIONAL_REPRESENTATION('',(#1379),#1383);
#1379 = LINE('',#1380,#1381);
#1380 = CARTESIAN_POINT('',(6.28318530718,3.05));
#1381 = VECTOR('',#1382,1.);
#1382 = DIRECTION('',(0.,1.));
#1383 = ( GEOMETRIC_REPRESENTATION_CONTEXT(2) 
PARAMETRIC_REPRESENTATION_CONTEXT() REPRESENTATION_CONTEXT('2D SPACE',''
  ) );
#1384 = ORIENTED_EDGE('',*,*,#1385,.T.);
#1385 = EDGE_CURVE('',#1358,#1386,#1388,.T.);
#1386 = VERTEX_POINT('',#1387);
#1387 = CARTESIAN_POINT('',(1.6,-1.345,0.25));
#1388 = SURFACE_CURVE('',#1389,(#1393,#1400),.PCURVE_S1.);
#1389 = LINE('',#1390,#1391);
#1390 = CARTESIAN_POINT('',(1.6,-1.345,2.94));
#1391 = VECTOR('',#1392,1.);
#1392 = DIRECTION('',(0.,-1.110223024625E-16,-1.));
#1393 = PCURVE('',#1338,#1394);
#1394 = DEFINITIONAL_REPRESENTATION('',(#1395),#1399);
#1395 = LINE('',#1396,#1397);
#1396 = CARTESIAN_POINT('',(0.,0.));
#1397 = VECTOR('',#1398,1.);
#1398 = DIRECTION('',(0.,1.));
#1399 = ( GEOMETRIC_REPRESENTATION_CONTEXT(2) 
PARAMETRIC_REPRESENTATION_CONTEXT() REPRESENTATION_CONTEXT('2D SPACE',''
  ) );
#1400 = PCURVE('',#1401,#1406);
#1401 = PLANE('',#1402);
#1402 = AXIS2_PLACEMENT_3D('',#1403,#1404,#1405);
#1403 = CARTESIAN_POINT('',(1.6,-1.345,2.94));
#1404 = DIRECTION('',(1.,0.,0.));
#1405 = DIRECTION('',(0.,-1.,1.110223024625E-16));
#1406 = DEFINITIONAL_REPRESENTATION('',(#1407),#1411);
#1407 = LINE('',#1408,#1409);
#1408 = CARTESIAN_POINT('',(0.,0.));
#1409 = VECTOR('',#1410,1.);
#1410 = DIRECTION('',(0.,1.));
#1411 = ( GEOMETRIC_REPRESENTATION_CONTEXT(2) 
PARAMETRIC_REPRESENTATION_CONTEXT() REPRESENTATION_CONTEXT('2D SPACE',''
  ) );
#1412 = ORIENTED_EDGE('',*,*,#1413,.F.);
#1413 = EDGE_CURVE('',#1330,#1386,#1414,.T.);
#1414 = SURFACE_CURVE('',#1415,(#1419,#1426),.PCURVE_S1.);
#1415 = LINE('',#1416,#1417);
#1416 = CARTESIAN_POINT('',(1.6,-1.345,0.25));
#1417 = VECTOR('',#1418,1.);
#1418 = DIRECTION('',(-1.,2.990902544788E-16,-3.320568869633E-32));
#1419 = PCURVE('',#1338,#1420);
#1420 = DEFINITIONAL_REPRESENTATION('',(#1421),#1425);
#1421 = LINE('',#1422,#1423);
#1422 = CARTESIAN_POINT('',(0.,2.69));
#1423 = VECTOR('',#1424,1.);
#1424 = DIRECTION('',(-1.,-0.));
#1425 = ( GEOMETRIC_REPRESENTATION_CONTEXT(2) 
PARAMETRIC_REPRESENTATION_CONTEXT() REPRESENTATION_CONTEXT('2D SPACE',''
  ) );
#1426 = PCURVE('',#1427,#1432);
#1427 = CYLINDRICAL_SURFACE('',#1428,0.25);
#1428 = AXIS2_PLACEMENT_3D('',#1429,#1430,#1431);
#1429 = CARTESIAN_POINT('',(1.6,-1.095,0.25));
#1430 = DIRECTION('',(-1.,2.990902544788E-16,-3.320568869633E-32));
#1431 = DIRECTION('',(2.990902544788E-16,1.,-1.110223024625E-16));
#1432 = DEFINITIONAL_REPRESENTATION('',(#1433),#1437);
#1433 = LINE('',#1434,#1435);
#1434 = CARTESIAN_POINT('',(3.14159265359,-2.22044604925E-16));
#1435 = VECTOR('',#1436,1.);
#1436 = DIRECTION('',(0.,1.));
#1437 = ( GEOMETRIC_REPRESENTATION_CONTEXT(2) 
PARAMETRIC_REPRESENTATION_CONTEXT() REPRESENTATION_CONTEXT('2D SPACE',''
  ) );
#1438 = ADVANCED_FACE('',(#1439),#1401,.F.);
#1439 = FACE_BOUND('',#1440,.T.);
#1440 = EDGE_LOOP('',(#1441,#1471,#1493,#1494,#1518,#1546,#1575,#1603));
#1441 = ORIENTED_EDGE('',*,*,#1442,.F.);
#1442 = EDGE_CURVE('',#1443,#1445,#1447,.T.);
#1443 = VERTEX_POINT('',#1444);
#1444 = CARTESIAN_POINT('',(1.6,-1.095,4.54636328584E-16));
#1445 = VERTEX_POINT('',#1446);
#1446 = CARTESIAN_POINT('',(1.6,1.095,2.114974861911E-16));
#1447 = SURFACE_CURVE('',#1448,(#1452,#1459),.PCURVE_S1.);
#1448 = LINE('',#1449,#1450);
#1449 = CARTESIAN_POINT('',(1.6,-1.345,4.823919041996E-16));
#1450 = VECTOR('',#1451,1.);
#1451 = DIRECTION('',(0.,1.,-1.110223024625E-16));
#1452 = PCURVE('',#1401,#1453);
#1453 = DEFINITIONAL_REPRESENTATION('',(#1454),#1458);
#1454 = LINE('',#1455,#1456);
#1455 = CARTESIAN_POINT('',(0.,2.94));
#1456 = VECTOR('',#1457,1.);
#1457 = DIRECTION('',(-1.,0.));
#1458 = ( GEOMETRIC_REPRESENTATION_CONTEXT(2) 
PARAMETRIC_REPRESENTATION_CONTEXT() REPRESENTATION_CONTEXT('2D SPACE',''
  ) );
#1459 = PCURVE('',#1460,#1465);
#1460 = PLANE('',#1461);
#1461 = AXIS2_PLACEMENT_3D('',#1462,#1463,#1464);
#1462 = CARTESIAN_POINT('',(0.,5.551115123126E-16,3.330669073875E-16));
#1463 = DIRECTION('',(0.,1.110223024625E-16,1.));
#1464 = DIRECTION('',(0.,-1.,1.110223024625E-16));
#1465 = DEFINITIONAL_REPRESENTATION('',(#1466),#1470);
#1466 = LINE('',#1467,#1468);
#1467 = CARTESIAN_POINT('',(1.345,1.6));
#1468 = VECTOR('',#1469,1.);
#1469 = DIRECTION('',(-1.,0.));
#1470 = ( GEOMETRIC_REPRESENTATION_CONTEXT(2) 
PARAMETRIC_REPRESENTATION_CONTEXT() REPRESENTATION_CONTEXT('2D SPACE',''
  ) );
#1471 = ORIENTED_EDGE('',*,*,#1472,.F.);
#1472 = EDGE_CURVE('',#1386,#1443,#1473,.T.);
#1473 = SURFACE_CURVE('',#1474,(#1479,#1486),.PCURVE_S1.);
#1474 = CIRCLE('',#1475,0.25);
#1475 = AXIS2_PLACEMENT_3D('',#1476,#1477,#1478);
#1476 = CARTESIAN_POINT('',(1.6,-1.095,0.25));
#1477 = DIRECTION('',(1.,0.,0.));
#1478 = DIRECTION('',(0.,-1.,1.110223024625E-16));
#1479 = PCURVE('',#1401,#1480);
#1480 = DEFINITIONAL_REPRESENTATION('',(#1481),#1485);
#1481 = CIRCLE('',#1482,0.25);
#1482 = AXIS2_PLACEMENT_2D('',#1483,#1484);
#1483 = CARTESIAN_POINT('',(-0.25,2.69));
#1484 = DIRECTION('',(1.,0.));
#1485 = ( GEOMETRIC_REPRESENTATION_CONTEXT(2) 
PARAMETRIC_REPRESENTATION_CONTEXT() REPRESENTATION_CONTEXT('2D SPACE',''
  ) );
#1486 = PCURVE('',#1427,#1487);
#1487 = DEFINITIONAL_REPRESENTATION('',(#1488),#1492);
#1488 = LINE('',#1489,#1490);
#1489 = CARTESIAN_POINT('',(3.14159265359,-2.22044604925E-16));
#1490 = VECTOR('',#1491,1.);
#1491 = DIRECTION('',(-1.,1.413579858428E-16));
#1492 = ( GEOMETRIC_REPRESENTATION_CONTEXT(2) 
PARAMETRIC_REPRESENTATION_CONTEXT() REPRESENTATION_CONTEXT('2D SPACE',''
  ) );
#1493 = ORIENTED_EDGE('',*,*,#1385,.F.);
#1494 = ORIENTED_EDGE('',*,*,#1495,.F.);
#1495 = EDGE_CURVE('',#1496,#1358,#1498,.T.);
#1496 = VERTEX_POINT('',#1497);
#1497 = CARTESIAN_POINT('',(1.6,-1.095,2.94));
#1498 = SURFACE_CURVE('',#1499,(#1504,#1511),.PCURVE_S1.);
#1499 = CIRCLE('',#1500,0.25);
#1500 = AXIS2_PLACEMENT_3D('',#1501,#1502,#1503);
#1501 = CARTESIAN_POINT('',(1.6,-1.095,2.69));
#1502 = DIRECTION('',(1.,0.,0.));
#1503 = DIRECTION('',(0.,-1.,1.110223024625E-16));
#1504 = PCURVE('',#1401,#1505);
#1505 = DEFINITIONAL_REPRESENTATION('',(#1506),#1510);
#1506 = CIRCLE('',#1507,0.25);
#1507 = AXIS2_PLACEMENT_2D('',#1508,#1509);
#1508 = CARTESIAN_POINT('',(-0.25,0.25));
#1509 = DIRECTION('',(1.,0.));
#1510 = ( GEOMETRIC_REPRESENTATION_CONTEXT(2) 
PARAMETRIC_REPRESENTATION_CONTEXT() REPRESENTATION_CONTEXT('2D SPACE',''
  ) );
#1511 = PCURVE('',#1373,#1512);
#1512 = DEFINITIONAL_REPRESENTATION('',(#1513),#1517);
#1513 = LINE('',#1514,#1515);
#1514 = CARTESIAN_POINT('',(0.,1.6));
#1515 = VECTOR('',#1516,1.);
#1516 = DIRECTION('',(1.,1.413579858428E-16));
#1517 = ( GEOMETRIC_REPRESENTATION_CONTEXT(2) 
PARAMETRIC_REPRESENTATION_CONTEXT() REPRESENTATION_CONTEXT('2D SPACE',''
  ) );
#1518 = ORIENTED_EDGE('',*,*,#1519,.T.);
#1519 = EDGE_CURVE('',#1496,#1520,#1522,.T.);
#1520 = VERTEX_POINT('',#1521);
#1521 = CARTESIAN_POINT('',(1.6,1.095,2.94));
#1522 = SURFACE_CURVE('',#1523,(#1527,#1534),.PCURVE_S1.);
#1523 = LINE('',#1524,#1525);
#1524 = CARTESIAN_POINT('',(1.6,-1.345,2.94));
#1525 = VECTOR('',#1526,1.);
#1526 = DIRECTION('',(0.,1.,-1.110223024625E-16));
#1527 = PCURVE('',#1401,#1528);
#1528 = DEFINITIONAL_REPRESENTATION('',(#1529),#1533);
#1529 = LINE('',#1530,#1531);
#1530 = CARTESIAN_POINT('',(0.,0.));
#1531 = VECTOR('',#1532,1.);
#1532 = DIRECTION('',(-1.,0.));
#1533 = ( GEOMETRIC_REPRESENTATION_CONTEXT(2) 
PARAMETRIC_REPRESENTATION_CONTEXT() REPRESENTATION_CONTEXT('2D SPACE',''
  ) );
#1534 = PCURVE('',#1535,#1540);
#1535 = PLANE('',#1536);
#1536 = AXIS2_PLACEMENT_3D('',#1537,#1538,#1539);
#1537 = CARTESIAN_POINT('',(0.,8.815170815524E-16,2.94));
#1538 = DIRECTION('',(0.,1.110223024625E-16,1.));
#1539 = DIRECTION('',(0.,-1.,1.110223024625E-16));
#1540 = DEFINITIONAL_REPRESENTATION('',(#1541),#1545);
#1541 = LINE('',#1542,#1543);
#1542 = CARTESIAN_POINT('',(1.345,1.6));
#1543 = VECTOR('',#1544,1.);
#1544 = DIRECTION('',(-1.,0.));
#1545 = ( GEOMETRIC_REPRESENTATION_CONTEXT(2) 
PARAMETRIC_REPRESENTATION_CONTEXT() REPRESENTATION_CONTEXT('2D SPACE',''
  ) );
#1546 = ORIENTED_EDGE('',*,*,#1547,.F.);
#1547 = EDGE_CURVE('',#1548,#1520,#1550,.T.);
#1548 = VERTEX_POINT('',#1549);
#1549 = CARTESIAN_POINT('',(1.6,1.345,2.69));
#1550 = SURFACE_CURVE('',#1551,(#1556,#1563),.PCURVE_S1.);
#1551 = CIRCLE('',#1552,0.25);
#1552 = AXIS2_PLACEMENT_3D('',#1553,#1554,#1555);
#1553 = CARTESIAN_POINT('',(1.6,1.095,2.69));
#1554 = DIRECTION('',(1.,0.,0.));
#1555 = DIRECTION('',(0.,-1.,1.110223024625E-16));
#1556 = PCURVE('',#1401,#1557);
#1557 = DEFINITIONAL_REPRESENTATION('',(#1558),#1562);
#1558 = CIRCLE('',#1559,0.25);
#1559 = AXIS2_PLACEMENT_2D('',#1560,#1561);
#1560 = CARTESIAN_POINT('',(-2.44,0.25));
#1561 = DIRECTION('',(1.,0.));
#1562 = ( GEOMETRIC_REPRESENTATION_CONTEXT(2) 
PARAMETRIC_REPRESENTATION_CONTEXT() REPRESENTATION_CONTEXT('2D SPACE',''
  ) );
#1563 = PCURVE('',#1564,#1569);
#1564 = CYLINDRICAL_SURFACE('',#1565,0.25);
#1565 = AXIS2_PLACEMENT_3D('',#1566,#1567,#1568);
#1566 = CARTESIAN_POINT('',(3.275038286542E-16,1.095,2.69));
#1567 = DIRECTION('',(-1.,2.990902544788E-16,-3.320568869633E-32));
#1568 = DIRECTION('',(2.990902544788E-16,1.,-1.110223024625E-16));
#1569 = DEFINITIONAL_REPRESENTATION('',(#1570),#1574);
#1570 = LINE('',#1571,#1572);
#1571 = CARTESIAN_POINT('',(9.424777960769,-1.6));
#1572 = VECTOR('',#1573,1.);
#1573 = DIRECTION('',(-1.,-1.413579858428E-16));
#1574 = ( GEOMETRIC_REPRESENTATION_CONTEXT(2) 
PARAMETRIC_REPRESENTATION_CONTEXT() REPRESENTATION_CONTEXT('2D SPACE',''
  ) );
#1575 = ORIENTED_EDGE('',*,*,#1576,.T.);
#1576 = EDGE_CURVE('',#1548,#1577,#1579,.T.);
#1577 = VERTEX_POINT('',#1578);
#1578 = CARTESIAN_POINT('',(1.6,1.345,0.25));
#1579 = SURFACE_CURVE('',#1580,(#1584,#1591),.PCURVE_S1.);
#1580 = LINE('',#1581,#1582);
#1581 = CARTESIAN_POINT('',(1.6,1.345,2.94));
#1582 = VECTOR('',#1583,1.);
#1583 = DIRECTION('',(0.,-1.110223024625E-16,-1.));
#1584 = PCURVE('',#1401,#1585);
#1585 = DEFINITIONAL_REPRESENTATION('',(#1586),#1590);
#1586 = LINE('',#1587,#1588);
#1587 = CARTESIAN_POINT('',(-2.69,0.));
#1588 = VECTOR('',#1589,1.);
#1589 = DIRECTION('',(0.,1.));
#1590 = ( GEOMETRIC_REPRESENTATION_CONTEXT(2) 
PARAMETRIC_REPRESENTATION_CONTEXT() REPRESENTATION_CONTEXT('2D SPACE',''
  ) );
#1591 = PCURVE('',#1592,#1597);
#1592 = PLANE('',#1593);
#1593 = AXIS2_PLACEMENT_3D('',#1594,#1595,#1596);
#1594 = CARTESIAN_POINT('',(1.6,1.345,2.94));
#1595 = DIRECTION('',(-2.990902544788E-16,-1.,1.110223024625E-16));
#1596 = DIRECTION('',(-1.,2.990902544788E-16,-3.320568869633E-32));
#1597 = DEFINITIONAL_REPRESENTATION('',(#1598),#1602);
#1598 = LINE('',#1599,#1600);
#1599 = CARTESIAN_POINT('',(0.,0.));
#1600 = VECTOR('',#1601,1.);
#1601 = DIRECTION('',(-0.,1.));
#1602 = ( GEOMETRIC_REPRESENTATION_CONTEXT(2) 
PARAMETRIC_REPRESENTATION_CONTEXT() REPRESENTATION_CONTEXT('2D SPACE',''
  ) );
#1603 = ORIENTED_EDGE('',*,*,#1604,.F.);
#1604 = EDGE_CURVE('',#1445,#1577,#1605,.T.);
#1605 = SURFACE_CURVE('',#1606,(#1611,#1618),.PCURVE_S1.);
#1606 = CIRCLE('',#1607,0.25);
#1607 = AXIS2_PLACEMENT_3D('',#1608,#1609,#1610);
#1608 = CARTESIAN_POINT('',(1.6,1.095,0.25));
#1609 = DIRECTION('',(1.,0.,0.));
#1610 = DIRECTION('',(0.,-1.,1.110223024625E-16));
#1611 = PCURVE('',#1401,#1612);
#1612 = DEFINITIONAL_REPRESENTATION('',(#1613),#1617);
#1613 = CIRCLE('',#1614,0.25);
#1614 = AXIS2_PLACEMENT_2D('',#1615,#1616);
#1615 = CARTESIAN_POINT('',(-2.44,2.69));
#1616 = DIRECTION('',(1.,0.));
#1617 = ( GEOMETRIC_REPRESENTATION_CONTEXT(2) 
PARAMETRIC_REPRESENTATION_CONTEXT() REPRESENTATION_CONTEXT('2D SPACE',''
  ) );
#1618 = PCURVE('',#1619,#1624);
#1619 = CYLINDRICAL_SURFACE('',#1620,0.25);
#1620 = AXIS2_PLACEMENT_3D('',#1621,#1622,#1623);
#1621 = CARTESIAN_POINT('',(1.6,1.095,0.25));
#1622 = DIRECTION('',(1.,-2.990902544788E-16,3.320568869633E-32));
#1623 = DIRECTION('',(-2.990902544788E-16,-1.,1.110223024625E-16));
#1624 = DEFINITIONAL_REPRESENTATION('',(#1625),#1629);
#1625 = LINE('',#1626,#1627);
#1626 = CARTESIAN_POINT('',(0.,2.22044604925E-16));
#1627 = VECTOR('',#1628,1.);
#1628 = DIRECTION('',(1.,-1.413579858428E-16));
#1629 = ( GEOMETRIC_REPRESENTATION_CONTEXT(2) 
PARAMETRIC_REPRESENTATION_CONTEXT() REPRESENTATION_CONTEXT('2D SPACE',''
  ) );
#1630 = ADVANCED_FACE('',(#1631),#1592,.F.);
#1631 = FACE_BOUND('',#1632,.T.);
#1632 = EDGE_LOOP('',(#1633,#1634,#1657,#1680));
#1633 = ORIENTED_EDGE('',*,*,#1576,.F.);
#1634 = ORIENTED_EDGE('',*,*,#1635,.F.);
#1635 = EDGE_CURVE('',#1636,#1548,#1638,.T.);
#1636 = VERTEX_POINT('',#1637);
#1637 = CARTESIAN_POINT('',(2.8,1.345,2.69));
#1638 = SURFACE_CURVE('',#1639,(#1643,#1650),.PCURVE_S1.);
#1639 = LINE('',#1640,#1641);
#1640 = CARTESIAN_POINT('',(1.6,1.345,2.69));
#1641 = VECTOR('',#1642,1.);
#1642 = DIRECTION('',(-1.,2.990902544788E-16,-3.320568869633E-32));
#1643 = PCURVE('',#1592,#1644);
#1644 = DEFINITIONAL_REPRESENTATION('',(#1645),#1649);
#1645 = LINE('',#1646,#1647);
#1646 = CARTESIAN_POINT('',(-0.,0.25));
#1647 = VECTOR('',#1648,1.);
#1648 = DIRECTION('',(1.,0.));
#1649 = ( GEOMETRIC_REPRESENTATION_CONTEXT(2) 
PARAMETRIC_REPRESENTATION_CONTEXT() REPRESENTATION_CONTEXT('2D SPACE',''
  ) );
#1650 = PCURVE('',#1564,#1651);
#1651 = DEFINITIONAL_REPRESENTATION('',(#1652),#1656);
#1652 = LINE('',#1653,#1654);
#1653 = CARTESIAN_POINT('',(6.28318530718,-1.6));
#1654 = VECTOR('',#1655,1.);
#1655 = DIRECTION('',(0.,1.));
#1656 = ( GEOMETRIC_REPRESENTATION_CONTEXT(2) 
PARAMETRIC_REPRESENTATION_CONTEXT() REPRESENTATION_CONTEXT('2D SPACE',''
  ) );
#1657 = ORIENTED_EDGE('',*,*,#1658,.F.);
#1658 = EDGE_CURVE('',#1659,#1636,#1661,.T.);
#1659 = VERTEX_POINT('',#1660);
#1660 = CARTESIAN_POINT('',(2.8,1.345,0.25));
#1661 = SURFACE_CURVE('',#1662,(#1666,#1673),.PCURVE_S1.);
#1662 = LINE('',#1663,#1664);
#1663 = CARTESIAN_POINT('',(2.8,1.345,2.94));
#1664 = VECTOR('',#1665,1.);
#1665 = DIRECTION('',(0.,1.110223024625E-16,1.));
#1666 = PCURVE('',#1592,#1667);
#1667 = DEFINITIONAL_REPRESENTATION('',(#1668),#1672);
#1668 = LINE('',#1669,#1670);
#1669 = CARTESIAN_POINT('',(-1.2,0.));
#1670 = VECTOR('',#1671,1.);
#1671 = DIRECTION('',(0.,-1.));
#1672 = ( GEOMETRIC_REPRESENTATION_CONTEXT(2) 
PARAMETRIC_REPRESENTATION_CONTEXT() REPRESENTATION_CONTEXT('2D SPACE',''
  ) );
#1673 = PCURVE('',#1312,#1674);
#1674 = DEFINITIONAL_REPRESENTATION('',(#1675),#1679);
#1675 = LINE('',#1676,#1677);
#1676 = CARTESIAN_POINT('',(0.,0.));
#1677 = VECTOR('',#1678,1.);
#1678 = DIRECTION('',(0.,-1.));
#1679 = ( GEOMETRIC_REPRESENTATION_CONTEXT(2) 
PARAMETRIC_REPRESENTATION_CONTEXT() REPRESENTATION_CONTEXT('2D SPACE',''
  ) );
#1680 = ORIENTED_EDGE('',*,*,#1681,.F.);
#1681 = EDGE_CURVE('',#1577,#1659,#1682,.T.);
#1682 = SURFACE_CURVE('',#1683,(#1687,#1694),.PCURVE_S1.);
#1683 = LINE('',#1684,#1685);
#1684 = CARTESIAN_POINT('',(1.6,1.345,0.25));
#1685 = VECTOR('',#1686,1.);
#1686 = DIRECTION('',(1.,-2.990902544788E-16,3.320568869633E-32));
#1687 = PCURVE('',#1592,#1688);
#1688 = DEFINITIONAL_REPRESENTATION('',(#1689),#1693);
#1689 = LINE('',#1690,#1691);
#1690 = CARTESIAN_POINT('',(-0.,2.69));
#1691 = VECTOR('',#1692,1.);
#1692 = DIRECTION('',(-1.,0.));
#1693 = ( GEOMETRIC_REPRESENTATION_CONTEXT(2) 
PARAMETRIC_REPRESENTATION_CONTEXT() REPRESENTATION_CONTEXT('2D SPACE',''
  ) );
#1694 = PCURVE('',#1619,#1695);
#1695 = DEFINITIONAL_REPRESENTATION('',(#1696),#1700);
#1696 = LINE('',#1697,#1698);
#1697 = CARTESIAN_POINT('',(3.14159265359,-2.22044604925E-16));
#1698 = VECTOR('',#1699,1.);
#1699 = DIRECTION('',(0.,1.));
#1700 = ( GEOMETRIC_REPRESENTATION_CONTEXT(2) 
PARAMETRIC_REPRESENTATION_CONTEXT() REPRESENTATION_CONTEXT('2D SPACE',''
  ) );
#1701 = ADVANCED_FACE('',(#1702),#1535,.T.);
#1702 = FACE_BOUND('',#1703,.T.);
#1703 = EDGE_LOOP('',(#1704,#1705,#1728,#1751));
#1704 = ORIENTED_EDGE('',*,*,#1519,.F.);
#1705 = ORIENTED_EDGE('',*,*,#1706,.F.);
#1706 = EDGE_CURVE('',#1707,#1496,#1709,.T.);
#1707 = VERTEX_POINT('',#1708);
#1708 = CARTESIAN_POINT('',(2.8,-1.095,2.94));
#1709 = SURFACE_CURVE('',#1710,(#1714,#1721),.PCURVE_S1.);
#1710 = LINE('',#1711,#1712);
#1711 = CARTESIAN_POINT('',(1.6,-1.095,2.94));
#1712 = VECTOR('',#1713,1.);
#1713 = DIRECTION('',(-1.,2.990902544788E-16,-3.320568869633E-32));
#1714 = PCURVE('',#1535,#1715);
#1715 = DEFINITIONAL_REPRESENTATION('',(#1716),#1720);
#1716 = LINE('',#1717,#1718);
#1717 = CARTESIAN_POINT('',(1.095,1.6));
#1718 = VECTOR('',#1719,1.);
#1719 = DIRECTION('',(-2.990902544788E-16,-1.));
#1720 = ( GEOMETRIC_REPRESENTATION_CONTEXT(2) 
PARAMETRIC_REPRESENTATION_CONTEXT() REPRESENTATION_CONTEXT('2D SPACE',''
  ) );
#1721 = PCURVE('',#1373,#1722);
#1722 = DEFINITIONAL_REPRESENTATION('',(#1723),#1727);
#1723 = LINE('',#1724,#1725);
#1724 = CARTESIAN_POINT('',(4.712388980385,1.6));
#1725 = VECTOR('',#1726,1.);
#1726 = DIRECTION('',(0.,-1.));
#1727 = ( GEOMETRIC_REPRESENTATION_CONTEXT(2) 
PARAMETRIC_REPRESENTATION_CONTEXT() REPRESENTATION_CONTEXT('2D SPACE',''
  ) );
#1728 = ORIENTED_EDGE('',*,*,#1729,.F.);
#1729 = EDGE_CURVE('',#1730,#1707,#1732,.T.);
#1730 = VERTEX_POINT('',#1731);
#1731 = CARTESIAN_POINT('',(2.8,1.095,2.94));
#1732 = SURFACE_CURVE('',#1733,(#1737,#1744),.PCURVE_S1.);
#1733 = LINE('',#1734,#1735);
#1734 = CARTESIAN_POINT('',(2.8,-1.345,2.94));
#1735 = VECTOR('',#1736,1.);
#1736 = DIRECTION('',(0.,-1.,1.110223024625E-16));
#1737 = PCURVE('',#1535,#1738);
#1738 = DEFINITIONAL_REPRESENTATION('',(#1739),#1743);
#1739 = LINE('',#1740,#1741);
#1740 = CARTESIAN_POINT('',(1.345,2.8));
#1741 = VECTOR('',#1742,1.);
#1742 = DIRECTION('',(1.,0.));
#1743 = ( GEOMETRIC_REPRESENTATION_CONTEXT(2) 
PARAMETRIC_REPRESENTATION_CONTEXT() REPRESENTATION_CONTEXT('2D SPACE',''
  ) );
#1744 = PCURVE('',#1230,#1745);
#1745 = DEFINITIONAL_REPRESENTATION('',(#1746),#1750);
#1746 = LINE('',#1747,#1748);
#1747 = CARTESIAN_POINT('',(4.712388980385,-1.345));
#1748 = VECTOR('',#1749,1.);
#1749 = DIRECTION('',(0.,-1.));
#1750 = ( GEOMETRIC_REPRESENTATION_CONTEXT(2) 
PARAMETRIC_REPRESENTATION_CONTEXT() REPRESENTATION_CONTEXT('2D SPACE',''
  ) );
#1751 = ORIENTED_EDGE('',*,*,#1752,.F.);
#1752 = EDGE_CURVE('',#1520,#1730,#1753,.T.);
#1753 = SURFACE_CURVE('',#1754,(#1758,#1765),.PCURVE_S1.);
#1754 = LINE('',#1755,#1756);
#1755 = CARTESIAN_POINT('',(3.05,1.095,2.94));
#1756 = VECTOR('',#1757,1.);
#1757 = DIRECTION('',(1.,-2.990902544788E-16,3.320568869633E-32));
#1758 = PCURVE('',#1535,#1759);
#1759 = DEFINITIONAL_REPRESENTATION('',(#1760),#1764);
#1760 = LINE('',#1761,#1762);
#1761 = CARTESIAN_POINT('',(-1.095,3.05));
#1762 = VECTOR('',#1763,1.);
#1763 = DIRECTION('',(2.990902544788E-16,1.));
#1764 = ( GEOMETRIC_REPRESENTATION_CONTEXT(2) 
PARAMETRIC_REPRESENTATION_CONTEXT() REPRESENTATION_CONTEXT('2D SPACE',''
  ) );
#1765 = PCURVE('',#1564,#1766);
#1766 = DEFINITIONAL_REPRESENTATION('',(#1767),#1771);
#1767 = LINE('',#1768,#1769);
#1768 = CARTESIAN_POINT('',(4.712388980385,-3.05));
#1769 = VECTOR('',#1770,1.);
#1770 = DIRECTION('',(0.,-1.));
#1771 = ( GEOMETRIC_REPRESENTATION_CONTEXT(2) 
PARAMETRIC_REPRESENTATION_CONTEXT() REPRESENTATION_CONTEXT('2D SPACE',''
  ) );
#1772 = ADVANCED_FACE('',(#1773),#1460,.F.);
#1773 = FACE_BOUND('',#1774,.T.);
#1774 = EDGE_LOOP('',(#1775,#1800,#1821,#1822));
#1775 = ORIENTED_EDGE('',*,*,#1776,.F.);
#1776 = EDGE_CURVE('',#1777,#1779,#1781,.T.);
#1777 = VERTEX_POINT('',#1778);
#1778 = CARTESIAN_POINT('',(2.8,-1.095,4.54636328584E-16));
#1779 = VERTEX_POINT('',#1780);
#1780 = CARTESIAN_POINT('',(2.8,1.095,2.114974861911E-16));
#1781 = SURFACE_CURVE('',#1782,(#1786,#1793),.PCURVE_S1.);
#1782 = LINE('',#1783,#1784);
#1783 = CARTESIAN_POINT('',(2.8,5.551115123126E-16,3.330669073875E-16));
#1784 = VECTOR('',#1785,1.);
#1785 = DIRECTION('',(-0.,1.,-1.110223024625E-16));
#1786 = PCURVE('',#1460,#1787);
#1787 = DEFINITIONAL_REPRESENTATION('',(#1788),#1792);
#1788 = LINE('',#1789,#1790);
#1789 = CARTESIAN_POINT('',(0.,2.8));
#1790 = VECTOR('',#1791,1.);
#1791 = DIRECTION('',(-1.,0.));
#1792 = ( GEOMETRIC_REPRESENTATION_CONTEXT(2) 
PARAMETRIC_REPRESENTATION_CONTEXT() REPRESENTATION_CONTEXT('2D SPACE',''
  ) );
#1793 = PCURVE('',#1286,#1794);
#1794 = DEFINITIONAL_REPRESENTATION('',(#1795),#1799);
#1795 = LINE('',#1796,#1797);
#1796 = CARTESIAN_POINT('',(1.570796326795,-1.345));
#1797 = VECTOR('',#1798,1.);
#1798 = DIRECTION('',(0.,-1.));
#1799 = ( GEOMETRIC_REPRESENTATION_CONTEXT(2) 
PARAMETRIC_REPRESENTATION_CONTEXT() REPRESENTATION_CONTEXT('2D SPACE',''
  ) );
#1800 = ORIENTED_EDGE('',*,*,#1801,.F.);
#1801 = EDGE_CURVE('',#1443,#1777,#1802,.T.);
#1802 = SURFACE_CURVE('',#1803,(#1807,#1814),.PCURVE_S1.);
#1803 = LINE('',#1804,#1805);
#1804 = CARTESIAN_POINT('',(-3.275038286542E-16,-1.095,4.54636328584E-16
    ));
#1805 = VECTOR('',#1806,1.);
#1806 = DIRECTION('',(1.,-2.990902544788E-16,3.320568869633E-32));
#1807 = PCURVE('',#1460,#1808);
#1808 = DEFINITIONAL_REPRESENTATION('',(#1809),#1813);
#1809 = LINE('',#1810,#1811);
#1810 = CARTESIAN_POINT('',(1.095,-3.275038286542E-16));
#1811 = VECTOR('',#1812,1.);
#1812 = DIRECTION('',(2.990902544788E-16,1.));
#1813 = ( GEOMETRIC_REPRESENTATION_CONTEXT(2) 
PARAMETRIC_REPRESENTATION_CONTEXT() REPRESENTATION_CONTEXT('2D SPACE',''
  ) );
#1814 = PCURVE('',#1427,#1815);
#1815 = DEFINITIONAL_REPRESENTATION('',(#1816),#1820);
#1816 = LINE('',#1817,#1818);
#1817 = CARTESIAN_POINT('',(1.570796326795,1.6));
#1818 = VECTOR('',#1819,1.);
#1819 = DIRECTION('',(0.,-1.));
#1820 = ( GEOMETRIC_REPRESENTATION_CONTEXT(2) 
PARAMETRIC_REPRESENTATION_CONTEXT() REPRESENTATION_CONTEXT('2D SPACE',''
  ) );
#1821 = ORIENTED_EDGE('',*,*,#1442,.T.);
#1822 = ORIENTED_EDGE('',*,*,#1823,.F.);
#1823 = EDGE_CURVE('',#1779,#1445,#1824,.T.);
#1824 = SURFACE_CURVE('',#1825,(#1829,#1836),.PCURVE_S1.);
#1825 = LINE('',#1826,#1827);
#1826 = CARTESIAN_POINT('',(3.275038286542E-16,1.095,2.114974861911E-16)
  );
#1827 = VECTOR('',#1828,1.);
#1828 = DIRECTION('',(-1.,2.990902544788E-16,-3.320568869633E-32));
#1829 = PCURVE('',#1460,#1830);
#1830 = DEFINITIONAL_REPRESENTATION('',(#1831),#1835);
#1831 = LINE('',#1832,#1833);
#1832 = CARTESIAN_POINT('',(-1.095,3.275038286542E-16));
#1833 = VECTOR('',#1834,1.);
#1834 = DIRECTION('',(-2.990902544788E-16,-1.));
#1835 = ( GEOMETRIC_REPRESENTATION_CONTEXT(2) 
PARAMETRIC_REPRESENTATION_CONTEXT() REPRESENTATION_CONTEXT('2D SPACE',''
  ) );
#1836 = PCURVE('',#1619,#1837);
#1837 = DEFINITIONAL_REPRESENTATION('',(#1838),#1842);
#1838 = LINE('',#1839,#1840);
#1839 = CARTESIAN_POINT('',(1.570796326795,-1.6));
#1840 = VECTOR('',#1841,1.);
#1841 = DIRECTION('',(0.,-1.));
#1842 = ( GEOMETRIC_REPRESENTATION_CONTEXT(2) 
PARAMETRIC_REPRESENTATION_CONTEXT() REPRESENTATION_CONTEXT('2D SPACE',''
  ) );
#1843 = ADVANCED_FACE('',(#1844),#1373,.T.);
#1844 = FACE_BOUND('',#1845,.T.);
#1845 = EDGE_LOOP('',(#1846,#1847,#1848,#1897));
#1846 = ORIENTED_EDGE('',*,*,#1495,.T.);
#1847 = ORIENTED_EDGE('',*,*,#1357,.T.);
#1848 = ORIENTED_EDGE('',*,*,#1849,.T.);
#1849 = EDGE_CURVE('',#1328,#1707,#1850,.T.);
#1850 = SURFACE_CURVE('',#1851,(#1856,#1863),.PCURVE_S1.);
#1851 = CIRCLE('',#1852,0.25);
#1852 = AXIS2_PLACEMENT_3D('',#1853,#1854,#1855);
#1853 = CARTESIAN_POINT('',(2.8,-1.095,2.69));
#1854 = DIRECTION('',(-1.,0.,0.));
#1855 = DIRECTION('',(0.,-1.,1.110223024625E-16));
#1856 = PCURVE('',#1373,#1857);
#1857 = DEFINITIONAL_REPRESENTATION('',(#1858),#1862);
#1858 = LINE('',#1859,#1860);
#1859 = CARTESIAN_POINT('',(6.28318530718,2.8));
#1860 = VECTOR('',#1861,1.);
#1861 = DIRECTION('',(-1.,0.));
#1862 = ( GEOMETRIC_REPRESENTATION_CONTEXT(2) 
PARAMETRIC_REPRESENTATION_CONTEXT() REPRESENTATION_CONTEXT('2D SPACE',''
  ) );
#1863 = PCURVE('',#1864,#1869);
#1864 = SPHERICAL_SURFACE('',#1865,0.25);
#1865 = AXIS2_PLACEMENT_3D('',#1866,#1867,#1868);
#1866 = CARTESIAN_POINT('',(2.8,-1.095,2.69));
#1867 = DIRECTION('',(0.,-1.110223024625E-16,-1.));
#1868 = DIRECTION('',(-1.,0.,0.));
#1869 = DEFINITIONAL_REPRESENTATION('',(#1870),#1896);
#1870 = B_SPLINE_CURVE_WITH_KNOTS('',3,(#1871,#1872,#1873,#1874,#1875,
    #1876,#1877,#1878,#1879,#1880,#1881,#1882,#1883,#1884,#1885,#1886,
    #1887,#1888,#1889,#1890,#1891,#1892,#1893,#1894,#1895),
  .UNSPECIFIED.,.F.,.F.,(4,1,1,1,1,1,1,1,1,1,1,1,1,1,1,1,1,1,1,1,1,1,4),
  (0.,7.139983303613E-02,0.142799666072,0.214199499108,0.285599332145,
    0.356999165181,0.428398998217,0.499798831253,0.571198664289,
    0.642598497325,0.713998330361,0.785398163397,0.856797996434,
    0.92819782947,0.999597662506,1.070997495542,1.142397328578,
    1.213797161614,1.28519699465,1.356596827687,1.427996660723,
    1.499396493759,1.570796326795),.QUASI_UNIFORM_KNOTS.);
#1871 = CARTESIAN_POINT('',(4.712388980385,0.));
#1872 = CARTESIAN_POINT('',(4.712388980385,-2.379994434538E-02));
#1873 = CARTESIAN_POINT('',(4.712388980385,-7.139983303613E-02));
#1874 = CARTESIAN_POINT('',(4.712388980385,-0.142799666072));
#1875 = CARTESIAN_POINT('',(4.712388980385,-0.214199499108));
#1876 = CARTESIAN_POINT('',(4.712388980385,-0.285599332145));
#1877 = CARTESIAN_POINT('',(4.712388980385,-0.356999165181));
#1878 = CARTESIAN_POINT('',(4.712388980385,-0.428398998217));
#1879 = CARTESIAN_POINT('',(4.712388980385,-0.499798831253));
#1880 = CARTESIAN_POINT('',(4.712388980385,-0.571198664289));
#1881 = CARTESIAN_POINT('',(4.712388980385,-0.642598497325));
#1882 = CARTESIAN_POINT('',(4.712388980385,-0.713998330361));
#1883 = CARTESIAN_POINT('',(4.712388980385,-0.785398163397));
#1884 = CARTESIAN_POINT('',(4.712388980385,-0.856797996434));
#1885 = CARTESIAN_POINT('',(4.712388980385,-0.92819782947));
#1886 = CARTESIAN_POINT('',(4.712388980385,-0.999597662506));
#1887 = CARTESIAN_POINT('',(4.712388980385,-1.070997495542));
#1888 = CARTESIAN_POINT('',(4.712388980385,-1.142397328578));
#1889 = CARTESIAN_POINT('',(4.712388980385,-1.213797161614));
#1890 = CARTESIAN_POINT('',(4.712388980385,-1.28519699465));
#1891 = CARTESIAN_POINT('',(4.712388980385,-1.356596827687));
#1892 = CARTESIAN_POINT('',(4.712388980385,-1.427996660723));
#1893 = CARTESIAN_POINT('',(4.712388980385,-1.499396493759));
#1894 = CARTESIAN_POINT('',(4.712388980385,-1.54699638245));
#1895 = CARTESIAN_POINT('',(4.712388980385,-1.570796326795));
#1896 = ( GEOMETRIC_REPRESENTATION_CONTEXT(2) 
PARAMETRIC_REPRESENTATION_CONTEXT() REPRESENTATION_CONTEXT('2D SPACE',''
  ) );
#1897 = ORIENTED_EDGE('',*,*,#1706,.T.);
#1898 = ADVANCED_FACE('',(#1899),#1258,.T.);
#1899 = FACE_BOUND('',#1900,.T.);
#1900 = EDGE_LOOP('',(#1901,#1928,#1929,#1951));
#1901 = ORIENTED_EDGE('',*,*,#1902,.T.);
#1902 = EDGE_CURVE('',#1330,#1243,#1903,.T.);
#1903 = SURFACE_CURVE('',#1904,(#1909,#1916),.PCURVE_S1.);
#1904 = CIRCLE('',#1905,0.25);
#1905 = AXIS2_PLACEMENT_3D('',#1906,#1907,#1908);
#1906 = CARTESIAN_POINT('',(2.8,-1.095,0.25));
#1907 = DIRECTION('',(0.,1.110223024625E-16,1.));
#1908 = DIRECTION('',(0.,1.,-1.110223024625E-16));
#1909 = PCURVE('',#1258,#1910);
#1910 = DEFINITIONAL_REPRESENTATION('',(#1911),#1915);
#1911 = LINE('',#1912,#1913);
#1912 = CARTESIAN_POINT('',(6.28318530718,2.69));
#1913 = VECTOR('',#1914,1.);
#1914 = DIRECTION('',(-1.,0.));
#1915 = ( GEOMETRIC_REPRESENTATION_CONTEXT(2) 
PARAMETRIC_REPRESENTATION_CONTEXT() REPRESENTATION_CONTEXT('2D SPACE',''
  ) );
#1916 = PCURVE('',#1917,#1922);
#1917 = SPHERICAL_SURFACE('',#1918,0.25);
#1918 = AXIS2_PLACEMENT_3D('',#1919,#1920,#1921);
#1919 = CARTESIAN_POINT('',(2.8,-1.095,0.25));
#1920 = DIRECTION('',(0.,-1.110223024625E-16,-1.));
#1921 = DIRECTION('',(-1.,0.,0.));
#1922 = DEFINITIONAL_REPRESENTATION('',(#1923),#1927);
#1923 = LINE('',#1924,#1925);
#1924 = CARTESIAN_POINT('',(7.853981633974,-8.881784197001E-16));
#1925 = VECTOR('',#1926,1.);
#1926 = DIRECTION('',(-1.,0.));
#1927 = ( GEOMETRIC_REPRESENTATION_CONTEXT(2) 
PARAMETRIC_REPRESENTATION_CONTEXT() REPRESENTATION_CONTEXT('2D SPACE',''
  ) );
#1928 = ORIENTED_EDGE('',*,*,#1242,.T.);
#1929 = ORIENTED_EDGE('',*,*,#1930,.T.);
#1930 = EDGE_CURVE('',#1208,#1328,#1931,.T.);
#1931 = SURFACE_CURVE('',#1932,(#1937,#1944),.PCURVE_S1.);
#1932 = CIRCLE('',#1933,0.25);
#1933 = AXIS2_PLACEMENT_3D('',#1934,#1935,#1936);
#1934 = CARTESIAN_POINT('',(2.8,-1.095,2.69));
#1935 = DIRECTION('',(-0.,-1.110223024625E-16,-1.));
#1936 = DIRECTION('',(0.,-1.,1.110223024625E-16));
#1937 = PCURVE('',#1258,#1938);
#1938 = DEFINITIONAL_REPRESENTATION('',(#1939),#1943);
#1939 = LINE('',#1940,#1941);
#1940 = CARTESIAN_POINT('',(-3.14159265359,0.25));
#1941 = VECTOR('',#1942,1.);
#1942 = DIRECTION('',(1.,0.));
#1943 = ( GEOMETRIC_REPRESENTATION_CONTEXT(2) 
PARAMETRIC_REPRESENTATION_CONTEXT() REPRESENTATION_CONTEXT('2D SPACE',''
  ) );
#1944 = PCURVE('',#1864,#1945);
#1945 = DEFINITIONAL_REPRESENTATION('',(#1946),#1950);
#1946 = LINE('',#1947,#1948);
#1947 = CARTESIAN_POINT('',(-1.570796326795,0.));
#1948 = VECTOR('',#1949,1.);
#1949 = DIRECTION('',(1.,0.));
#1950 = ( GEOMETRIC_REPRESENTATION_CONTEXT(2) 
PARAMETRIC_REPRESENTATION_CONTEXT() REPRESENTATION_CONTEXT('2D SPACE',''
  ) );
#1951 = ORIENTED_EDGE('',*,*,#1327,.T.);
#1952 = ADVANCED_FACE('',(#1953),#1427,.T.);
#1953 = FACE_BOUND('',#1954,.T.);
#1954 = EDGE_LOOP('',(#1955,#1956,#1957,#2001));
#1955 = ORIENTED_EDGE('',*,*,#1472,.T.);
#1956 = ORIENTED_EDGE('',*,*,#1801,.T.);
#1957 = ORIENTED_EDGE('',*,*,#1958,.T.);
#1958 = EDGE_CURVE('',#1777,#1330,#1959,.T.);
#1959 = SURFACE_CURVE('',#1960,(#1965,#1972),.PCURVE_S1.);
#1960 = CIRCLE('',#1961,0.25);
#1961 = AXIS2_PLACEMENT_3D('',#1962,#1963,#1964);
#1962 = CARTESIAN_POINT('',(2.8,-1.095,0.25));
#1963 = DIRECTION('',(-1.,0.,0.));
#1964 = DIRECTION('',(0.,-1.,1.110223024625E-16));
#1965 = PCURVE('',#1427,#1966);
#1966 = DEFINITIONAL_REPRESENTATION('',(#1967),#1971);
#1967 = LINE('',#1968,#1969);
#1968 = CARTESIAN_POINT('',(-3.14159265359,-1.2));
#1969 = VECTOR('',#1970,1.);
#1970 = DIRECTION('',(1.,0.));
#1971 = ( GEOMETRIC_REPRESENTATION_CONTEXT(2) 
PARAMETRIC_REPRESENTATION_CONTEXT() REPRESENTATION_CONTEXT('2D SPACE',''
  ) );
#1972 = PCURVE('',#1917,#1973);
#1973 = DEFINITIONAL_REPRESENTATION('',(#1974),#2000);
#1974 = B_SPLINE_CURVE_WITH_KNOTS('',3,(#1975,#1976,#1977,#1978,#1979,
    #1980,#1981,#1982,#1983,#1984,#1985,#1986,#1987,#1988,#1989,#1990,
    #1991,#1992,#1993,#1994,#1995,#1996,#1997,#1998,#1999),
  .UNSPECIFIED.,.F.,.F.,(4,1,1,1,1,1,1,1,1,1,1,1,1,1,1,1,1,1,1,1,1,1,4),
  (4.712388980385,4.783788813421,4.855188646457,4.926588479493,
    4.997988312529,5.069388145565,5.140787978601,5.212187811638,
    5.283587644674,5.35498747771,5.426387310746,5.497787143782,
    5.569186976818,5.640586809854,5.711986642891,5.783386475927,
    5.854786308963,5.926186141999,5.997585975035,6.068985808071,
    6.140385641107,6.211785474143,6.28318530718),.QUASI_UNIFORM_KNOTS.);
#1975 = CARTESIAN_POINT('',(4.712388980385,1.570796326795));
#1976 = CARTESIAN_POINT('',(4.712388980385,1.54699638245));
#1977 = CARTESIAN_POINT('',(4.712388980385,1.499396493759));
#1978 = CARTESIAN_POINT('',(4.712388980385,1.427996660723));
#1979 = CARTESIAN_POINT('',(4.712388980385,1.356596827687));
#1980 = CARTESIAN_POINT('',(4.712388980385,1.28519699465));
#1981 = CARTESIAN_POINT('',(4.712388980385,1.213797161614));
#1982 = CARTESIAN_POINT('',(4.712388980385,1.142397328578));
#1983 = CARTESIAN_POINT('',(4.712388980385,1.070997495542));
#1984 = CARTESIAN_POINT('',(4.712388980385,0.999597662506));
#1985 = CARTESIAN_POINT('',(4.712388980385,0.92819782947));
#1986 = CARTESIAN_POINT('',(4.712388980385,0.856797996434));
#1987 = CARTESIAN_POINT('',(4.712388980385,0.785398163397));
#1988 = CARTESIAN_POINT('',(4.712388980385,0.713998330361));
#1989 = CARTESIAN_POINT('',(4.712388980385,0.642598497325));
#1990 = CARTESIAN_POINT('',(4.712388980385,0.571198664289));
#1991 = CARTESIAN_POINT('',(4.712388980385,0.499798831253));
#1992 = CARTESIAN_POINT('',(4.712388980385,0.428398998217));
#1993 = CARTESIAN_POINT('',(4.712388980385,0.356999165181));
#1994 = CARTESIAN_POINT('',(4.712388980385,0.285599332145));
#1995 = CARTESIAN_POINT('',(4.712388980385,0.214199499108));
#1996 = CARTESIAN_POINT('',(4.712388980385,0.142799666072));
#1997 = CARTESIAN_POINT('',(4.712388980385,7.139983303613E-02));
#1998 = CARTESIAN_POINT('',(4.712388980385,2.379994434538E-02));
#1999 = CARTESIAN_POINT('',(4.712388980385,2.22044604925E-16));
#2000 = ( GEOMETRIC_REPRESENTATION_CONTEXT(2) 
PARAMETRIC_REPRESENTATION_CONTEXT() REPRESENTATION_CONTEXT('2D SPACE',''
  ) );
#2001 = ORIENTED_EDGE('',*,*,#1413,.T.);
#2002 = ADVANCED_FACE('',(#2003),#1864,.T.);
#2003 = FACE_BOUND('',#2004,.T.);
#2004 = EDGE_LOOP('',(#2005,#2006,#2050));
#2005 = ORIENTED_EDGE('',*,*,#1930,.F.);
#2006 = ORIENTED_EDGE('',*,*,#2007,.T.);
#2007 = EDGE_CURVE('',#1208,#1707,#2008,.T.);
#2008 = SURFACE_CURVE('',#2009,(#2014,#2043),.PCURVE_S1.);
#2009 = CIRCLE('',#2010,0.25);
#2010 = AXIS2_PLACEMENT_3D('',#2011,#2012,#2013);
#2011 = CARTESIAN_POINT('',(2.8,-1.095,2.69));
#2012 = DIRECTION('',(0.,-1.,1.110223024625E-16));
#2013 = DIRECTION('',(-1.,0.,0.));
#2014 = PCURVE('',#1864,#2015);
#2015 = DEFINITIONAL_REPRESENTATION('',(#2016),#2042);
#2016 = B_SPLINE_CURVE_WITH_KNOTS('',3,(#2017,#2018,#2019,#2020,#2021,
    #2022,#2023,#2024,#2025,#2026,#2027,#2028,#2029,#2030,#2031,#2032,
    #2033,#2034,#2035,#2036,#2037,#2038,#2039,#2040,#2041),
  .UNSPECIFIED.,.F.,.F.,(4,1,1,1,1,1,1,1,1,1,1,1,1,1,1,1,1,1,1,1,1,1,4),
  (3.14159265359,3.212992486626,3.284392319662,3.355792152698,
    3.427191985734,3.49859181877,3.569991651807,3.641391484843,
    3.712791317879,3.784191150915,3.855590983951,3.926990816987,
    3.998390650023,4.06979048306,4.141190316096,4.212590149132,
    4.283989982168,4.355389815204,4.42678964824,4.498189481276,
    4.569589314312,4.640989147349,4.712388980385),
  .QUASI_UNIFORM_KNOTS.);
#2017 = CARTESIAN_POINT('',(3.14159265359,0.));
#2018 = CARTESIAN_POINT('',(3.14159265359,-2.379994434538E-02));
#2019 = CARTESIAN_POINT('',(3.14159265359,-7.139983303613E-02));
#2020 = CARTESIAN_POINT('',(3.14159265359,-0.142799666072));
#2021 = CARTESIAN_POINT('',(3.14159265359,-0.214199499108));
#2022 = CARTESIAN_POINT('',(3.14159265359,-0.285599332145));
#2023 = CARTESIAN_POINT('',(3.14159265359,-0.356999165181));
#2024 = CARTESIAN_POINT('',(3.14159265359,-0.428398998217));
#2025 = CARTESIAN_POINT('',(3.14159265359,-0.499798831253));
#2026 = CARTESIAN_POINT('',(3.14159265359,-0.571198664289));
#2027 = CARTESIAN_POINT('',(3.14159265359,-0.642598497325));
#2028 = CARTESIAN_POINT('',(3.14159265359,-0.713998330361));
#2029 = CARTESIAN_POINT('',(3.14159265359,-0.785398163397));
#2030 = CARTESIAN_POINT('',(3.14159265359,-0.856797996434));
#2031 = CARTESIAN_POINT('',(3.14159265359,-0.92819782947));
#2032 = CARTESIAN_POINT('',(3.14159265359,-0.999597662506));
#2033 = CARTESIAN_POINT('',(3.14159265359,-1.070997495542));
#2034 = CARTESIAN_POINT('',(3.14159265359,-1.142397328578));
#2035 = CARTESIAN_POINT('',(3.14159265359,-1.213797161614));
#2036 = CARTESIAN_POINT('',(3.14159265359,-1.28519699465));
#2037 = CARTESIAN_POINT('',(3.14159265359,-1.356596827687));
#2038 = CARTESIAN_POINT('',(3.14159265359,-1.427996660723));
#2039 = CARTESIAN_POINT('',(3.14159265359,-1.499396493759));
#2040 = CARTESIAN_POINT('',(3.14159265359,-1.54699638245));
#2041 = CARTESIAN_POINT('',(3.14159265359,-1.570796326795));
#2042 = ( GEOMETRIC_REPRESENTATION_CONTEXT(2) 
PARAMETRIC_REPRESENTATION_CONTEXT() REPRESENTATION_CONTEXT('2D SPACE',''
  ) );
#2043 = PCURVE('',#1230,#2044);
#2044 = DEFINITIONAL_REPRESENTATION('',(#2045),#2049);
#2045 = LINE('',#2046,#2047);
#2046 = CARTESIAN_POINT('',(9.424777960769,-1.095));
#2047 = VECTOR('',#2048,1.);
#2048 = DIRECTION('',(-1.,0.));
#2049 = ( GEOMETRIC_REPRESENTATION_CONTEXT(2) 
PARAMETRIC_REPRESENTATION_CONTEXT() REPRESENTATION_CONTEXT('2D SPACE',''
  ) );
#2050 = ORIENTED_EDGE('',*,*,#1849,.F.);
#2051 = ADVANCED_FACE('',(#2052),#1917,.T.);
#2052 = FACE_BOUND('',#2053,.T.);
#2053 = EDGE_LOOP('',(#2054,#2055,#2099));
#2054 = ORIENTED_EDGE('',*,*,#1958,.F.);
#2055 = ORIENTED_EDGE('',*,*,#2056,.T.);
#2056 = EDGE_CURVE('',#1777,#1243,#2057,.T.);
#2057 = SURFACE_CURVE('',#2058,(#2063,#2092),.PCURVE_S1.);
#2058 = CIRCLE('',#2059,0.25);
#2059 = AXIS2_PLACEMENT_3D('',#2060,#2061,#2062);
#2060 = CARTESIAN_POINT('',(2.8,-1.095,0.25));
#2061 = DIRECTION('',(0.,-1.,1.110223024625E-16));
#2062 = DIRECTION('',(-1.,0.,0.));
#2063 = PCURVE('',#1917,#2064);
#2064 = DEFINITIONAL_REPRESENTATION('',(#2065),#2091);
#2065 = B_SPLINE_CURVE_WITH_KNOTS('',3,(#2066,#2067,#2068,#2069,#2070,
    #2071,#2072,#2073,#2074,#2075,#2076,#2077,#2078,#2079,#2080,#2081,
    #2082,#2083,#2084,#2085,#2086,#2087,#2088,#2089,#2090),
  .UNSPECIFIED.,.F.,.F.,(4,1,1,1,1,1,1,1,1,1,1,1,1,1,1,1,1,1,1,1,1,1,4),
  (1.570796326795,1.642196159831,1.713595992867,1.784995825903,
    1.856395658939,1.927795491976,1.999195325012,2.070595158048,
    2.141994991084,2.21339482412,2.284794657156,2.356194490192,
    2.427594323228,2.498994156265,2.570393989301,2.641793822337,
    2.713193655373,2.784593488409,2.855993321445,2.927393154481,
    2.998792987518,3.070192820554,3.14159265359),.QUASI_UNIFORM_KNOTS.);
#2066 = CARTESIAN_POINT('',(3.14159265359,1.570796326795));
#2067 = CARTESIAN_POINT('',(3.14159265359,1.54699638245));
#2068 = CARTESIAN_POINT('',(3.14159265359,1.499396493759));
#2069 = CARTESIAN_POINT('',(3.14159265359,1.427996660723));
#2070 = CARTESIAN_POINT('',(3.14159265359,1.356596827687));
#2071 = CARTESIAN_POINT('',(3.14159265359,1.28519699465));
#2072 = CARTESIAN_POINT('',(3.14159265359,1.213797161614));
#2073 = CARTESIAN_POINT('',(3.14159265359,1.142397328578));
#2074 = CARTESIAN_POINT('',(3.14159265359,1.070997495542));
#2075 = CARTESIAN_POINT('',(3.14159265359,0.999597662506));
#2076 = CARTESIAN_POINT('',(3.14159265359,0.92819782947));
#2077 = CARTESIAN_POINT('',(3.14159265359,0.856797996434));
#2078 = CARTESIAN_POINT('',(3.14159265359,0.785398163397));
#2079 = CARTESIAN_POINT('',(3.14159265359,0.713998330361));
#2080 = CARTESIAN_POINT('',(3.14159265359,0.642598497325));
#2081 = CARTESIAN_POINT('',(3.14159265359,0.571198664289));
#2082 = CARTESIAN_POINT('',(3.14159265359,0.499798831253));
#2083 = CARTESIAN_POINT('',(3.14159265359,0.428398998217));
#2084 = CARTESIAN_POINT('',(3.14159265359,0.356999165181));
#2085 = CARTESIAN_POINT('',(3.14159265359,0.285599332145));
#2086 = CARTESIAN_POINT('',(3.14159265359,0.214199499108));
#2087 = CARTESIAN_POINT('',(3.14159265359,0.142799666072));
#2088 = CARTESIAN_POINT('',(3.14159265359,7.139983303613E-02));
#2089 = CARTESIAN_POINT('',(3.14159265359,2.379994434538E-02));
#2090 = CARTESIAN_POINT('',(3.14159265359,-6.661338147751E-16));
#2091 = ( GEOMETRIC_REPRESENTATION_CONTEXT(2) 
PARAMETRIC_REPRESENTATION_CONTEXT() REPRESENTATION_CONTEXT('2D SPACE',''
  ) );
#2092 = PCURVE('',#1286,#2093);
#2093 = DEFINITIONAL_REPRESENTATION('',(#2094),#2098);
#2094 = LINE('',#2095,#2096);
#2095 = CARTESIAN_POINT('',(0.,-0.25));
#2096 = VECTOR('',#2097,1.);
#2097 = DIRECTION('',(1.,0.));
#2098 = ( GEOMETRIC_REPRESENTATION_CONTEXT(2) 
PARAMETRIC_REPRESENTATION_CONTEXT() REPRESENTATION_CONTEXT('2D SPACE',''
  ) );
#2099 = ORIENTED_EDGE('',*,*,#1902,.F.);
#2100 = ADVANCED_FACE('',(#2101),#1564,.T.);
#2101 = FACE_BOUND('',#2102,.T.);
#2102 = EDGE_LOOP('',(#2103,#2104,#2105,#2154));
#2103 = ORIENTED_EDGE('',*,*,#1547,.T.);
#2104 = ORIENTED_EDGE('',*,*,#1752,.T.);
#2105 = ORIENTED_EDGE('',*,*,#2106,.T.);
#2106 = EDGE_CURVE('',#1730,#1636,#2107,.T.);
#2107 = SURFACE_CURVE('',#2108,(#2113,#2120),.PCURVE_S1.);
#2108 = CIRCLE('',#2109,0.25);
#2109 = AXIS2_PLACEMENT_3D('',#2110,#2111,#2112);
#2110 = CARTESIAN_POINT('',(2.8,1.095,2.69));
#2111 = DIRECTION('',(-1.,0.,0.));
#2112 = DIRECTION('',(0.,-1.,1.110223024625E-16));
#2113 = PCURVE('',#1564,#2114);
#2114 = DEFINITIONAL_REPRESENTATION('',(#2115),#2119);
#2115 = LINE('',#2116,#2117);
#2116 = CARTESIAN_POINT('',(3.14159265359,-2.8));
#2117 = VECTOR('',#2118,1.);
#2118 = DIRECTION('',(1.,0.));
#2119 = ( GEOMETRIC_REPRESENTATION_CONTEXT(2) 
PARAMETRIC_REPRESENTATION_CONTEXT() REPRESENTATION_CONTEXT('2D SPACE',''
  ) );
#2120 = PCURVE('',#2121,#2126);
#2121 = SPHERICAL_SURFACE('',#2122,0.25);
#2122 = AXIS2_PLACEMENT_3D('',#2123,#2124,#2125);
#2123 = CARTESIAN_POINT('',(2.8,1.095,2.69));
#2124 = DIRECTION('',(0.,-1.110223024625E-16,-1.));
#2125 = DIRECTION('',(-1.,0.,0.));
#2126 = DEFINITIONAL_REPRESENTATION('',(#2127),#2153);
#2127 = B_SPLINE_CURVE_WITH_KNOTS('',3,(#2128,#2129,#2130,#2131,#2132,
    #2133,#2134,#2135,#2136,#2137,#2138,#2139,#2140,#2141,#2142,#2143,
    #2144,#2145,#2146,#2147,#2148,#2149,#2150,#2151,#2152),
  .UNSPECIFIED.,.F.,.F.,(4,1,1,1,1,1,1,1,1,1,1,1,1,1,1,1,1,1,1,1,1,1,4),
  (1.570796326795,1.642196159831,1.713595992867,1.784995825903,
    1.856395658939,1.927795491976,1.999195325012,2.070595158048,
    2.141994991084,2.21339482412,2.284794657156,2.356194490192,
    2.427594323228,2.498994156265,2.570393989301,2.641793822337,
    2.713193655373,2.784593488409,2.855993321445,2.927393154481,
    2.998792987518,3.070192820554,3.14159265359),.QUASI_UNIFORM_KNOTS.);
#2128 = CARTESIAN_POINT('',(1.570796326795,-1.570796326795));
#2129 = CARTESIAN_POINT('',(1.570796326795,-1.54699638245));
#2130 = CARTESIAN_POINT('',(1.570796326795,-1.499396493759));
#2131 = CARTESIAN_POINT('',(1.570796326795,-1.427996660723));
#2132 = CARTESIAN_POINT('',(1.570796326795,-1.356596827687));
#2133 = CARTESIAN_POINT('',(1.570796326795,-1.28519699465));
#2134 = CARTESIAN_POINT('',(1.570796326795,-1.213797161614));
#2135 = CARTESIAN_POINT('',(1.570796326795,-1.142397328578));
#2136 = CARTESIAN_POINT('',(1.570796326795,-1.070997495542));
#2137 = CARTESIAN_POINT('',(1.570796326795,-0.999597662506));
#2138 = CARTESIAN_POINT('',(1.570796326795,-0.92819782947));
#2139 = CARTESIAN_POINT('',(1.570796326795,-0.856797996434));
#2140 = CARTESIAN_POINT('',(1.570796326795,-0.785398163397));
#2141 = CARTESIAN_POINT('',(1.570796326795,-0.713998330361));
#2142 = CARTESIAN_POINT('',(1.570796326795,-0.642598497325));
#2143 = CARTESIAN_POINT('',(1.570796326795,-0.571198664289));
#2144 = CARTESIAN_POINT('',(1.570796326795,-0.499798831253));
#2145 = CARTESIAN_POINT('',(1.570796326795,-0.428398998217));
#2146 = CARTESIAN_POINT('',(1.570796326795,-0.356999165181));
#2147 = CARTESIAN_POINT('',(1.570796326795,-0.285599332145));
#2148 = CARTESIAN_POINT('',(1.570796326795,-0.214199499108));
#2149 = CARTESIAN_POINT('',(1.570796326795,-0.142799666072));
#2150 = CARTESIAN_POINT('',(1.570796326795,-7.139983303613E-02));
#2151 = CARTESIAN_POINT('',(1.570796326795,-2.379994434538E-02));
#2152 = CARTESIAN_POINT('',(1.570796326795,0.));
#2153 = ( GEOMETRIC_REPRESENTATION_CONTEXT(2) 
PARAMETRIC_REPRESENTATION_CONTEXT() REPRESENTATION_CONTEXT('2D SPACE',''
  ) );
#2154 = ORIENTED_EDGE('',*,*,#1635,.T.);
#2155 = ADVANCED_FACE('',(#2156),#1230,.T.);
#2156 = FACE_BOUND('',#2157,.T.);
#2157 = EDGE_LOOP('',(#2158,#2159,#2160,#2204));
#2158 = ORIENTED_EDGE('',*,*,#2007,.F.);
#2159 = ORIENTED_EDGE('',*,*,#1207,.T.);
#2160 = ORIENTED_EDGE('',*,*,#2161,.T.);
#2161 = EDGE_CURVE('',#1210,#1730,#2162,.T.);
#2162 = SURFACE_CURVE('',#2163,(#2168,#2175),.PCURVE_S1.);
#2163 = CIRCLE('',#2164,0.25);
#2164 = AXIS2_PLACEMENT_3D('',#2165,#2166,#2167);
#2165 = CARTESIAN_POINT('',(2.8,1.095,2.69));
#2166 = DIRECTION('',(0.,-1.,9.783840404509E-16));
#2167 = DIRECTION('',(0.,9.783840404509E-16,1.));
#2168 = PCURVE('',#1230,#2169);
#2169 = DEFINITIONAL_REPRESENTATION('',(#2170),#2174);
#2170 = LINE('',#2171,#2172);
#2171 = CARTESIAN_POINT('',(10.995574287564,1.095));
#2172 = VECTOR('',#2173,1.);
#2173 = DIRECTION('',(-1.,1.413579858428E-16));
#2174 = ( GEOMETRIC_REPRESENTATION_CONTEXT(2) 
PARAMETRIC_REPRESENTATION_CONTEXT() REPRESENTATION_CONTEXT('2D SPACE',''
  ) );
#2175 = PCURVE('',#2121,#2176);
#2176 = DEFINITIONAL_REPRESENTATION('',(#2177),#2203);
#2177 = B_SPLINE_CURVE_WITH_KNOTS('',3,(#2178,#2179,#2180,#2181,#2182,
    #2183,#2184,#2185,#2186,#2187,#2188,#2189,#2190,#2191,#2192,#2193,
    #2194,#2195,#2196,#2197,#2198,#2199,#2200,#2201,#2202),
  .UNSPECIFIED.,.F.,.F.,(4,1,1,1,1,1,1,1,1,1,1,1,1,1,1,1,1,1,1,1,1,1,4),
  (4.712388980385,4.783788813421,4.855188646457,4.926588479493,
    4.997988312529,5.069388145565,5.140787978601,5.212187811638,
    5.283587644674,5.35498747771,5.426387310746,5.497787143782,
    5.569186976818,5.640586809854,5.711986642891,5.783386475927,
    5.854786308963,5.926186141999,5.997585975035,6.068985808071,
    6.140385641107,6.211785474143,6.28318530718),.QUASI_UNIFORM_KNOTS.);
#2178 = CARTESIAN_POINT('',(3.14159265359,0.));
#2179 = CARTESIAN_POINT('',(3.14159265359,-2.379994434538E-02));
#2180 = CARTESIAN_POINT('',(3.14159265359,-7.139983303613E-02));
#2181 = CARTESIAN_POINT('',(3.14159265359,-0.142799666072));
#2182 = CARTESIAN_POINT('',(3.14159265359,-0.214199499108));
#2183 = CARTESIAN_POINT('',(3.14159265359,-0.285599332145));
#2184 = CARTESIAN_POINT('',(3.14159265359,-0.356999165181));
#2185 = CARTESIAN_POINT('',(3.14159265359,-0.428398998217));
#2186 = CARTESIAN_POINT('',(3.14159265359,-0.499798831253));
#2187 = CARTESIAN_POINT('',(3.14159265359,-0.571198664289));
#2188 = CARTESIAN_POINT('',(3.14159265359,-0.642598497325));
#2189 = CARTESIAN_POINT('',(3.14159265359,-0.713998330361));
#2190 = CARTESIAN_POINT('',(3.14159265359,-0.785398163397));
#2191 = CARTESIAN_POINT('',(3.14159265359,-0.856797996434));
#2192 = CARTESIAN_POINT('',(3.14159265359,-0.92819782947));
#2193 = CARTESIAN_POINT('',(3.14159265359,-0.999597662506));
#2194 = CARTESIAN_POINT('',(3.14159265359,-1.070997495542));
#2195 = CARTESIAN_POINT('',(3.14159265359,-1.142397328578));
#2196 = CARTESIAN_POINT('',(3.14159265359,-1.213797161614));
#2197 = CARTESIAN_POINT('',(3.14159265359,-1.28519699465));
#2198 = CARTESIAN_POINT('',(3.14159265359,-1.356596827687));
#2199 = CARTESIAN_POINT('',(3.14159265359,-1.427996660723));
#2200 = CARTESIAN_POINT('',(3.14159265359,-1.499396493759));
#2201 = CARTESIAN_POINT('',(3.14159265359,-1.54699638245));
#2202 = CARTESIAN_POINT('',(3.14159265359,-1.570796326795));
#2203 = ( GEOMETRIC_REPRESENTATION_CONTEXT(2) 
PARAMETRIC_REPRESENTATION_CONTEXT() REPRESENTATION_CONTEXT('2D SPACE',''
  ) );
#2204 = ORIENTED_EDGE('',*,*,#1729,.T.);
#2205 = ADVANCED_FACE('',(#2206),#1286,.T.);
#2206 = FACE_BOUND('',#2207,.T.);
#2207 = EDGE_LOOP('',(#2208,#2209,#2210,#2259));
#2208 = ORIENTED_EDGE('',*,*,#2056,.F.);
#2209 = ORIENTED_EDGE('',*,*,#1776,.T.);
#2210 = ORIENTED_EDGE('',*,*,#2211,.T.);
#2211 = EDGE_CURVE('',#1779,#1271,#2212,.T.);
#2212 = SURFACE_CURVE('',#2213,(#2218,#2225),.PCURVE_S1.);
#2213 = CIRCLE('',#2214,0.25);
#2214 = AXIS2_PLACEMENT_3D('',#2215,#2216,#2217);
#2215 = CARTESIAN_POINT('',(2.8,1.095,0.25));
#2216 = DIRECTION('',(-8.673617379884E-16,-1.,1.110223024625E-16));
#2217 = DIRECTION('',(1.,-8.673617379884E-16,9.629649721936E-32));
#2218 = PCURVE('',#1286,#2219);
#2219 = DEFINITIONAL_REPRESENTATION('',(#2220),#2224);
#2220 = LINE('',#2221,#2222);
#2221 = CARTESIAN_POINT('',(-3.14159265359,-2.44));
#2222 = VECTOR('',#2223,1.);
#2223 = DIRECTION('',(1.,2.827159716856E-16));
#2224 = ( GEOMETRIC_REPRESENTATION_CONTEXT(2) 
PARAMETRIC_REPRESENTATION_CONTEXT() REPRESENTATION_CONTEXT('2D SPACE',''
  ) );
#2225 = PCURVE('',#2226,#2231);
#2226 = SPHERICAL_SURFACE('',#2227,0.25);
#2227 = AXIS2_PLACEMENT_3D('',#2228,#2229,#2230);
#2228 = CARTESIAN_POINT('',(2.8,1.095,0.25));
#2229 = DIRECTION('',(0.,-1.110223024625E-16,-1.));
#2230 = DIRECTION('',(-1.,0.,0.));
#2231 = DEFINITIONAL_REPRESENTATION('',(#2232),#2258);
#2232 = B_SPLINE_CURVE_WITH_KNOTS('',3,(#2233,#2234,#2235,#2236,#2237,
    #2238,#2239,#2240,#2241,#2242,#2243,#2244,#2245,#2246,#2247,#2248,
    #2249,#2250,#2251,#2252,#2253,#2254,#2255,#2256,#2257),
  .UNSPECIFIED.,.F.,.F.,(4,1,1,1,1,1,1,1,1,1,1,1,1,1,1,1,1,1,1,1,1,1,4),
  (4.712388980385,4.783788813421,4.855188646457,4.926588479493,
    4.997988312529,5.069388145565,5.140787978601,5.212187811638,
    5.283587644674,5.35498747771,5.426387310746,5.497787143782,
    5.569186976818,5.640586809854,5.711986642891,5.783386475927,
    5.854786308963,5.926186141999,5.997585975035,6.068985808071,
    6.140385641107,6.211785474143,6.28318530718),.QUASI_UNIFORM_KNOTS.);
#2233 = CARTESIAN_POINT('',(3.14159265359,1.570796326795));
#2234 = CARTESIAN_POINT('',(3.14159265359,1.54699638245));
#2235 = CARTESIAN_POINT('',(3.14159265359,1.499396493759));
#2236 = CARTESIAN_POINT('',(3.14159265359,1.427996660723));
#2237 = CARTESIAN_POINT('',(3.14159265359,1.356596827687));
#2238 = CARTESIAN_POINT('',(3.14159265359,1.28519699465));
#2239 = CARTESIAN_POINT('',(3.14159265359,1.213797161614));
#2240 = CARTESIAN_POINT('',(3.14159265359,1.142397328578));
#2241 = CARTESIAN_POINT('',(3.14159265359,1.070997495542));
#2242 = CARTESIAN_POINT('',(3.14159265359,0.999597662506));
#2243 = CARTESIAN_POINT('',(3.14159265359,0.92819782947));
#2244 = CARTESIAN_POINT('',(3.14159265359,0.856797996434));
#2245 = CARTESIAN_POINT('',(3.14159265359,0.785398163397));
#2246 = CARTESIAN_POINT('',(3.14159265359,0.713998330361));
#2247 = CARTESIAN_POINT('',(3.14159265359,0.642598497325));
#2248 = CARTESIAN_POINT('',(3.14159265359,0.571198664289));
#2249 = CARTESIAN_POINT('',(3.14159265359,0.499798831253));
#2250 = CARTESIAN_POINT('',(3.14159265359,0.428398998217));
#2251 = CARTESIAN_POINT('',(3.14159265359,0.356999165181));
#2252 = CARTESIAN_POINT('',(3.14159265359,0.285599332145));
#2253 = CARTESIAN_POINT('',(3.14159265359,0.214199499108));
#2254 = CARTESIAN_POINT('',(3.14159265359,0.142799666072));
#2255 = CARTESIAN_POINT('',(3.14159265359,7.139983303613E-02));
#2256 = CARTESIAN_POINT('',(3.14159265359,2.379994434538E-02));
#2257 = CARTESIAN_POINT('',(3.14159265359,2.22044604925E-16));
#2258 = ( GEOMETRIC_REPRESENTATION_CONTEXT(2) 
PARAMETRIC_REPRESENTATION_CONTEXT() REPRESENTATION_CONTEXT('2D SPACE',''
  ) );
#2259 = ORIENTED_EDGE('',*,*,#1270,.T.);
#2260 = ADVANCED_FACE('',(#2261),#1619,.T.);
#2261 = FACE_BOUND('',#2262,.T.);
#2262 = EDGE_LOOP('',(#2263,#2264,#2265,#2309));
#2263 = ORIENTED_EDGE('',*,*,#1604,.T.);
#2264 = ORIENTED_EDGE('',*,*,#1681,.T.);
#2265 = ORIENTED_EDGE('',*,*,#2266,.T.);
#2266 = EDGE_CURVE('',#1659,#1779,#2267,.T.);
#2267 = SURFACE_CURVE('',#2268,(#2273,#2280),.PCURVE_S1.);
#2268 = CIRCLE('',#2269,0.25);
#2269 = AXIS2_PLACEMENT_3D('',#2270,#2271,#2272);
#2270 = CARTESIAN_POINT('',(2.8,1.095,0.25));
#2271 = DIRECTION('',(-1.,0.,0.));
#2272 = DIRECTION('',(0.,-1.,1.110223024625E-16));
#2273 = PCURVE('',#1619,#2274);
#2274 = DEFINITIONAL_REPRESENTATION('',(#2275),#2279);
#2275 = LINE('',#2276,#2277);
#2276 = CARTESIAN_POINT('',(6.28318530718,1.2));
#2277 = VECTOR('',#2278,1.);
#2278 = DIRECTION('',(-1.,0.));
#2279 = ( GEOMETRIC_REPRESENTATION_CONTEXT(2) 
PARAMETRIC_REPRESENTATION_CONTEXT() REPRESENTATION_CONTEXT('2D SPACE',''
  ) );
#2280 = PCURVE('',#2226,#2281);
#2281 = DEFINITIONAL_REPRESENTATION('',(#2282),#2308);
#2282 = B_SPLINE_CURVE_WITH_KNOTS('',3,(#2283,#2284,#2285,#2286,#2287,
    #2288,#2289,#2290,#2291,#2292,#2293,#2294,#2295,#2296,#2297,#2298,
    #2299,#2300,#2301,#2302,#2303,#2304,#2305,#2306,#2307),
  .UNSPECIFIED.,.F.,.F.,(4,1,1,1,1,1,1,1,1,1,1,1,1,1,1,1,1,1,1,1,1,1,4),
  (3.14159265359,3.212992486626,3.284392319662,3.355792152698,
    3.427191985734,3.49859181877,3.569991651807,3.641391484843,
    3.712791317879,3.784191150915,3.855590983951,3.926990816987,
    3.998390650023,4.06979048306,4.141190316096,4.212590149132,
    4.283989982168,4.355389815204,4.42678964824,4.498189481276,
    4.569589314312,4.640989147349,4.712388980385),
  .QUASI_UNIFORM_KNOTS.);
#2283 = CARTESIAN_POINT('',(1.570796326795,-1.110223024625E-15));
#2284 = CARTESIAN_POINT('',(1.570796326795,2.379994434538E-02));
#2285 = CARTESIAN_POINT('',(1.570796326795,7.139983303613E-02));
#2286 = CARTESIAN_POINT('',(1.570796326795,0.142799666072));
#2287 = CARTESIAN_POINT('',(1.570796326795,0.214199499108));
#2288 = CARTESIAN_POINT('',(1.570796326795,0.285599332145));
#2289 = CARTESIAN_POINT('',(1.570796326795,0.356999165181));
#2290 = CARTESIAN_POINT('',(1.570796326795,0.428398998217));
#2291 = CARTESIAN_POINT('',(1.570796326795,0.499798831253));
#2292 = CARTESIAN_POINT('',(1.570796326795,0.571198664289));
#2293 = CARTESIAN_POINT('',(1.570796326795,0.642598497325));
#2294 = CARTESIAN_POINT('',(1.570796326795,0.713998330361));
#2295 = CARTESIAN_POINT('',(1.570796326795,0.785398163397));
#2296 = CARTESIAN_POINT('',(1.570796326795,0.856797996434));
#2297 = CARTESIAN_POINT('',(1.570796326795,0.92819782947));
#2298 = CARTESIAN_POINT('',(1.570796326795,0.999597662506));
#2299 = CARTESIAN_POINT('',(1.570796326795,1.070997495542));
#2300 = CARTESIAN_POINT('',(1.570796326795,1.142397328578));
#2301 = CARTESIAN_POINT('',(1.570796326795,1.213797161614));
#2302 = CARTESIAN_POINT('',(1.570796326795,1.28519699465));
#2303 = CARTESIAN_POINT('',(1.570796326795,1.356596827687));
#2304 = CARTESIAN_POINT('',(1.570796326795,1.427996660723));
#2305 = CARTESIAN_POINT('',(1.570796326795,1.499396493759));
#2306 = CARTESIAN_POINT('',(1.570796326795,1.54699638245));
#2307 = CARTESIAN_POINT('',(1.570796326795,1.570796326795));
#2308 = ( GEOMETRIC_REPRESENTATION_CONTEXT(2) 
PARAMETRIC_REPRESENTATION_CONTEXT() REPRESENTATION_CONTEXT('2D SPACE',''
  ) );
#2309 = ORIENTED_EDGE('',*,*,#1823,.T.);
#2310 = ADVANCED_FACE('',(#2311),#2121,.T.);
#2311 = FACE_BOUND('',#2312,.T.);
#2312 = EDGE_LOOP('',(#2313,#2314,#2336));
#2313 = ORIENTED_EDGE('',*,*,#2161,.F.);
#2314 = ORIENTED_EDGE('',*,*,#2315,.T.);
#2315 = EDGE_CURVE('',#1210,#1636,#2316,.T.);
#2316 = SURFACE_CURVE('',#2317,(#2322,#2329),.PCURVE_S1.);
#2317 = CIRCLE('',#2318,0.25);
#2318 = AXIS2_PLACEMENT_3D('',#2319,#2320,#2321);
#2319 = CARTESIAN_POINT('',(2.8,1.095,2.69));
#2320 = DIRECTION('',(-0.,1.110223024625E-16,1.));
#2321 = DIRECTION('',(0.,-1.,1.110223024625E-16));
#2322 = PCURVE('',#2121,#2323);
#2323 = DEFINITIONAL_REPRESENTATION('',(#2324),#2328);
#2324 = LINE('',#2325,#2326);
#2325 = CARTESIAN_POINT('',(4.712388980385,0.));
#2326 = VECTOR('',#2327,1.);
#2327 = DIRECTION('',(-1.,0.));
#2328 = ( GEOMETRIC_REPRESENTATION_CONTEXT(2) 
PARAMETRIC_REPRESENTATION_CONTEXT() REPRESENTATION_CONTEXT('2D SPACE',''
  ) );
#2329 = PCURVE('',#1312,#2330);
#2330 = DEFINITIONAL_REPRESENTATION('',(#2331),#2335);
#2331 = LINE('',#2332,#2333);
#2332 = CARTESIAN_POINT('',(3.14159265359,0.25));
#2333 = VECTOR('',#2334,1.);
#2334 = DIRECTION('',(-1.,0.));
#2335 = ( GEOMETRIC_REPRESENTATION_CONTEXT(2) 
PARAMETRIC_REPRESENTATION_CONTEXT() REPRESENTATION_CONTEXT('2D SPACE',''
  ) );
#2336 = ORIENTED_EDGE('',*,*,#2106,.F.);
#2337 = ADVANCED_FACE('',(#2338),#2226,.T.);
#2338 = FACE_BOUND('',#2339,.T.);
#2339 = EDGE_LOOP('',(#2340,#2341,#2363));
#2340 = ORIENTED_EDGE('',*,*,#2266,.F.);
#2341 = ORIENTED_EDGE('',*,*,#2342,.T.);
#2342 = EDGE_CURVE('',#1659,#1271,#2343,.T.);
#2343 = SURFACE_CURVE('',#2344,(#2349,#2356),.PCURVE_S1.);
#2344 = CIRCLE('',#2345,0.25);
#2345 = AXIS2_PLACEMENT_3D('',#2346,#2347,#2348);
#2346 = CARTESIAN_POINT('',(2.8,1.095,0.25));
#2347 = DIRECTION('',(0.,-1.110223024625E-16,-1.));
#2348 = DIRECTION('',(0.,1.,-1.110223024625E-16));
#2349 = PCURVE('',#2226,#2350);
#2350 = DEFINITIONAL_REPRESENTATION('',(#2351),#2355);
#2351 = LINE('',#2352,#2353);
#2352 = CARTESIAN_POINT('',(1.570796326795,-8.881784197001E-16));
#2353 = VECTOR('',#2354,1.);
#2354 = DIRECTION('',(1.,5.022044499115E-31));
#2355 = ( GEOMETRIC_REPRESENTATION_CONTEXT(2) 
PARAMETRIC_REPRESENTATION_CONTEXT() REPRESENTATION_CONTEXT('2D SPACE',''
  ) );
#2356 = PCURVE('',#1312,#2357);
#2357 = DEFINITIONAL_REPRESENTATION('',(#2358),#2362);
#2358 = LINE('',#2359,#2360);
#2359 = CARTESIAN_POINT('',(0.,2.69));
#2360 = VECTOR('',#2361,1.);
#2361 = DIRECTION('',(1.,0.));
#2362 = ( GEOMETRIC_REPRESENTATION_CONTEXT(2) 
PARAMETRIC_REPRESENTATION_CONTEXT() REPRESENTATION_CONTEXT('2D SPACE',''
  ) );
#2363 = ORIENTED_EDGE('',*,*,#2211,.F.);
#2364 = ADVANCED_FACE('',(#2365),#1312,.T.);
#2365 = FACE_BOUND('',#2366,.T.);
#2366 = EDGE_LOOP('',(#2367,#2368,#2369,#2370));
#2367 = ORIENTED_EDGE('',*,*,#2315,.F.);
#2368 = ORIENTED_EDGE('',*,*,#1298,.T.);
#2369 = ORIENTED_EDGE('',*,*,#2342,.F.);
#2370 = ORIENTED_EDGE('',*,*,#1658,.T.);
#2371 = MANIFOLD_SOLID_BREP('',#2372);
#2372 = CLOSED_SHELL('',(#2373,#2495,#2571,#2649,#2725,#2803,#2879,#2952
    ,#2999,#3010));
#2373 = ADVANCED_FACE('',(#2374),#2389,.T.);
#2374 = FACE_BOUND('',#2375,.T.);
#2375 = EDGE_LOOP('',(#2376,#2412,#2440,#2469));
#2376 = ORIENTED_EDGE('',*,*,#2377,.F.);
#2377 = EDGE_CURVE('',#2378,#2380,#2382,.T.);
#2378 = VERTEX_POINT('',#2379);
#2379 = CARTESIAN_POINT('',(1.6,-1.245,0.25));
#2380 = VERTEX_POINT('',#2381);
#2381 = CARTESIAN_POINT('',(1.6,-1.095,0.1));
#2382 = SURFACE_CURVE('',#2383,(#2388,#2400),.PCURVE_S1.);
#2383 = CIRCLE('',#2384,0.15);
#2384 = AXIS2_PLACEMENT_3D('',#2385,#2386,#2387);
#2385 = CARTESIAN_POINT('',(1.6,-1.095,0.25));
#2386 = DIRECTION('',(1.,-0.,0.));
#2387 = DIRECTION('',(0.,1.,-1.110223024625E-16));
#2388 = PCURVE('',#2389,#2394);
#2389 = CYLINDRICAL_SURFACE('',#2390,0.15);
#2390 = AXIS2_PLACEMENT_3D('',#2391,#2392,#2393);
#2391 = CARTESIAN_POINT('',(5.302391119263,-1.095,0.25));
#2392 = DIRECTION('',(-1.,0.,-0.));
#2393 = DIRECTION('',(0.,-1.,1.110223024625E-16));
#2394 = DEFINITIONAL_REPRESENTATION('',(#2395),#2399);
#2395 = LINE('',#2396,#2397);
#2396 = CARTESIAN_POINT('',(9.424777960769,3.702391119263));
#2397 = VECTOR('',#2398,1.);
#2398 = DIRECTION('',(-1.,0.));
#2399 = ( GEOMETRIC_REPRESENTATION_CONTEXT(2) 
PARAMETRIC_REPRESENTATION_CONTEXT() REPRESENTATION_CONTEXT('2D SPACE',''
  ) );
#2400 = PCURVE('',#2401,#2406);
#2401 = PLANE('',#2402);
#2402 = AXIS2_PLACEMENT_3D('',#2403,#2404,#2405);
#2403 = CARTESIAN_POINT('',(1.6,-1.345,2.94));
#2404 = DIRECTION('',(1.,0.,0.));
#2405 = DIRECTION('',(0.,-1.,1.110223024625E-16));
#2406 = DEFINITIONAL_REPRESENTATION('',(#2407),#2411);
#2407 = CIRCLE('',#2408,0.15);
#2408 = AXIS2_PLACEMENT_2D('',#2409,#2410);
#2409 = CARTESIAN_POINT('',(-0.25,2.69));
#2410 = DIRECTION('',(-1.,0.));
#2411 = ( GEOMETRIC_REPRESENTATION_CONTEXT(2) 
PARAMETRIC_REPRESENTATION_CONTEXT() REPRESENTATION_CONTEXT('2D SPACE',''
  ) );
#2412 = ORIENTED_EDGE('',*,*,#2413,.T.);
#2413 = EDGE_CURVE('',#2378,#2414,#2416,.T.);
#2414 = VERTEX_POINT('',#2415);
#2415 = CARTESIAN_POINT('',(-1.6,-1.245,0.25));
#2416 = SURFACE_CURVE('',#2417,(#2421,#2428),.PCURVE_S1.);
#2417 = LINE('',#2418,#2419);
#2418 = CARTESIAN_POINT('',(5.302391119263,-1.245,0.25));
#2419 = VECTOR('',#2420,1.);
#2420 = DIRECTION('',(-1.,0.,-0.));
#2421 = PCURVE('',#2389,#2422);
#2422 = DEFINITIONAL_REPRESENTATION('',(#2423),#2427);
#2423 = LINE('',#2424,#2425);
#2424 = CARTESIAN_POINT('',(6.28318530718,0.));
#2425 = VECTOR('',#2426,1.);
#2426 = DIRECTION('',(0.,1.));
#2427 = ( GEOMETRIC_REPRESENTATION_CONTEXT(2) 
PARAMETRIC_REPRESENTATION_CONTEXT() REPRESENTATION_CONTEXT('2D SPACE',''
  ) );
#2428 = PCURVE('',#2429,#2434);
#2429 = PLANE('',#2430);
#2430 = AXIS2_PLACEMENT_3D('',#2431,#2432,#2433);
#2431 = CARTESIAN_POINT('',(5.302391119263,-1.245,2.69));
#2432 = DIRECTION('',(0.,1.,-2.215327193092E-17));
#2433 = DIRECTION('',(0.,2.215327193092E-17,1.));
#2434 = DEFINITIONAL_REPRESENTATION('',(#2435),#2439);
#2435 = LINE('',#2436,#2437);
#2436 = CARTESIAN_POINT('',(-2.44,0.));
#2437 = VECTOR('',#2438,1.);
#2438 = DIRECTION('',(0.,-1.));
#2439 = ( GEOMETRIC_REPRESENTATION_CONTEXT(2) 
PARAMETRIC_REPRESENTATION_CONTEXT() REPRESENTATION_CONTEXT('2D SPACE',''
  ) );
#2440 = ORIENTED_EDGE('',*,*,#2441,.T.);
#2441 = EDGE_CURVE('',#2414,#2442,#2444,.T.);
#2442 = VERTEX_POINT('',#2443);
#2443 = CARTESIAN_POINT('',(-1.6,-1.095,0.1));
#2444 = SURFACE_CURVE('',#2445,(#2450,#2457),.PCURVE_S1.);
#2445 = CIRCLE('',#2446,0.15);
#2446 = AXIS2_PLACEMENT_3D('',#2447,#2448,#2449);
#2447 = CARTESIAN_POINT('',(-1.6,-1.095,0.25));
#2448 = DIRECTION('',(1.,-0.,0.));
#2449 = DIRECTION('',(0.,1.,-1.110223024625E-16));
#2450 = PCURVE('',#2389,#2451);
#2451 = DEFINITIONAL_REPRESENTATION('',(#2452),#2456);
#2452 = LINE('',#2453,#2454);
#2453 = CARTESIAN_POINT('',(9.424777960769,6.902391119263));
#2454 = VECTOR('',#2455,1.);
#2455 = DIRECTION('',(-1.,0.));
#2456 = ( GEOMETRIC_REPRESENTATION_CONTEXT(2) 
PARAMETRIC_REPRESENTATION_CONTEXT() REPRESENTATION_CONTEXT('2D SPACE',''
  ) );
#2457 = PCURVE('',#2458,#2463);
#2458 = PLANE('',#2459);
#2459 = AXIS2_PLACEMENT_3D('',#2460,#2461,#2462);
#2460 = CARTESIAN_POINT('',(-1.6,-1.095,0.25));
#2461 = DIRECTION('',(1.,0.,0.));
#2462 = DIRECTION('',(0.,1.,-1.110223024625E-16));
#2463 = DEFINITIONAL_REPRESENTATION('',(#2464),#2468);
#2464 = CIRCLE('',#2465,0.15);
#2465 = AXIS2_PLACEMENT_2D('',#2466,#2467);
#2466 = CARTESIAN_POINT('',(0.,0.));
#2467 = DIRECTION('',(1.,0.));
#2468 = ( GEOMETRIC_REPRESENTATION_CONTEXT(2) 
PARAMETRIC_REPRESENTATION_CONTEXT() REPRESENTATION_CONTEXT('2D SPACE',''
  ) );
#2469 = ORIENTED_EDGE('',*,*,#2470,.F.);
#2470 = EDGE_CURVE('',#2380,#2442,#2471,.T.);
#2471 = SURFACE_CURVE('',#2472,(#2476,#2483),.PCURVE_S1.);
#2472 = LINE('',#2473,#2474);
#2473 = CARTESIAN_POINT('',(5.302391119263,-1.095,0.1));
#2474 = VECTOR('',#2475,1.);
#2475 = DIRECTION('',(-1.,0.,-0.));
#2476 = PCURVE('',#2389,#2477);
#2477 = DEFINITIONAL_REPRESENTATION('',(#2478),#2482);
#2478 = LINE('',#2479,#2480);
#2479 = CARTESIAN_POINT('',(4.712388980385,0.));
#2480 = VECTOR('',#2481,1.);
#2481 = DIRECTION('',(0.,1.));
#2482 = ( GEOMETRIC_REPRESENTATION_CONTEXT(2) 
PARAMETRIC_REPRESENTATION_CONTEXT() REPRESENTATION_CONTEXT('2D SPACE',''
  ) );
#2483 = PCURVE('',#2484,#2489);
#2484 = PLANE('',#2485);
#2485 = AXIS2_PLACEMENT_3D('',#2486,#2487,#2488);
#2486 = CARTESIAN_POINT('',(5.302391119263,-1.095,0.1));
#2487 = DIRECTION('',(0.,1.110223024625E-16,1.));
#2488 = DIRECTION('',(0.,-1.,1.110223024625E-16));
#2489 = DEFINITIONAL_REPRESENTATION('',(#2490),#2494);
#2490 = LINE('',#2491,#2492);
#2491 = CARTESIAN_POINT('',(0.,0.));
#2492 = VECTOR('',#2493,1.);
#2493 = DIRECTION('',(-0.,-1.));
#2494 = ( GEOMETRIC_REPRESENTATION_CONTEXT(2) 
PARAMETRIC_REPRESENTATION_CONTEXT() REPRESENTATION_CONTEXT('2D SPACE',''
  ) );
#2495 = ADVANCED_FACE('',(#2496),#2484,.F.);
#2496 = FACE_BOUND('',#2497,.T.);
#2497 = EDGE_LOOP('',(#2498,#2521,#2522,#2545));
#2498 = ORIENTED_EDGE('',*,*,#2499,.F.);
#2499 = EDGE_CURVE('',#2380,#2500,#2502,.T.);
#2500 = VERTEX_POINT('',#2501);
#2501 = CARTESIAN_POINT('',(1.6,1.095,0.1));
#2502 = SURFACE_CURVE('',#2503,(#2507,#2514),.PCURVE_S1.);
#2503 = LINE('',#2504,#2505);
#2504 = CARTESIAN_POINT('',(1.6,-1.095,0.1));
#2505 = VECTOR('',#2506,1.);
#2506 = DIRECTION('',(0.,1.,-1.110223024625E-16));
#2507 = PCURVE('',#2484,#2508);
#2508 = DEFINITIONAL_REPRESENTATION('',(#2509),#2513);
#2509 = LINE('',#2510,#2511);
#2510 = CARTESIAN_POINT('',(0.,-3.702391119263));
#2511 = VECTOR('',#2512,1.);
#2512 = DIRECTION('',(-1.,0.));
#2513 = ( GEOMETRIC_REPRESENTATION_CONTEXT(2) 
PARAMETRIC_REPRESENTATION_CONTEXT() REPRESENTATION_CONTEXT('2D SPACE',''
  ) );
#2514 = PCURVE('',#2401,#2515);
#2515 = DEFINITIONAL_REPRESENTATION('',(#2516),#2520);
#2516 = LINE('',#2517,#2518);
#2517 = CARTESIAN_POINT('',(-0.25,2.84));
#2518 = VECTOR('',#2519,1.);
#2519 = DIRECTION('',(-1.,0.));
#2520 = ( GEOMETRIC_REPRESENTATION_CONTEXT(2) 
PARAMETRIC_REPRESENTATION_CONTEXT() REPRESENTATION_CONTEXT('2D SPACE',''
  ) );
#2521 = ORIENTED_EDGE('',*,*,#2470,.T.);
#2522 = ORIENTED_EDGE('',*,*,#2523,.T.);
#2523 = EDGE_CURVE('',#2442,#2524,#2526,.T.);
#2524 = VERTEX_POINT('',#2525);
#2525 = CARTESIAN_POINT('',(-1.6,1.095,0.1));
#2526 = SURFACE_CURVE('',#2527,(#2531,#2538),.PCURVE_S1.);
#2527 = LINE('',#2528,#2529);
#2528 = CARTESIAN_POINT('',(-1.6,-1.095,0.1));
#2529 = VECTOR('',#2530,1.);
#2530 = DIRECTION('',(0.,1.,-1.110223024625E-16));
#2531 = PCURVE('',#2484,#2532);
#2532 = DEFINITIONAL_REPRESENTATION('',(#2533),#2537);
#2533 = LINE('',#2534,#2535);
#2534 = CARTESIAN_POINT('',(0.,-6.902391119263));
#2535 = VECTOR('',#2536,1.);
#2536 = DIRECTION('',(-1.,0.));
#2537 = ( GEOMETRIC_REPRESENTATION_CONTEXT(2) 
PARAMETRIC_REPRESENTATION_CONTEXT() REPRESENTATION_CONTEXT('2D SPACE',''
  ) );
#2538 = PCURVE('',#2458,#2539);
#2539 = DEFINITIONAL_REPRESENTATION('',(#2540),#2544);
#2540 = LINE('',#2541,#2542);
#2541 = CARTESIAN_POINT('',(0.,-0.15));
#2542 = VECTOR('',#2543,1.);
#2543 = DIRECTION('',(1.,0.));
#2544 = ( GEOMETRIC_REPRESENTATION_CONTEXT(2) 
PARAMETRIC_REPRESENTATION_CONTEXT() REPRESENTATION_CONTEXT('2D SPACE',''
  ) );
#2545 = ORIENTED_EDGE('',*,*,#2546,.F.);
#2546 = EDGE_CURVE('',#2500,#2524,#2547,.T.);
#2547 = SURFACE_CURVE('',#2548,(#2552,#2559),.PCURVE_S1.);
#2548 = LINE('',#2549,#2550);
#2549 = CARTESIAN_POINT('',(5.302391119263,1.095,0.1));
#2550 = VECTOR('',#2551,1.);
#2551 = DIRECTION('',(-1.,0.,-0.));
#2552 = PCURVE('',#2484,#2553);
#2553 = DEFINITIONAL_REPRESENTATION('',(#2554),#2558);
#2554 = LINE('',#2555,#2556);
#2555 = CARTESIAN_POINT('',(-2.19,0.));
#2556 = VECTOR('',#2557,1.);
#2557 = DIRECTION('',(-0.,-1.));
#2558 = ( GEOMETRIC_REPRESENTATION_CONTEXT(2) 
PARAMETRIC_REPRESENTATION_CONTEXT() REPRESENTATION_CONTEXT('2D SPACE',''
  ) );
#2559 = PCURVE('',#2560,#2565);
#2560 = CYLINDRICAL_SURFACE('',#2561,0.15);
#2561 = AXIS2_PLACEMENT_3D('',#2562,#2563,#2564);
#2562 = CARTESIAN_POINT('',(5.302391119263,1.095,0.25));
#2563 = DIRECTION('',(-1.,0.,-0.));
#2564 = DIRECTION('',(0.,-1.,1.110223024625E-16));
#2565 = DEFINITIONAL_REPRESENTATION('',(#2566),#2570);
#2566 = LINE('',#2567,#2568);
#2567 = CARTESIAN_POINT('',(4.712388980385,0.));
#2568 = VECTOR('',#2569,1.);
#2569 = DIRECTION('',(0.,1.));
#2570 = ( GEOMETRIC_REPRESENTATION_CONTEXT(2) 
PARAMETRIC_REPRESENTATION_CONTEXT() REPRESENTATION_CONTEXT('2D SPACE',''
  ) );
#2571 = ADVANCED_FACE('',(#2572),#2560,.T.);
#2572 = FACE_BOUND('',#2573,.T.);
#2573 = EDGE_LOOP('',(#2574,#2598,#2599,#2623));
#2574 = ORIENTED_EDGE('',*,*,#2575,.F.);
#2575 = EDGE_CURVE('',#2500,#2576,#2578,.T.);
#2576 = VERTEX_POINT('',#2577);
#2577 = CARTESIAN_POINT('',(1.6,1.245,0.25));
#2578 = SURFACE_CURVE('',#2579,(#2584,#2591),.PCURVE_S1.);
#2579 = CIRCLE('',#2580,0.15);
#2580 = AXIS2_PLACEMENT_3D('',#2581,#2582,#2583);
#2581 = CARTESIAN_POINT('',(1.6,1.095,0.25));
#2582 = DIRECTION('',(1.,-0.,0.));
#2583 = DIRECTION('',(0.,1.,-1.110223024625E-16));
#2584 = PCURVE('',#2560,#2585);
#2585 = DEFINITIONAL_REPRESENTATION('',(#2586),#2590);
#2586 = LINE('',#2587,#2588);
#2587 = CARTESIAN_POINT('',(9.424777960769,3.702391119263));
#2588 = VECTOR('',#2589,1.);
#2589 = DIRECTION('',(-1.,0.));
#2590 = ( GEOMETRIC_REPRESENTATION_CONTEXT(2) 
PARAMETRIC_REPRESENTATION_CONTEXT() REPRESENTATION_CONTEXT('2D SPACE',''
  ) );
#2591 = PCURVE('',#2401,#2592);
#2592 = DEFINITIONAL_REPRESENTATION('',(#2593),#2597);
#2593 = CIRCLE('',#2594,0.15);
#2594 = AXIS2_PLACEMENT_2D('',#2595,#2596);
#2595 = CARTESIAN_POINT('',(-2.44,2.69));
#2596 = DIRECTION('',(-1.,0.));
#2597 = ( GEOMETRIC_REPRESENTATION_CONTEXT(2) 
PARAMETRIC_REPRESENTATION_CONTEXT() REPRESENTATION_CONTEXT('2D SPACE',''
  ) );
#2598 = ORIENTED_EDGE('',*,*,#2546,.T.);
#2599 = ORIENTED_EDGE('',*,*,#2600,.T.);
#2600 = EDGE_CURVE('',#2524,#2601,#2603,.T.);
#2601 = VERTEX_POINT('',#2602);
#2602 = CARTESIAN_POINT('',(-1.6,1.245,0.25));
#2603 = SURFACE_CURVE('',#2604,(#2609,#2616),.PCURVE_S1.);
#2604 = CIRCLE('',#2605,0.15);
#2605 = AXIS2_PLACEMENT_3D('',#2606,#2607,#2608);
#2606 = CARTESIAN_POINT('',(-1.6,1.095,0.25));
#2607 = DIRECTION('',(1.,-0.,0.));
#2608 = DIRECTION('',(0.,1.,-1.110223024625E-16));
#2609 = PCURVE('',#2560,#2610);
#2610 = DEFINITIONAL_REPRESENTATION('',(#2611),#2615);
#2611 = LINE('',#2612,#2613);
#2612 = CARTESIAN_POINT('',(9.424777960769,6.902391119263));
#2613 = VECTOR('',#2614,1.);
#2614 = DIRECTION('',(-1.,0.));
#2615 = ( GEOMETRIC_REPRESENTATION_CONTEXT(2) 
PARAMETRIC_REPRESENTATION_CONTEXT() REPRESENTATION_CONTEXT('2D SPACE',''
  ) );
#2616 = PCURVE('',#2458,#2617);
#2617 = DEFINITIONAL_REPRESENTATION('',(#2618),#2622);
#2618 = CIRCLE('',#2619,0.15);
#2619 = AXIS2_PLACEMENT_2D('',#2620,#2621);
#2620 = CARTESIAN_POINT('',(2.19,0.));
#2621 = DIRECTION('',(1.,0.));
#2622 = ( GEOMETRIC_REPRESENTATION_CONTEXT(2) 
PARAMETRIC_REPRESENTATION_CONTEXT() REPRESENTATION_CONTEXT('2D SPACE',''
  ) );
#2623 = ORIENTED_EDGE('',*,*,#2624,.F.);
#2624 = EDGE_CURVE('',#2576,#2601,#2625,.T.);
#2625 = SURFACE_CURVE('',#2626,(#2630,#2637),.PCURVE_S1.);
#2626 = LINE('',#2627,#2628);
#2627 = CARTESIAN_POINT('',(5.302391119263,1.245,0.25));
#2628 = VECTOR('',#2629,1.);
#2629 = DIRECTION('',(-1.,0.,-0.));
#2630 = PCURVE('',#2560,#2631);
#2631 = DEFINITIONAL_REPRESENTATION('',(#2632),#2636);
#2632 = LINE('',#2633,#2634);
#2633 = CARTESIAN_POINT('',(3.14159265359,0.));
#2634 = VECTOR('',#2635,1.);
#2635 = DIRECTION('',(0.,1.));
#2636 = ( GEOMETRIC_REPRESENTATION_CONTEXT(2) 
PARAMETRIC_REPRESENTATION_CONTEXT() REPRESENTATION_CONTEXT('2D SPACE',''
  ) );
#2637 = PCURVE('',#2638,#2643);
#2638 = PLANE('',#2639);
#2639 = AXIS2_PLACEMENT_3D('',#2640,#2641,#2642);
#2640 = CARTESIAN_POINT('',(5.302391119263,1.245,0.25));
#2641 = DIRECTION('',(0.,-1.,2.215327193092E-17));
#2642 = DIRECTION('',(0.,-2.215327193092E-17,-1.));
#2643 = DEFINITIONAL_REPRESENTATION('',(#2644),#2648);
#2644 = LINE('',#2645,#2646);
#2645 = CARTESIAN_POINT('',(0.,0.));
#2646 = VECTOR('',#2647,1.);
#2647 = DIRECTION('',(0.,-1.));
#2648 = ( GEOMETRIC_REPRESENTATION_CONTEXT(2) 
PARAMETRIC_REPRESENTATION_CONTEXT() REPRESENTATION_CONTEXT('2D SPACE',''
  ) );
#2649 = ADVANCED_FACE('',(#2650),#2638,.F.);
#2650 = FACE_BOUND('',#2651,.T.);
#2651 = EDGE_LOOP('',(#2652,#2675,#2676,#2699));
#2652 = ORIENTED_EDGE('',*,*,#2653,.F.);
#2653 = EDGE_CURVE('',#2576,#2654,#2656,.T.);
#2654 = VERTEX_POINT('',#2655);
#2655 = CARTESIAN_POINT('',(1.6,1.245,2.69));
#2656 = SURFACE_CURVE('',#2657,(#2661,#2668),.PCURVE_S1.);
#2657 = LINE('',#2658,#2659);
#2658 = CARTESIAN_POINT('',(1.6,1.245,0.25));
#2659 = VECTOR('',#2660,1.);
#2660 = DIRECTION('',(0.,2.215327193092E-17,1.));
#2661 = PCURVE('',#2638,#2662);
#2662 = DEFINITIONAL_REPRESENTATION('',(#2663),#2667);
#2663 = LINE('',#2664,#2665);
#2664 = CARTESIAN_POINT('',(-0.,-3.702391119263));
#2665 = VECTOR('',#2666,1.);
#2666 = DIRECTION('',(-1.,0.));
#2667 = ( GEOMETRIC_REPRESENTATION_CONTEXT(2) 
PARAMETRIC_REPRESENTATION_CONTEXT() REPRESENTATION_CONTEXT('2D SPACE',''
  ) );
#2668 = PCURVE('',#2401,#2669);
#2669 = DEFINITIONAL_REPRESENTATION('',(#2670),#2674);
#2670 = LINE('',#2671,#2672);
#2671 = CARTESIAN_POINT('',(-2.59,2.69));
#2672 = VECTOR('',#2673,1.);
#2673 = DIRECTION('',(8.88690305316E-17,-1.));
#2674 = ( GEOMETRIC_REPRESENTATION_CONTEXT(2) 
PARAMETRIC_REPRESENTATION_CONTEXT() REPRESENTATION_CONTEXT('2D SPACE',''
  ) );
#2675 = ORIENTED_EDGE('',*,*,#2624,.T.);
#2676 = ORIENTED_EDGE('',*,*,#2677,.T.);
#2677 = EDGE_CURVE('',#2601,#2678,#2680,.T.);
#2678 = VERTEX_POINT('',#2679);
#2679 = CARTESIAN_POINT('',(-1.6,1.245,2.69));
#2680 = SURFACE_CURVE('',#2681,(#2685,#2692),.PCURVE_S1.);
#2681 = LINE('',#2682,#2683);
#2682 = CARTESIAN_POINT('',(-1.6,1.245,0.25));
#2683 = VECTOR('',#2684,1.);
#2684 = DIRECTION('',(0.,2.215327193092E-17,1.));
#2685 = PCURVE('',#2638,#2686);
#2686 = DEFINITIONAL_REPRESENTATION('',(#2687),#2691);
#2687 = LINE('',#2688,#2689);
#2688 = CARTESIAN_POINT('',(-0.,-6.902391119263));
#2689 = VECTOR('',#2690,1.);
#2690 = DIRECTION('',(-1.,0.));
#2691 = ( GEOMETRIC_REPRESENTATION_CONTEXT(2) 
PARAMETRIC_REPRESENTATION_CONTEXT() REPRESENTATION_CONTEXT('2D SPACE',''
  ) );
#2692 = PCURVE('',#2458,#2693);
#2693 = DEFINITIONAL_REPRESENTATION('',(#2694),#2698);
#2694 = LINE('',#2695,#2696);
#2695 = CARTESIAN_POINT('',(2.34,0.));
#2696 = VECTOR('',#2697,1.);
#2697 = DIRECTION('',(-8.88690305316E-17,1.));
#2698 = ( GEOMETRIC_REPRESENTATION_CONTEXT(2) 
PARAMETRIC_REPRESENTATION_CONTEXT() REPRESENTATION_CONTEXT('2D SPACE',''
  ) );
#2699 = ORIENTED_EDGE('',*,*,#2700,.F.);
#2700 = EDGE_CURVE('',#2654,#2678,#2701,.T.);
#2701 = SURFACE_CURVE('',#2702,(#2706,#2713),.PCURVE_S1.);
#2702 = LINE('',#2703,#2704);
#2703 = CARTESIAN_POINT('',(5.302391119263,1.245,2.69));
#2704 = VECTOR('',#2705,1.);
#2705 = DIRECTION('',(-1.,0.,-0.));
#2706 = PCURVE('',#2638,#2707);
#2707 = DEFINITIONAL_REPRESENTATION('',(#2708),#2712);
#2708 = LINE('',#2709,#2710);
#2709 = CARTESIAN_POINT('',(-2.44,0.));
#2710 = VECTOR('',#2711,1.);
#2711 = DIRECTION('',(0.,-1.));
#2712 = ( GEOMETRIC_REPRESENTATION_CONTEXT(2) 
PARAMETRIC_REPRESENTATION_CONTEXT() REPRESENTATION_CONTEXT('2D SPACE',''
  ) );
#2713 = PCURVE('',#2714,#2719);
#2714 = CYLINDRICAL_SURFACE('',#2715,0.15);
#2715 = AXIS2_PLACEMENT_3D('',#2716,#2717,#2718);
#2716 = CARTESIAN_POINT('',(5.302391119263,1.095,2.69));
#2717 = DIRECTION('',(-1.,0.,-0.));
#2718 = DIRECTION('',(0.,-1.,1.110223024625E-16));
#2719 = DEFINITIONAL_REPRESENTATION('',(#2720),#2724);
#2720 = LINE('',#2721,#2722);
#2721 = CARTESIAN_POINT('',(3.14159265359,0.));
#2722 = VECTOR('',#2723,1.);
#2723 = DIRECTION('',(0.,1.));
#2724 = ( GEOMETRIC_REPRESENTATION_CONTEXT(2) 
PARAMETRIC_REPRESENTATION_CONTEXT() REPRESENTATION_CONTEXT('2D SPACE',''
  ) );
#2725 = ADVANCED_FACE('',(#2726),#2714,.T.);
#2726 = FACE_BOUND('',#2727,.T.);
#2727 = EDGE_LOOP('',(#2728,#2752,#2753,#2777));
#2728 = ORIENTED_EDGE('',*,*,#2729,.F.);
#2729 = EDGE_CURVE('',#2654,#2730,#2732,.T.);
#2730 = VERTEX_POINT('',#2731);
#2731 = CARTESIAN_POINT('',(1.6,1.095,2.84));
#2732 = SURFACE_CURVE('',#2733,(#2738,#2745),.PCURVE_S1.);
#2733 = CIRCLE('',#2734,0.15);
#2734 = AXIS2_PLACEMENT_3D('',#2735,#2736,#2737);
#2735 = CARTESIAN_POINT('',(1.6,1.095,2.69));
#2736 = DIRECTION('',(1.,-0.,0.));
#2737 = DIRECTION('',(0.,1.,-1.110223024625E-16));
#2738 = PCURVE('',#2714,#2739);
#2739 = DEFINITIONAL_REPRESENTATION('',(#2740),#2744);
#2740 = LINE('',#2741,#2742);
#2741 = CARTESIAN_POINT('',(3.14159265359,3.702391119263));
#2742 = VECTOR('',#2743,1.);
#2743 = DIRECTION('',(-1.,0.));
#2744 = ( GEOMETRIC_REPRESENTATION_CONTEXT(2) 
PARAMETRIC_REPRESENTATION_CONTEXT() REPRESENTATION_CONTEXT('2D SPACE',''
  ) );
#2745 = PCURVE('',#2401,#2746);
#2746 = DEFINITIONAL_REPRESENTATION('',(#2747),#2751);
#2747 = CIRCLE('',#2748,0.15);
#2748 = AXIS2_PLACEMENT_2D('',#2749,#2750);
#2749 = CARTESIAN_POINT('',(-2.44,0.25));
#2750 = DIRECTION('',(-1.,0.));
#2751 = ( GEOMETRIC_REPRESENTATION_CONTEXT(2) 
PARAMETRIC_REPRESENTATION_CONTEXT() REPRESENTATION_CONTEXT('2D SPACE',''
  ) );
#2752 = ORIENTED_EDGE('',*,*,#2700,.T.);
#2753 = ORIENTED_EDGE('',*,*,#2754,.T.);
#2754 = EDGE_CURVE('',#2678,#2755,#2757,.T.);
#2755 = VERTEX_POINT('',#2756);
#2756 = CARTESIAN_POINT('',(-1.6,1.095,2.84));
#2757 = SURFACE_CURVE('',#2758,(#2763,#2770),.PCURVE_S1.);
#2758 = CIRCLE('',#2759,0.15);
#2759 = AXIS2_PLACEMENT_3D('',#2760,#2761,#2762);
#2760 = CARTESIAN_POINT('',(-1.6,1.095,2.69));
#2761 = DIRECTION('',(1.,-0.,0.));
#2762 = DIRECTION('',(0.,1.,-1.110223024625E-16));
#2763 = PCURVE('',#2714,#2764);
#2764 = DEFINITIONAL_REPRESENTATION('',(#2765),#2769);
#2765 = LINE('',#2766,#2767);
#2766 = CARTESIAN_POINT('',(3.14159265359,6.902391119263));
#2767 = VECTOR('',#2768,1.);
#2768 = DIRECTION('',(-1.,0.));
#2769 = ( GEOMETRIC_REPRESENTATION_CONTEXT(2) 
PARAMETRIC_REPRESENTATION_CONTEXT() REPRESENTATION_CONTEXT('2D SPACE',''
  ) );
#2770 = PCURVE('',#2458,#2771);
#2771 = DEFINITIONAL_REPRESENTATION('',(#2772),#2776);
#2772 = CIRCLE('',#2773,0.15);
#2773 = AXIS2_PLACEMENT_2D('',#2774,#2775);
#2774 = CARTESIAN_POINT('',(2.19,2.44));
#2775 = DIRECTION('',(1.,0.));
#2776 = ( GEOMETRIC_REPRESENTATION_CONTEXT(2) 
PARAMETRIC_REPRESENTATION_CONTEXT() REPRESENTATION_CONTEXT('2D SPACE',''
  ) );
#2777 = ORIENTED_EDGE('',*,*,#2778,.F.);
#2778 = EDGE_CURVE('',#2730,#2755,#2779,.T.);
#2779 = SURFACE_CURVE('',#2780,(#2784,#2791),.PCURVE_S1.);
#2780 = LINE('',#2781,#2782);
#2781 = CARTESIAN_POINT('',(5.302391119263,1.095,2.84));
#2782 = VECTOR('',#2783,1.);
#2783 = DIRECTION('',(-1.,0.,-0.));
#2784 = PCURVE('',#2714,#2785);
#2785 = DEFINITIONAL_REPRESENTATION('',(#2786),#2790);
#2786 = LINE('',#2787,#2788);
#2787 = CARTESIAN_POINT('',(1.570796326795,0.));
#2788 = VECTOR('',#2789,1.);
#2789 = DIRECTION('',(0.,1.));
#2790 = ( GEOMETRIC_REPRESENTATION_CONTEXT(2) 
PARAMETRIC_REPRESENTATION_CONTEXT() REPRESENTATION_CONTEXT('2D SPACE',''
  ) );
#2791 = PCURVE('',#2792,#2797);
#2792 = PLANE('',#2793);
#2793 = AXIS2_PLACEMENT_3D('',#2794,#2795,#2796);
#2794 = CARTESIAN_POINT('',(5.302391119263,1.095,2.84));
#2795 = DIRECTION('',(0.,-3.090500965238E-16,-1.));
#2796 = DIRECTION('',(0.,1.,-3.090500965238E-16));
#2797 = DEFINITIONAL_REPRESENTATION('',(#2798),#2802);
#2798 = LINE('',#2799,#2800);
#2799 = CARTESIAN_POINT('',(0.,0.));
#2800 = VECTOR('',#2801,1.);
#2801 = DIRECTION('',(0.,-1.));
#2802 = ( GEOMETRIC_REPRESENTATION_CONTEXT(2) 
PARAMETRIC_REPRESENTATION_CONTEXT() REPRESENTATION_CONTEXT('2D SPACE',''
  ) );
#2803 = ADVANCED_FACE('',(#2804),#2792,.F.);
#2804 = FACE_BOUND('',#2805,.T.);
#2805 = EDGE_LOOP('',(#2806,#2829,#2830,#2853));
#2806 = ORIENTED_EDGE('',*,*,#2807,.F.);
#2807 = EDGE_CURVE('',#2730,#2808,#2810,.T.);
#2808 = VERTEX_POINT('',#2809);
#2809 = CARTESIAN_POINT('',(1.6,-1.095,2.84));
#2810 = SURFACE_CURVE('',#2811,(#2815,#2822),.PCURVE_S1.);
#2811 = LINE('',#2812,#2813);
#2812 = CARTESIAN_POINT('',(1.6,1.095,2.84));
#2813 = VECTOR('',#2814,1.);
#2814 = DIRECTION('',(0.,-1.,3.090500965238E-16));
#2815 = PCURVE('',#2792,#2816);
#2816 = DEFINITIONAL_REPRESENTATION('',(#2817),#2821);
#2817 = LINE('',#2818,#2819);
#2818 = CARTESIAN_POINT('',(-0.,-3.702391119263));
#2819 = VECTOR('',#2820,1.);
#2820 = DIRECTION('',(-1.,0.));
#2821 = ( GEOMETRIC_REPRESENTATION_CONTEXT(2) 
PARAMETRIC_REPRESENTATION_CONTEXT() REPRESENTATION_CONTEXT('2D SPACE',''
  ) );
#2822 = PCURVE('',#2401,#2823);
#2823 = DEFINITIONAL_REPRESENTATION('',(#2824),#2828);
#2824 = LINE('',#2825,#2826);
#2825 = CARTESIAN_POINT('',(-2.44,0.1));
#2826 = VECTOR('',#2827,1.);
#2827 = DIRECTION('',(1.,-1.980277940613E-16));
#2828 = ( GEOMETRIC_REPRESENTATION_CONTEXT(2) 
PARAMETRIC_REPRESENTATION_CONTEXT() REPRESENTATION_CONTEXT('2D SPACE',''
  ) );
#2829 = ORIENTED_EDGE('',*,*,#2778,.T.);
#2830 = ORIENTED_EDGE('',*,*,#2831,.T.);
#2831 = EDGE_CURVE('',#2755,#2832,#2834,.T.);
#2832 = VERTEX_POINT('',#2833);
#2833 = CARTESIAN_POINT('',(-1.6,-1.095,2.84));
#2834 = SURFACE_CURVE('',#2835,(#2839,#2846),.PCURVE_S1.);
#2835 = LINE('',#2836,#2837);
#2836 = CARTESIAN_POINT('',(-1.6,1.095,2.84));
#2837 = VECTOR('',#2838,1.);
#2838 = DIRECTION('',(0.,-1.,3.090500965238E-16));
#2839 = PCURVE('',#2792,#2840);
#2840 = DEFINITIONAL_REPRESENTATION('',(#2841),#2845);
#2841 = LINE('',#2842,#2843);
#2842 = CARTESIAN_POINT('',(-0.,-6.902391119263));
#2843 = VECTOR('',#2844,1.);
#2844 = DIRECTION('',(-1.,0.));
#2845 = ( GEOMETRIC_REPRESENTATION_CONTEXT(2) 
PARAMETRIC_REPRESENTATION_CONTEXT() REPRESENTATION_CONTEXT('2D SPACE',''
  ) );
#2846 = PCURVE('',#2458,#2847);
#2847 = DEFINITIONAL_REPRESENTATION('',(#2848),#2852);
#2848 = LINE('',#2849,#2850);
#2849 = CARTESIAN_POINT('',(2.19,2.59));
#2850 = VECTOR('',#2851,1.);
#2851 = DIRECTION('',(-1.,1.980277940613E-16));
#2852 = ( GEOMETRIC_REPRESENTATION_CONTEXT(2) 
PARAMETRIC_REPRESENTATION_CONTEXT() REPRESENTATION_CONTEXT('2D SPACE',''
  ) );
#2853 = ORIENTED_EDGE('',*,*,#2854,.F.);
#2854 = EDGE_CURVE('',#2808,#2832,#2855,.T.);
#2855 = SURFACE_CURVE('',#2856,(#2860,#2867),.PCURVE_S1.);
#2856 = LINE('',#2857,#2858);
#2857 = CARTESIAN_POINT('',(5.302391119263,-1.095,2.84));
#2858 = VECTOR('',#2859,1.);
#2859 = DIRECTION('',(-1.,0.,-0.));
#2860 = PCURVE('',#2792,#2861);
#2861 = DEFINITIONAL_REPRESENTATION('',(#2862),#2866);
#2862 = LINE('',#2863,#2864);
#2863 = CARTESIAN_POINT('',(-2.19,0.));
#2864 = VECTOR('',#2865,1.);
#2865 = DIRECTION('',(0.,-1.));
#2866 = ( GEOMETRIC_REPRESENTATION_CONTEXT(2) 
PARAMETRIC_REPRESENTATION_CONTEXT() REPRESENTATION_CONTEXT('2D SPACE',''
  ) );
#2867 = PCURVE('',#2868,#2873);
#2868 = CYLINDRICAL_SURFACE('',#2869,0.15);
#2869 = AXIS2_PLACEMENT_3D('',#2870,#2871,#2872);
#2870 = CARTESIAN_POINT('',(5.302391119263,-1.095,2.69));
#2871 = DIRECTION('',(-1.,0.,-0.));
#2872 = DIRECTION('',(0.,-1.,1.110223024625E-16));
#2873 = DEFINITIONAL_REPRESENTATION('',(#2874),#2878);
#2874 = LINE('',#2875,#2876);
#2875 = CARTESIAN_POINT('',(1.570796326795,0.));
#2876 = VECTOR('',#2877,1.);
#2877 = DIRECTION('',(0.,1.));
#2878 = ( GEOMETRIC_REPRESENTATION_CONTEXT(2) 
PARAMETRIC_REPRESENTATION_CONTEXT() REPRESENTATION_CONTEXT('2D SPACE',''
  ) );
#2879 = ADVANCED_FACE('',(#2880),#2868,.T.);
#2880 = FACE_BOUND('',#2881,.T.);
#2881 = EDGE_LOOP('',(#2882,#2906,#2907,#2931));
#2882 = ORIENTED_EDGE('',*,*,#2883,.F.);
#2883 = EDGE_CURVE('',#2808,#2884,#2886,.T.);
#2884 = VERTEX_POINT('',#2885);
#2885 = CARTESIAN_POINT('',(1.6,-1.245,2.69));
#2886 = SURFACE_CURVE('',#2887,(#2892,#2899),.PCURVE_S1.);
#2887 = CIRCLE('',#2888,0.15);
#2888 = AXIS2_PLACEMENT_3D('',#2889,#2890,#2891);
#2889 = CARTESIAN_POINT('',(1.6,-1.095,2.69));
#2890 = DIRECTION('',(1.,-0.,0.));
#2891 = DIRECTION('',(0.,1.,-1.110223024625E-16));
#2892 = PCURVE('',#2868,#2893);
#2893 = DEFINITIONAL_REPRESENTATION('',(#2894),#2898);
#2894 = LINE('',#2895,#2896);
#2895 = CARTESIAN_POINT('',(3.14159265359,3.702391119263));
#2896 = VECTOR('',#2897,1.);
#2897 = DIRECTION('',(-1.,0.));
#2898 = ( GEOMETRIC_REPRESENTATION_CONTEXT(2) 
PARAMETRIC_REPRESENTATION_CONTEXT() REPRESENTATION_CONTEXT('2D SPACE',''
  ) );
#2899 = PCURVE('',#2401,#2900);
#2900 = DEFINITIONAL_REPRESENTATION('',(#2901),#2905);
#2901 = CIRCLE('',#2902,0.15);
#2902 = AXIS2_PLACEMENT_2D('',#2903,#2904);
#2903 = CARTESIAN_POINT('',(-0.25,0.25));
#2904 = DIRECTION('',(-1.,0.));
#2905 = ( GEOMETRIC_REPRESENTATION_CONTEXT(2) 
PARAMETRIC_REPRESENTATION_CONTEXT() REPRESENTATION_CONTEXT('2D SPACE',''
  ) );
#2906 = ORIENTED_EDGE('',*,*,#2854,.T.);
#2907 = ORIENTED_EDGE('',*,*,#2908,.T.);
#2908 = EDGE_CURVE('',#2832,#2909,#2911,.T.);
#2909 = VERTEX_POINT('',#2910);
#2910 = CARTESIAN_POINT('',(-1.6,-1.245,2.69));
#2911 = SURFACE_CURVE('',#2912,(#2917,#2924),.PCURVE_S1.);
#2912 = CIRCLE('',#2913,0.15);
#2913 = AXIS2_PLACEMENT_3D('',#2914,#2915,#2916);
#2914 = CARTESIAN_POINT('',(-1.6,-1.095,2.69));
#2915 = DIRECTION('',(1.,-0.,0.));
#2916 = DIRECTION('',(0.,1.,-1.110223024625E-16));
#2917 = PCURVE('',#2868,#2918);
#2918 = DEFINITIONAL_REPRESENTATION('',(#2919),#2923);
#2919 = LINE('',#2920,#2921);
#2920 = CARTESIAN_POINT('',(3.14159265359,6.902391119263));
#2921 = VECTOR('',#2922,1.);
#2922 = DIRECTION('',(-1.,0.));
#2923 = ( GEOMETRIC_REPRESENTATION_CONTEXT(2) 
PARAMETRIC_REPRESENTATION_CONTEXT() REPRESENTATION_CONTEXT('2D SPACE',''
  ) );
#2924 = PCURVE('',#2458,#2925);
#2925 = DEFINITIONAL_REPRESENTATION('',(#2926),#2930);
#2926 = CIRCLE('',#2927,0.15);
#2927 = AXIS2_PLACEMENT_2D('',#2928,#2929);
#2928 = CARTESIAN_POINT('',(0.,2.44));
#2929 = DIRECTION('',(1.,0.));
#2930 = ( GEOMETRIC_REPRESENTATION_CONTEXT(2) 
PARAMETRIC_REPRESENTATION_CONTEXT() REPRESENTATION_CONTEXT('2D SPACE',''
  ) );
#2931 = ORIENTED_EDGE('',*,*,#2932,.F.);
#2932 = EDGE_CURVE('',#2884,#2909,#2933,.T.);
#2933 = SURFACE_CURVE('',#2934,(#2938,#2945),.PCURVE_S1.);
#2934 = LINE('',#2935,#2936);
#2935 = CARTESIAN_POINT('',(5.302391119263,-1.245,2.69));
#2936 = VECTOR('',#2937,1.);
#2937 = DIRECTION('',(-1.,0.,-0.));
#2938 = PCURVE('',#2868,#2939);
#2939 = DEFINITIONAL_REPRESENTATION('',(#2940),#2944);
#2940 = LINE('',#2941,#2942);
#2941 = CARTESIAN_POINT('',(0.,0.));
#2942 = VECTOR('',#2943,1.);
#2943 = DIRECTION('',(0.,1.));
#2944 = ( GEOMETRIC_REPRESENTATION_CONTEXT(2) 
PARAMETRIC_REPRESENTATION_CONTEXT() REPRESENTATION_CONTEXT('2D SPACE',''
  ) );
#2945 = PCURVE('',#2429,#2946);
#2946 = DEFINITIONAL_REPRESENTATION('',(#2947),#2951);
#2947 = LINE('',#2948,#2949);
#2948 = CARTESIAN_POINT('',(0.,0.));
#2949 = VECTOR('',#2950,1.);
#2950 = DIRECTION('',(0.,-1.));
#2951 = ( GEOMETRIC_REPRESENTATION_CONTEXT(2) 
PARAMETRIC_REPRESENTATION_CONTEXT() REPRESENTATION_CONTEXT('2D SPACE',''
  ) );
#2952 = ADVANCED_FACE('',(#2953),#2429,.F.);
#2953 = FACE_BOUND('',#2954,.T.);
#2954 = EDGE_LOOP('',(#2955,#2976,#2977,#2998));
#2955 = ORIENTED_EDGE('',*,*,#2956,.F.);
#2956 = EDGE_CURVE('',#2884,#2378,#2957,.T.);
#2957 = SURFACE_CURVE('',#2958,(#2962,#2969),.PCURVE_S1.);
#2958 = LINE('',#2959,#2960);
#2959 = CARTESIAN_POINT('',(1.6,-1.245,2.69));
#2960 = VECTOR('',#2961,1.);
#2961 = DIRECTION('',(0.,-2.215327193092E-17,-1.));
#2962 = PCURVE('',#2429,#2963);
#2963 = DEFINITIONAL_REPRESENTATION('',(#2964),#2968);
#2964 = LINE('',#2965,#2966);
#2965 = CARTESIAN_POINT('',(0.,-3.702391119263));
#2966 = VECTOR('',#2967,1.);
#2967 = DIRECTION('',(-1.,0.));
#2968 = ( GEOMETRIC_REPRESENTATION_CONTEXT(2) 
PARAMETRIC_REPRESENTATION_CONTEXT() REPRESENTATION_CONTEXT('2D SPACE',''
  ) );
#2969 = PCURVE('',#2401,#2970);
#2970 = DEFINITIONAL_REPRESENTATION('',(#2971),#2975);
#2971 = LINE('',#2972,#2973);
#2972 = CARTESIAN_POINT('',(-1.E-01,0.25));
#2973 = VECTOR('',#2974,1.);
#2974 = DIRECTION('',(-8.88690305316E-17,1.));
#2975 = ( GEOMETRIC_REPRESENTATION_CONTEXT(2) 
PARAMETRIC_REPRESENTATION_CONTEXT() REPRESENTATION_CONTEXT('2D SPACE',''
  ) );
#2976 = ORIENTED_EDGE('',*,*,#2932,.T.);
#2977 = ORIENTED_EDGE('',*,*,#2978,.T.);
#2978 = EDGE_CURVE('',#2909,#2414,#2979,.T.);
#2979 = SURFACE_CURVE('',#2980,(#2984,#2991),.PCURVE_S1.);
#2980 = LINE('',#2981,#2982);
#2981 = CARTESIAN_POINT('',(-1.6,-1.245,2.69));
#2982 = VECTOR('',#2983,1.);
#2983 = DIRECTION('',(0.,-2.215327193092E-17,-1.));
#2984 = PCURVE('',#2429,#2985);
#2985 = DEFINITIONAL_REPRESENTATION('',(#2986),#2990);
#2986 = LINE('',#2987,#2988);
#2987 = CARTESIAN_POINT('',(0.,-6.902391119263));
#2988 = VECTOR('',#2989,1.);
#2989 = DIRECTION('',(-1.,0.));
#2990 = ( GEOMETRIC_REPRESENTATION_CONTEXT(2) 
PARAMETRIC_REPRESENTATION_CONTEXT() REPRESENTATION_CONTEXT('2D SPACE',''
  ) );
#2991 = PCURVE('',#2458,#2992);
#2992 = DEFINITIONAL_REPRESENTATION('',(#2993),#2997);
#2993 = LINE('',#2994,#2995);
#2994 = CARTESIAN_POINT('',(-0.15,2.44));
#2995 = VECTOR('',#2996,1.);
#2996 = DIRECTION('',(8.88690305316E-17,-1.));
#2997 = ( GEOMETRIC_REPRESENTATION_CONTEXT(2) 
PARAMETRIC_REPRESENTATION_CONTEXT() REPRESENTATION_CONTEXT('2D SPACE',''
  ) );
#2998 = ORIENTED_EDGE('',*,*,#2413,.F.);
#2999 = ADVANCED_FACE('',(#3000),#2458,.F.);
#3000 = FACE_BOUND('',#3001,.T.);
#3001 = EDGE_LOOP('',(#3002,#3003,#3004,#3005,#3006,#3007,#3008,#3009));
#3002 = ORIENTED_EDGE('',*,*,#2441,.F.);
#3003 = ORIENTED_EDGE('',*,*,#2978,.F.);
#3004 = ORIENTED_EDGE('',*,*,#2908,.F.);
#3005 = ORIENTED_EDGE('',*,*,#2831,.F.);
#3006 = ORIENTED_EDGE('',*,*,#2754,.F.);
#3007 = ORIENTED_EDGE('',*,*,#2677,.F.);
#3008 = ORIENTED_EDGE('',*,*,#2600,.F.);
#3009 = ORIENTED_EDGE('',*,*,#2523,.F.);
#3010 = ADVANCED_FACE('',(#3011),#2401,.T.);
#3011 = FACE_BOUND('',#3012,.T.);
#3012 = EDGE_LOOP('',(#3013,#3014,#3015,#3016,#3017,#3018,#3019,#3020));
#3013 = ORIENTED_EDGE('',*,*,#2956,.T.);
#3014 = ORIENTED_EDGE('',*,*,#2377,.T.);
#3015 = ORIENTED_EDGE('',*,*,#2499,.T.);
#3016 = ORIENTED_EDGE('',*,*,#2575,.T.);
#3017 = ORIENTED_EDGE('',*,*,#2653,.T.);
#3018 = ORIENTED_EDGE('',*,*,#2729,.T.);
#3019 = ORIENTED_EDGE('',*,*,#2807,.T.);
#3020 = ORIENTED_EDGE('',*,*,#2883,.T.);
#3021 = ( GEOMETRIC_REPRESENTATION_CONTEXT(3) 
GLOBAL_UNCERTAINTY_ASSIGNED_CONTEXT((#3025)) 
GLOBAL_UNIT_ASSIGNED_CONTEXT((#3022,#3023,#3024)) REPRESENTATION_CONTEXT
('Context #1','3D Context with UNIT and UNCERTAINTY') );
#3022 = ( LENGTH_UNIT() NAMED_UNIT(*) SI_UNIT(.MILLI.,.METRE.) );
#3023 = ( NAMED_UNIT(*) PLANE_ANGLE_UNIT() SI_UNIT($,.RADIAN.) );
#3024 = ( NAMED_UNIT(*) SI_UNIT($,.STERADIAN.) SOLID_ANGLE_UNIT() );
#3025 = UNCERTAINTY_MEASURE_WITH_UNIT(LENGTH_MEASURE(1.E-07),#3022,
  'distance_accuracy_value','confusion accuracy');
#3026 = PRODUCT_RELATED_PRODUCT_CATEGORY('part',$,(#7));
ENDSEC;
END-ISO-10303-21;
