ISO-10303-21;
HEADER;
FILE_DESCRIPTION(('STEP AP242'),'1');
FILE_NAME('0430451200.stp','2026-03-19T07:25:50',('TraceParts'),('TraceParts S.A.S.'),'Spatial InterOp 3D',' ',' ');
FILE_SCHEMA(('AP242_MANAGED_MODEL_BASED_3D_ENGINEERING_MIM_LF  {1 0 10303 442 1 1 4}'));
ENDSEC;
DATA;
#1=PRODUCT_DEFINITION_CONTEXT('',#10,'design');
#2=APPLICATION_PROTOCOL_DEFINITION('INTERNATIONAL STANDARD','ap242_managed_model_based_3d_engineering',2014,#10);
#3=PRODUCT_CATEGORY_RELATIONSHIP('NONE','NONE',#11,#12);
#4=SHAPE_DEFINITION_REPRESENTATION(#13,#14);
#5=SHAPE_DEFINITION_REPRESENTATION(#13,#15);
#6= (GEOMETRIC_REPRESENTATION_CONTEXT(3)GLOBAL_UNCERTAINTY_ASSIGNED_CONTEXT((#18))GLOBAL_UNIT_ASSIGNED_CONTEXT((#20,#21,#22))REPRESENTATION_CONTEXT('NONE','WORKSPACE'));
#10=APPLICATION_CONTEXT('managed model based 3d engineering');
#11=PRODUCT_CATEGORY('part','NONE');
#12=PRODUCT_RELATED_PRODUCT_CATEGORY('detail',' ',(#24));
#13=PRODUCT_DEFINITION_SHAPE('NONE','NONE',#25);
#14=ADVANCED_BREP_SHAPE_REPRESENTATION('1',(#26,#27),#6);
#15=GEOMETRICALLY_BOUNDED_SURFACE_SHAPE_REPRESENTATION('2',(#28,#29),#6);
#18=UNCERTAINTY_MEASURE_WITH_UNIT(LENGTH_MEASURE(1.0E-06),#20,'','');
#20= (CONVERSION_BASED_UNIT('MILLIMETRE',#32)LENGTH_UNIT()NAMED_UNIT(#35));
#21= (NAMED_UNIT(#37)PLANE_ANGLE_UNIT()SI_UNIT($,.RADIAN.));
#22= (NAMED_UNIT(#37)SOLID_ANGLE_UNIT()SI_UNIT($,.STERADIAN.));
#24=PRODUCT('1','','PART--DESC',(#43));
#25=PRODUCT_DEFINITION('','NONE',#44,#1);
#26=MANIFOLD_SOLID_BREP('1',#45);
#27=AXIS2_PLACEMENT_3D('',#46,#47,#48);
#28=GEOMETRIC_SET('2',(#49,#50,#51,#52,#53,#54,#55,#56,#57,#58,#59,#60,#61,#62,#63));
#29=AXIS2_PLACEMENT_3D('',#64,#65,#66);
#32=LENGTH_MEASURE_WITH_UNIT(LENGTH_MEASURE(1.0),#67);
#35=DIMENSIONAL_EXPONENTS(1.0,0.0,0.0,0.0,0.0,0.0,0.0);
#37=DIMENSIONAL_EXPONENTS(0.0,0.0,0.0,0.0,0.0,0.0,0.0);
#43=PRODUCT_CONTEXT('',#10,'mechanical');
#44=PRODUCT_DEFINITION_FORMATION_WITH_SPECIFIED_SOURCE(' ','NONE',#24,.NOT_KNOWN.);
#45=CLOSED_SHELL('',(#68,#69,#70,#71,#72,#73,#74,#75,#76,#77,#78,#79,#80,#81,#82,#83,#84,#85,#86,#87,#88,#89,#90,#91,#92,#93,#94,#95,#96,#97,#98,#99,#100,#101,#102,#103,#104,#105,#106,#107,#108,#109,#110,#111,#112,#113,#114,#115,#116,#117,#118,#119,#120,#121,#122,#123,#124,#125,#126,#127,#128,#129,#130,#131,#132,#133,#134,#135,#136,#137,#138,#139,#140,#141,#142,#143,#144,#145,#146,#147,#148,#149,#150,#151,#152,#153,#154,#155,#156,#157,#158,#159,#160,#161,#162,#163,#164,#165,#166,#167,#168,#169,#170,#171,#172,#173,#174,#175,#176,#177,#178,#179,#180,#181,#182,#183,#184,#185,#186,#187,#188,#189,#190,#191,#192,#193,#194,#195,#196,#197,#198,#199,#200,#201,#202,#203,#204,#205,#206,#207,#208,#209,#210,#211,#212,#213,#214,#215,#216,#217,#218,#219,#220,#221,#222,#223,#224,#225,#226,#227,#228,#229,#230,#231,#232,#233,#234,#235,#236,#237,#238,#239,#240,#241,#242,#243,#244,#245,#246,#247,#248,#249,#250,#251,#252,#253,#254,#255,#256,#257,#258,#259,#260,#261,#262,#263,#264,#265,#266,#267,#268,#269,#270,#271,#272,#273,#274,#275,#276,#277,#278,#279,#280,#281,#282,#283,#284,#285,#286,#287,#288,#289,#290,#291,#292,#293,#294,#295,#296,#297,#298,#299,#300,#301,#302,#303,#304,#305,#306,#307,#308,#309,#310,#311,#312,#313,#314,#315,#316,#317,#318,#319,#320,#321,#322,#323,#324,#325,#326,#327,#328,#329,#330,#331,#332,#333,#334,#335,#336,#337,#338,#339,#340,#341,#342,#343,#344,#345,#346,#347,#348,#349,#350,#351,#352,#353,#354,#355,#356,#357,#358,#359,#360,#361,#362,#363,#364,#365,#366,#367,#368,#369,#370,#371,#372,#373,#374,#375,#376,#377,#378,#379,#380,#381,#382,#383,#384,#385,#386,#387,#388,#389,#390,#391,#392,#393,#394,#395,#396,#397,#398,#399,#400,#401,#402,#403,#404,#405,#406,#407,#408,#409,#410,#411,#412,#413,#414,#415,#416,#417,#418,#419,#420,#421,#422,#423,#424,#425,#426,#427,#428,#429,#430,#431,#432,#433,#434,#435,#436,#437,#438,#439,#440,#441,#442,#443,#444,#445,#446,#447,#448,#449,#450,#451,#452,#453,#454,#455,#456,#457,#458,#459,#460,#461,#462,#463,#464,#465,#466,#467,#468,#469,#470,#471,#472,#473,#474,#475,#476,#477,#478,#479,#480,#481,#482,#483,#484,#485,#486,#487,#488,#489,#490,#491,#492,#493,#494,#495,#496,#497,#498,#499,#500,#501,#502,#503,#504,#505,#506,#507,#508,#509,#510,#511,#512,#513,#514,#515,#516,#517,#518,#519,#520,#521,#522,#523,#524,#525,#526,#527,#528,#529,#530,#531,#532,#533,#534,#535,#536,#537,#538,#539,#540,#541,#542,#543,#544,#545,#546,#547,#548,#549,#550,#551,#552,#553,#554,#555,#556,#557,#558,#559,#560,#561,#562,#563,#564,#565,#566,#567,#568,#569,#570,#571,#572,#573,#574,#575,#576,#577,#578,#579,#580,#581,#582,#583,#584,#585,#586,#587,#588,#589,#590,#591,#592,#593,#594,#595,#596,#597,#598,#599,#600));
#46=CARTESIAN_POINT('',(0.0,0.0,0.0));
#47=DIRECTION('',(0.0,0.0,1.0));
#48=DIRECTION('',(1.0,0.0,0.0));
#49=COMPOSITE_CURVE('',(#601,#602),.U.);
#50=COMPOSITE_CURVE('',(#603,#604),.U.);
#51=COMPOSITE_CURVE('',(#605,#606),.U.);
#52=COMPOSITE_CURVE('',(#607,#608),.U.);
#53=COMPOSITE_CURVE('',(#609,#610),.U.);
#54=COMPOSITE_CURVE('',(#611,#612),.U.);
#55=COMPOSITE_CURVE('',(#613,#614),.U.);
#56=COMPOSITE_CURVE('',(#615,#616),.U.);
#57=COMPOSITE_CURVE('',(#617,#618),.U.);
#58=COMPOSITE_CURVE('',(#619,#620),.U.);
#59=COMPOSITE_CURVE('',(#621,#622),.U.);
#60=COMPOSITE_CURVE('',(#623,#624),.U.);
#61=COMPOSITE_CURVE('',(#625,#626),.U.);
#62=COMPOSITE_CURVE('',(#627,#628),.U.);
#63=COMPOSITE_CURVE('',(#629,#630,#631),.U.);
#64=CARTESIAN_POINT('',(0.0,0.0,0.0));
#65=DIRECTION('',(0.0,0.0,1.0));
#66=DIRECTION('',(1.0,0.0,0.0));
#67= (NAMED_UNIT(#35)LENGTH_UNIT()SI_UNIT(.MILLI.,.METRE.));
#68=ADVANCED_FACE('',(#633),#634,.F.);
#69=ADVANCED_FACE('',(#635),#636,.T.);
#70=ADVANCED_FACE('',(#637),#638,.T.);
#71=ADVANCED_FACE('',(#639),#640,.T.);
#72=ADVANCED_FACE('',(#641),#642,.T.);
#73=ADVANCED_FACE('',(#643),#644,.F.);
#74=ADVANCED_FACE('',(#645),#646,.T.);
#75=ADVANCED_FACE('',(#647),#648,.F.);
#76=ADVANCED_FACE('',(#649),#650,.T.);
#77=ADVANCED_FACE('',(#651),#652,.T.);
#78=ADVANCED_FACE('',(#653),#654,.F.);
#79=ADVANCED_FACE('',(#655),#656,.F.);
#80=ADVANCED_FACE('',(#657),#658,.F.);
#81=ADVANCED_FACE('',(#659),#660,.F.);
#82=ADVANCED_FACE('',(#661),#662,.F.);
#83=ADVANCED_FACE('',(#663),#664,.F.);
#84=ADVANCED_FACE('',(#665,#666),#667,.T.);
#85=ADVANCED_FACE('',(#668),#669,.F.);
#86=ADVANCED_FACE('',(#670),#671,.F.);
#87=ADVANCED_FACE('',(#672),#673,.F.);
#88=ADVANCED_FACE('',(#674),#675,.T.);
#89=ADVANCED_FACE('',(#676),#677,.T.);
#90=ADVANCED_FACE('',(#678),#679,.F.);
#91=ADVANCED_FACE('',(#680),#681,.F.);
#92=ADVANCED_FACE('',(#682),#683,.F.);
#93=ADVANCED_FACE('',(#684),#685,.F.);
#94=ADVANCED_FACE('',(#686),#687,.F.);
#95=ADVANCED_FACE('',(#688),#689,.F.);
#96=ADVANCED_FACE('',(#690,#691),#692,.T.);
#97=ADVANCED_FACE('',(#693),#694,.F.);
#98=ADVANCED_FACE('',(#695),#696,.F.);
#99=ADVANCED_FACE('',(#697),#698,.T.);
#100=ADVANCED_FACE('',(#699),#700,.T.);
#101=ADVANCED_FACE('',(#701),#702,.T.);
#102=ADVANCED_FACE('',(#703),#704,.T.);
#103=ADVANCED_FACE('',(#705),#706,.F.);
#104=ADVANCED_FACE('',(#707),#708,.T.);
#105=ADVANCED_FACE('',(#709),#710,.T.);
#106=ADVANCED_FACE('',(#711),#712,.T.);
#107=ADVANCED_FACE('',(#713),#714,.T.);
#108=ADVANCED_FACE('',(#715),#716,.T.);
#109=ADVANCED_FACE('',(#717),#718,.T.);
#110=ADVANCED_FACE('',(#719),#720,.T.);
#111=ADVANCED_FACE('',(#721),#722,.T.);
#112=ADVANCED_FACE('',(#723),#724,.T.);
#113=ADVANCED_FACE('',(#725),#726,.T.);
#114=ADVANCED_FACE('',(#727),#728,.T.);
#115=ADVANCED_FACE('',(#729),#730,.T.);
#116=ADVANCED_FACE('',(#731),#732,.T.);
#117=ADVANCED_FACE('',(#733),#734,.T.);
#118=ADVANCED_FACE('',(#735),#736,.F.);
#119=ADVANCED_FACE('',(#737),#738,.F.);
#120=ADVANCED_FACE('',(#739),#740,.F.);
#121=ADVANCED_FACE('',(#741),#742,.F.);
#122=ADVANCED_FACE('',(#743),#744,.T.);
#123=ADVANCED_FACE('',(#745),#746,.T.);
#124=ADVANCED_FACE('',(#747),#748,.T.);
#125=ADVANCED_FACE('',(#749),#750,.T.);
#126=ADVANCED_FACE('',(#751),#752,.T.);
#127=ADVANCED_FACE('',(#753),#754,.T.);
#128=ADVANCED_FACE('',(#755),#756,.T.);
#129=ADVANCED_FACE('',(#757),#758,.T.);
#130=ADVANCED_FACE('',(#759),#760,.T.);
#131=ADVANCED_FACE('',(#761),#762,.T.);
#132=ADVANCED_FACE('',(#763),#764,.T.);
#133=ADVANCED_FACE('',(#765),#766,.T.);
#134=ADVANCED_FACE('',(#767),#768,.T.);
#135=ADVANCED_FACE('',(#769),#770,.T.);
#136=ADVANCED_FACE('',(#771),#772,.T.);
#137=ADVANCED_FACE('',(#773),#774,.F.);
#138=ADVANCED_FACE('',(#775),#776,.F.);
#139=ADVANCED_FACE('',(#777),#778,.F.);
#140=ADVANCED_FACE('',(#779),#780,.F.);
#141=ADVANCED_FACE('',(#781),#782,.T.);
#142=ADVANCED_FACE('',(#783),#784,.F.);
#143=ADVANCED_FACE('',(#785),#786,.F.);
#144=ADVANCED_FACE('',(#787),#788,.F.);
#145=ADVANCED_FACE('',(#789),#790,.F.);
#146=ADVANCED_FACE('',(#791),#792,.F.);
#147=ADVANCED_FACE('',(#793),#794,.T.);
#148=ADVANCED_FACE('',(#795),#796,.F.);
#149=ADVANCED_FACE('',(#797),#798,.F.);
#150=ADVANCED_FACE('',(#799),#800,.F.);
#151=ADVANCED_FACE('',(#801),#802,.F.);
#152=ADVANCED_FACE('',(#803),#804,.F.);
#153=ADVANCED_FACE('',(#805),#806,.F.);
#154=ADVANCED_FACE('',(#807),#808,.F.);
#155=ADVANCED_FACE('',(#809),#810,.T.);
#156=ADVANCED_FACE('',(#811),#812,.T.);
#157=ADVANCED_FACE('',(#813),#814,.T.);
#158=ADVANCED_FACE('',(#815),#816,.T.);
#159=ADVANCED_FACE('',(#817),#818,.T.);
#160=ADVANCED_FACE('',(#819),#820,.T.);
#161=ADVANCED_FACE('',(#821),#822,.T.);
#162=ADVANCED_FACE('',(#823),#824,.F.);
#163=ADVANCED_FACE('',(#825),#826,.F.);
#164=ADVANCED_FACE('',(#827),#828,.F.);
#165=ADVANCED_FACE('',(#829),#830,.F.);
#166=ADVANCED_FACE('',(#831,#832,#833),#834,.T.);
#167=ADVANCED_FACE('',(#835),#836,.T.);
#168=ADVANCED_FACE('',(#837),#838,.F.);
#169=ADVANCED_FACE('',(#839),#840,.F.);
#170=ADVANCED_FACE('',(#841),#842,.F.);
#171=ADVANCED_FACE('',(#843),#844,.T.);
#172=ADVANCED_FACE('',(#845),#846,.T.);
#173=ADVANCED_FACE('',(#847),#848,.T.);
#174=ADVANCED_FACE('',(#849),#850,.T.);
#175=ADVANCED_FACE('',(#851),#852,.T.);
#176=ADVANCED_FACE('',(#853),#854,.T.);
#177=ADVANCED_FACE('',(#855),#856,.F.);
#178=ADVANCED_FACE('',(#857),#858,.F.);
#179=ADVANCED_FACE('',(#859),#860,.T.);
#180=ADVANCED_FACE('',(#861),#862,.T.);
#181=ADVANCED_FACE('',(#863),#864,.T.);
#182=ADVANCED_FACE('',(#865),#866,.T.);
#183=ADVANCED_FACE('',(#867),#868,.T.);
#184=ADVANCED_FACE('',(#869),#870,.T.);
#185=ADVANCED_FACE('',(#871),#872,.T.);
#186=ADVANCED_FACE('',(#873),#874,.T.);
#187=ADVANCED_FACE('',(#875),#876,.T.);
#188=ADVANCED_FACE('',(#877),#878,.T.);
#189=ADVANCED_FACE('',(#879),#880,.F.);
#190=ADVANCED_FACE('',(#881),#882,.F.);
#191=ADVANCED_FACE('',(#883),#884,.F.);
#192=ADVANCED_FACE('',(#885),#886,.F.);
#193=ADVANCED_FACE('',(#887),#888,.F.);
#194=ADVANCED_FACE('',(#889),#890,.F.);
#195=ADVANCED_FACE('',(#891),#892,.T.);
#196=ADVANCED_FACE('',(#893),#894,.T.);
#197=ADVANCED_FACE('',(#895),#896,.T.);
#198=ADVANCED_FACE('',(#897),#898,.T.);
#199=ADVANCED_FACE('',(#899),#900,.T.);
#200=ADVANCED_FACE('',(#901),#902,.T.);
#201=ADVANCED_FACE('',(#903),#904,.F.);
#202=ADVANCED_FACE('',(#905),#906,.F.);
#203=ADVANCED_FACE('',(#907),#908,.F.);
#204=ADVANCED_FACE('',(#909),#910,.F.);
#205=ADVANCED_FACE('',(#911),#912,.T.);
#206=ADVANCED_FACE('',(#913),#914,.T.);
#207=ADVANCED_FACE('',(#915),#916,.F.);
#208=ADVANCED_FACE('',(#917),#918,.F.);
#209=ADVANCED_FACE('',(#919),#920,.F.);
#210=ADVANCED_FACE('',(#921),#922,.F.);
#211=ADVANCED_FACE('',(#923),#924,.F.);
#212=ADVANCED_FACE('',(#925),#926,.T.);
#213=ADVANCED_FACE('',(#927),#928,.T.);
#214=ADVANCED_FACE('',(#929),#930,.T.);
#215=ADVANCED_FACE('',(#931),#932,.T.);
#216=ADVANCED_FACE('',(#933),#934,.T.);
#217=ADVANCED_FACE('',(#935),#936,.T.);
#218=ADVANCED_FACE('',(#937,#938),#939,.T.);
#219=ADVANCED_FACE('',(#940,#941),#942,.T.);
#220=ADVANCED_FACE('',(#943,#944),#945,.T.);
#221=ADVANCED_FACE('',(#946,#947),#948,.T.);
#222=ADVANCED_FACE('',(#949,#950),#951,.T.);
#223=ADVANCED_FACE('',(#952,#953),#954,.T.);
#224=ADVANCED_FACE('',(#955,#956),#957,.T.);
#225=ADVANCED_FACE('',(#958,#959),#960,.T.);
#226=ADVANCED_FACE('',(#961,#962),#963,.T.);
#227=ADVANCED_FACE('',(#964,#965),#966,.T.);
#228=ADVANCED_FACE('',(#967,#968),#969,.T.);
#229=ADVANCED_FACE('',(#970,#971),#972,.T.);
#230=ADVANCED_FACE('',(#973),#974,.F.);
#231=ADVANCED_FACE('',(#975,#976,#977,#978,#979,#980,#981,#982,#983,#984,#985,#986,#987),#988,.T.);
#232=ADVANCED_FACE('',(#989),#990,.F.);
#233=ADVANCED_FACE('',(#991),#992,.F.);
#234=ADVANCED_FACE('',(#993),#994,.F.);
#235=ADVANCED_FACE('',(#995),#996,.F.);
#236=ADVANCED_FACE('',(#997),#998,.F.);
#237=ADVANCED_FACE('',(#999),#1000,.F.);
#238=ADVANCED_FACE('',(#1001),#1002,.F.);
#239=ADVANCED_FACE('',(#1003),#1004,.F.);
#240=ADVANCED_FACE('',(#1005),#1006,.F.);
#241=ADVANCED_FACE('',(#1007),#1008,.F.);
#242=ADVANCED_FACE('',(#1009),#1010,.F.);
#243=ADVANCED_FACE('',(#1011),#1012,.F.);
#244=ADVANCED_FACE('',(#1013),#1014,.F.);
#245=ADVANCED_FACE('',(#1015),#1016,.F.);
#246=ADVANCED_FACE('',(#1017),#1018,.F.);
#247=ADVANCED_FACE('',(#1019),#1020,.F.);
#248=ADVANCED_FACE('',(#1021),#1022,.F.);
#249=ADVANCED_FACE('',(#1023),#1024,.F.);
#250=ADVANCED_FACE('',(#1025),#1026,.F.);
#251=ADVANCED_FACE('',(#1027),#1028,.F.);
#252=ADVANCED_FACE('',(#1029),#1030,.F.);
#253=ADVANCED_FACE('',(#1031),#1032,.F.);
#254=ADVANCED_FACE('',(#1033),#1034,.F.);
#255=ADVANCED_FACE('',(#1035),#1036,.F.);
#256=ADVANCED_FACE('',(#1037),#1038,.F.);
#257=ADVANCED_FACE('',(#1039),#1040,.F.);
#258=ADVANCED_FACE('',(#1041),#1042,.F.);
#259=ADVANCED_FACE('',(#1043),#1044,.F.);
#260=ADVANCED_FACE('',(#1045),#1046,.F.);
#261=ADVANCED_FACE('',(#1047),#1048,.F.);
#262=ADVANCED_FACE('',(#1049),#1050,.F.);
#263=ADVANCED_FACE('',(#1051),#1052,.F.);
#264=ADVANCED_FACE('',(#1053),#1054,.F.);
#265=ADVANCED_FACE('',(#1055),#1056,.F.);
#266=ADVANCED_FACE('',(#1057),#1058,.F.);
#267=ADVANCED_FACE('',(#1059),#1060,.F.);
#268=ADVANCED_FACE('',(#1061),#1062,.F.);
#269=ADVANCED_FACE('',(#1063),#1064,.F.);
#270=ADVANCED_FACE('',(#1065),#1066,.F.);
#271=ADVANCED_FACE('',(#1067),#1068,.F.);
#272=ADVANCED_FACE('',(#1069),#1070,.F.);
#273=ADVANCED_FACE('',(#1071),#1072,.F.);
#274=ADVANCED_FACE('',(#1073),#1074,.F.);
#275=ADVANCED_FACE('',(#1075),#1076,.F.);
#276=ADVANCED_FACE('',(#1077),#1078,.F.);
#277=ADVANCED_FACE('',(#1079),#1080,.F.);
#278=ADVANCED_FACE('',(#1081),#1082,.F.);
#279=ADVANCED_FACE('',(#1083),#1084,.F.);
#280=ADVANCED_FACE('',(#1085),#1086,.F.);
#281=ADVANCED_FACE('',(#1087),#1088,.F.);
#282=ADVANCED_FACE('',(#1089),#1090,.F.);
#283=ADVANCED_FACE('',(#1091),#1092,.F.);
#284=ADVANCED_FACE('',(#1093),#1094,.F.);
#285=ADVANCED_FACE('',(#1095),#1096,.F.);
#286=ADVANCED_FACE('',(#1097),#1098,.F.);
#287=ADVANCED_FACE('',(#1099),#1100,.F.);
#288=ADVANCED_FACE('',(#1101),#1102,.F.);
#289=ADVANCED_FACE('',(#1103),#1104,.F.);
#290=ADVANCED_FACE('',(#1105),#1106,.T.);
#291=ADVANCED_FACE('',(#1107),#1108,.T.);
#292=ADVANCED_FACE('',(#1109),#1110,.T.);
#293=ADVANCED_FACE('',(#1111),#1112,.T.);
#294=ADVANCED_FACE('',(#1113),#1114,.T.);
#295=ADVANCED_FACE('',(#1115),#1116,.T.);
#296=ADVANCED_FACE('',(#1117),#1118,.F.);
#297=ADVANCED_FACE('',(#1119),#1120,.F.);
#298=ADVANCED_FACE('',(#1121),#1122,.F.);
#299=ADVANCED_FACE('',(#1123),#1124,.F.);
#300=ADVANCED_FACE('',(#1125),#1126,.F.);
#301=ADVANCED_FACE('',(#1127),#1128,.F.);
#302=ADVANCED_FACE('',(#1129),#1130,.F.);
#303=ADVANCED_FACE('',(#1131),#1132,.T.);
#304=ADVANCED_FACE('',(#1133),#1134,.F.);
#305=ADVANCED_FACE('',(#1135),#1136,.F.);
#306=ADVANCED_FACE('',(#1137),#1138,.F.);
#307=ADVANCED_FACE('',(#1139),#1140,.F.);
#308=ADVANCED_FACE('',(#1141),#1142,.T.);
#309=ADVANCED_FACE('',(#1143),#1144,.T.);
#310=ADVANCED_FACE('',(#1145),#1146,.F.);
#311=ADVANCED_FACE('',(#1147),#1148,.F.);
#312=ADVANCED_FACE('',(#1149),#1150,.F.);
#313=ADVANCED_FACE('',(#1151),#1152,.T.);
#314=ADVANCED_FACE('',(#1153),#1154,.T.);
#315=ADVANCED_FACE('',(#1155),#1156,.T.);
#316=ADVANCED_FACE('',(#1157),#1158,.T.);
#317=ADVANCED_FACE('',(#1159),#1160,.T.);
#318=ADVANCED_FACE('',(#1161),#1162,.T.);
#319=ADVANCED_FACE('',(#1163),#1164,.T.);
#320=ADVANCED_FACE('',(#1165),#1166,.T.);
#321=ADVANCED_FACE('',(#1167),#1168,.T.);
#322=ADVANCED_FACE('',(#1169),#1170,.T.);
#323=ADVANCED_FACE('',(#1171),#1172,.T.);
#324=ADVANCED_FACE('',(#1173),#1174,.T.);
#325=ADVANCED_FACE('',(#1175),#1176,.T.);
#326=ADVANCED_FACE('',(#1177),#1178,.T.);
#327=ADVANCED_FACE('',(#1179),#1180,.T.);
#328=ADVANCED_FACE('',(#1181),#1182,.F.);
#329=ADVANCED_FACE('',(#1183),#1184,.F.);
#330=ADVANCED_FACE('',(#1185),#1186,.F.);
#331=ADVANCED_FACE('',(#1187),#1188,.F.);
#332=ADVANCED_FACE('',(#1189),#1190,.T.);
#333=ADVANCED_FACE('',(#1191),#1192,.T.);
#334=ADVANCED_FACE('',(#1193),#1194,.F.);
#335=ADVANCED_FACE('',(#1195),#1196,.F.);
#336=ADVANCED_FACE('',(#1197),#1198,.F.);
#337=ADVANCED_FACE('',(#1199),#1200,.F.);
#338=ADVANCED_FACE('',(#1201),#1202,.T.);
#339=ADVANCED_FACE('',(#1203),#1204,.T.);
#340=ADVANCED_FACE('',(#1205),#1206,.T.);
#341=ADVANCED_FACE('',(#1207),#1208,.T.);
#342=ADVANCED_FACE('',(#1209),#1210,.T.);
#343=ADVANCED_FACE('',(#1211),#1212,.T.);
#344=ADVANCED_FACE('',(#1213),#1214,.T.);
#345=ADVANCED_FACE('',(#1215),#1216,.F.);
#346=ADVANCED_FACE('',(#1217),#1218,.F.);
#347=ADVANCED_FACE('',(#1219),#1220,.F.);
#348=ADVANCED_FACE('',(#1221),#1222,.T.);
#349=ADVANCED_FACE('',(#1223),#1224,.F.);
#350=ADVANCED_FACE('',(#1225),#1226,.F.);
#351=ADVANCED_FACE('',(#1227),#1228,.F.);
#352=ADVANCED_FACE('',(#1229),#1230,.F.);
#353=ADVANCED_FACE('',(#1231),#1232,.F.);
#354=ADVANCED_FACE('',(#1233),#1234,.T.);
#355=ADVANCED_FACE('',(#1235),#1236,.T.);
#356=ADVANCED_FACE('',(#1237),#1238,.T.);
#357=ADVANCED_FACE('',(#1239),#1240,.T.);
#358=ADVANCED_FACE('',(#1241),#1242,.T.);
#359=ADVANCED_FACE('',(#1243),#1244,.T.);
#360=ADVANCED_FACE('',(#1245),#1246,.T.);
#361=ADVANCED_FACE('',(#1247),#1248,.T.);
#362=ADVANCED_FACE('',(#1249),#1250,.T.);
#363=ADVANCED_FACE('',(#1251),#1252,.T.);
#364=ADVANCED_FACE('',(#1253),#1254,.T.);
#365=ADVANCED_FACE('',(#1255),#1256,.T.);
#366=ADVANCED_FACE('',(#1257),#1258,.T.);
#367=ADVANCED_FACE('',(#1259),#1260,.T.);
#368=ADVANCED_FACE('',(#1261),#1262,.T.);
#369=ADVANCED_FACE('',(#1263),#1264,.T.);
#370=ADVANCED_FACE('',(#1265),#1266,.T.);
#371=ADVANCED_FACE('',(#1267),#1268,.T.);
#372=ADVANCED_FACE('',(#1269),#1270,.T.);
#373=ADVANCED_FACE('',(#1271),#1272,.T.);
#374=ADVANCED_FACE('',(#1273),#1274,.T.);
#375=ADVANCED_FACE('',(#1275),#1276,.T.);
#376=ADVANCED_FACE('',(#1277),#1278,.F.);
#377=ADVANCED_FACE('',(#1279),#1280,.F.);
#378=ADVANCED_FACE('',(#1281),#1282,.F.);
#379=ADVANCED_FACE('',(#1283),#1284,.F.);
#380=ADVANCED_FACE('',(#1285),#1286,.T.);
#381=ADVANCED_FACE('',(#1287),#1288,.T.);
#382=ADVANCED_FACE('',(#1289),#1290,.T.);
#383=ADVANCED_FACE('',(#1291),#1292,.T.);
#384=ADVANCED_FACE('',(#1293),#1294,.T.);
#385=ADVANCED_FACE('',(#1295),#1296,.T.);
#386=ADVANCED_FACE('',(#1297),#1298,.F.);
#387=ADVANCED_FACE('',(#1299),#1300,.F.);
#388=ADVANCED_FACE('',(#1301),#1302,.F.);
#389=ADVANCED_FACE('',(#1303),#1304,.F.);
#390=ADVANCED_FACE('',(#1305),#1306,.F.);
#391=ADVANCED_FACE('',(#1307),#1308,.F.);
#392=ADVANCED_FACE('',(#1309),#1310,.F.);
#393=ADVANCED_FACE('',(#1311),#1312,.T.);
#394=ADVANCED_FACE('',(#1313),#1314,.T.);
#395=ADVANCED_FACE('',(#1315),#1316,.T.);
#396=ADVANCED_FACE('',(#1317),#1318,.T.);
#397=ADVANCED_FACE('',(#1319),#1320,.T.);
#398=ADVANCED_FACE('',(#1321),#1322,.T.);
#399=ADVANCED_FACE('',(#1323),#1324,.T.);
#400=ADVANCED_FACE('',(#1325),#1326,.F.);
#401=ADVANCED_FACE('',(#1327),#1328,.F.);
#402=ADVANCED_FACE('',(#1329),#1330,.F.);
#403=ADVANCED_FACE('',(#1331),#1332,.F.);
#404=ADVANCED_FACE('',(#1333),#1334,.F.);
#405=ADVANCED_FACE('',(#1335),#1336,.T.);
#406=ADVANCED_FACE('',(#1337),#1338,.T.);
#407=ADVANCED_FACE('',(#1339),#1340,.T.);
#408=ADVANCED_FACE('',(#1341),#1342,.T.);
#409=ADVANCED_FACE('',(#1343),#1344,.T.);
#410=ADVANCED_FACE('',(#1345),#1346,.T.);
#411=ADVANCED_FACE('',(#1347),#1348,.T.);
#412=ADVANCED_FACE('',(#1349),#1350,.T.);
#413=ADVANCED_FACE('',(#1351),#1352,.T.);
#414=ADVANCED_FACE('',(#1353),#1354,.T.);
#415=ADVANCED_FACE('',(#1355),#1356,.T.);
#416=ADVANCED_FACE('',(#1357),#1358,.T.);
#417=ADVANCED_FACE('',(#1359),#1360,.T.);
#418=ADVANCED_FACE('',(#1361),#1362,.T.);
#419=ADVANCED_FACE('',(#1363),#1364,.T.);
#420=ADVANCED_FACE('',(#1365),#1366,.T.);
#421=ADVANCED_FACE('',(#1367),#1368,.T.);
#422=ADVANCED_FACE('',(#1369),#1370,.T.);
#423=ADVANCED_FACE('',(#1371),#1372,.T.);
#424=ADVANCED_FACE('',(#1373),#1374,.T.);
#425=ADVANCED_FACE('',(#1375),#1376,.T.);
#426=ADVANCED_FACE('',(#1377),#1378,.T.);
#427=ADVANCED_FACE('',(#1379),#1380,.T.);
#428=ADVANCED_FACE('',(#1381),#1382,.T.);
#429=ADVANCED_FACE('',(#1383),#1384,.T.);
#430=ADVANCED_FACE('',(#1385),#1386,.T.);
#431=ADVANCED_FACE('',(#1387),#1388,.T.);
#432=ADVANCED_FACE('',(#1389),#1390,.T.);
#433=ADVANCED_FACE('',(#1391),#1392,.T.);
#434=ADVANCED_FACE('',(#1393),#1394,.T.);
#435=ADVANCED_FACE('',(#1395),#1396,.F.);
#436=ADVANCED_FACE('',(#1397),#1398,.F.);
#437=ADVANCED_FACE('',(#1399),#1400,.F.);
#438=ADVANCED_FACE('',(#1401),#1402,.F.);
#439=ADVANCED_FACE('',(#1403),#1404,.T.);
#440=ADVANCED_FACE('',(#1405),#1406,.T.);
#441=ADVANCED_FACE('',(#1407),#1408,.F.);
#442=ADVANCED_FACE('',(#1409),#1410,.F.);
#443=ADVANCED_FACE('',(#1411),#1412,.F.);
#444=ADVANCED_FACE('',(#1413),#1414,.F.);
#445=ADVANCED_FACE('',(#1415),#1416,.F.);
#446=ADVANCED_FACE('',(#1417),#1418,.T.);
#447=ADVANCED_FACE('',(#1419),#1420,.T.);
#448=ADVANCED_FACE('',(#1421),#1422,.T.);
#449=ADVANCED_FACE('',(#1423),#1424,.T.);
#450=ADVANCED_FACE('',(#1425),#1426,.T.);
#451=ADVANCED_FACE('',(#1427),#1428,.T.);
#452=ADVANCED_FACE('',(#1429),#1430,.T.);
#453=ADVANCED_FACE('',(#1431),#1432,.T.);
#454=ADVANCED_FACE('',(#1433),#1434,.T.);
#455=ADVANCED_FACE('',(#1435),#1436,.T.);
#456=ADVANCED_FACE('',(#1437),#1438,.T.);
#457=ADVANCED_FACE('',(#1439),#1440,.F.);
#458=ADVANCED_FACE('',(#1441),#1442,.F.);
#459=ADVANCED_FACE('',(#1443),#1444,.F.);
#460=ADVANCED_FACE('',(#1445),#1446,.F.);
#461=ADVANCED_FACE('',(#1447),#1448,.F.);
#462=ADVANCED_FACE('',(#1449),#1450,.F.);
#463=ADVANCED_FACE('',(#1451),#1452,.F.);
#464=ADVANCED_FACE('',(#1453),#1454,.T.);
#465=ADVANCED_FACE('',(#1455),#1456,.T.);
#466=ADVANCED_FACE('',(#1457),#1458,.T.);
#467=ADVANCED_FACE('',(#1459),#1460,.T.);
#468=ADVANCED_FACE('',(#1461),#1462,.T.);
#469=ADVANCED_FACE('',(#1463),#1464,.T.);
#470=ADVANCED_FACE('',(#1465),#1466,.T.);
#471=ADVANCED_FACE('',(#1467),#1468,.T.);
#472=ADVANCED_FACE('',(#1469),#1470,.T.);
#473=ADVANCED_FACE('',(#1471),#1472,.T.);
#474=ADVANCED_FACE('',(#1473),#1474,.T.);
#475=ADVANCED_FACE('',(#1475),#1476,.T.);
#476=ADVANCED_FACE('',(#1477),#1478,.T.);
#477=ADVANCED_FACE('',(#1479),#1480,.T.);
#478=ADVANCED_FACE('',(#1481),#1482,.T.);
#479=ADVANCED_FACE('',(#1483),#1484,.T.);
#480=ADVANCED_FACE('',(#1485),#1486,.T.);
#481=ADVANCED_FACE('',(#1487),#1488,.T.);
#482=ADVANCED_FACE('',(#1489),#1490,.T.);
#483=ADVANCED_FACE('',(#1491),#1492,.T.);
#484=ADVANCED_FACE('',(#1493),#1494,.T.);
#485=ADVANCED_FACE('',(#1495),#1496,.T.);
#486=ADVANCED_FACE('',(#1497),#1498,.T.);
#487=ADVANCED_FACE('',(#1499),#1500,.T.);
#488=ADVANCED_FACE('',(#1501),#1502,.T.);
#489=ADVANCED_FACE('',(#1503),#1504,.T.);
#490=ADVANCED_FACE('',(#1505),#1506,.T.);
#491=ADVANCED_FACE('',(#1507),#1508,.T.);
#492=ADVANCED_FACE('',(#1509),#1510,.F.);
#493=ADVANCED_FACE('',(#1511),#1512,.F.);
#494=ADVANCED_FACE('',(#1513),#1514,.T.);
#495=ADVANCED_FACE('',(#1515),#1516,.F.);
#496=ADVANCED_FACE('',(#1517),#1518,.F.);
#497=ADVANCED_FACE('',(#1519),#1520,.F.);
#498=ADVANCED_FACE('',(#1521),#1522,.F.);
#499=ADVANCED_FACE('',(#1523),#1524,.F.);
#500=ADVANCED_FACE('',(#1525),#1526,.T.);
#501=ADVANCED_FACE('',(#1527),#1528,.T.);
#502=ADVANCED_FACE('',(#1529),#1530,.T.);
#503=ADVANCED_FACE('',(#1531),#1532,.T.);
#504=ADVANCED_FACE('',(#1533),#1534,.T.);
#505=ADVANCED_FACE('',(#1535),#1536,.T.);
#506=ADVANCED_FACE('',(#1537),#1538,.T.);
#507=ADVANCED_FACE('',(#1539),#1540,.T.);
#508=ADVANCED_FACE('',(#1541),#1542,.T.);
#509=ADVANCED_FACE('',(#1543),#1544,.T.);
#510=ADVANCED_FACE('',(#1545),#1546,.T.);
#511=ADVANCED_FACE('',(#1547),#1548,.T.);
#512=ADVANCED_FACE('',(#1549),#1550,.T.);
#513=ADVANCED_FACE('',(#1551),#1552,.T.);
#514=ADVANCED_FACE('',(#1553),#1554,.T.);
#515=ADVANCED_FACE('',(#1555),#1556,.T.);
#516=ADVANCED_FACE('',(#1557),#1558,.T.);
#517=ADVANCED_FACE('',(#1559),#1560,.T.);
#518=ADVANCED_FACE('',(#1561),#1562,.T.);
#519=ADVANCED_FACE('',(#1563),#1564,.T.);
#520=ADVANCED_FACE('',(#1565),#1566,.T.);
#521=ADVANCED_FACE('',(#1567),#1568,.T.);
#522=ADVANCED_FACE('',(#1569),#1570,.T.);
#523=ADVANCED_FACE('',(#1571),#1572,.T.);
#524=ADVANCED_FACE('',(#1573),#1574,.T.);
#525=ADVANCED_FACE('',(#1575),#1576,.T.);
#526=ADVANCED_FACE('',(#1577),#1578,.T.);
#527=ADVANCED_FACE('',(#1579),#1580,.T.);
#528=ADVANCED_FACE('',(#1581),#1582,.T.);
#529=ADVANCED_FACE('',(#1583),#1584,.T.);
#530=ADVANCED_FACE('',(#1585),#1586,.T.);
#531=ADVANCED_FACE('',(#1587),#1588,.T.);
#532=ADVANCED_FACE('',(#1589),#1590,.T.);
#533=ADVANCED_FACE('',(#1591),#1592,.T.);
#534=ADVANCED_FACE('',(#1593),#1594,.T.);
#535=ADVANCED_FACE('',(#1595),#1596,.T.);
#536=ADVANCED_FACE('',(#1597),#1598,.T.);
#537=ADVANCED_FACE('',(#1599),#1600,.T.);
#538=ADVANCED_FACE('',(#1601),#1602,.T.);
#539=ADVANCED_FACE('',(#1603),#1604,.T.);
#540=ADVANCED_FACE('',(#1605),#1606,.T.);
#541=ADVANCED_FACE('',(#1607),#1608,.T.);
#542=ADVANCED_FACE('',(#1609),#1610,.T.);
#543=ADVANCED_FACE('',(#1611),#1612,.T.);
#544=ADVANCED_FACE('',(#1613),#1614,.T.);
#545=ADVANCED_FACE('',(#1615),#1616,.T.);
#546=ADVANCED_FACE('',(#1617),#1618,.T.);
#547=ADVANCED_FACE('',(#1619),#1620,.T.);
#548=ADVANCED_FACE('',(#1621),#1622,.T.);
#549=ADVANCED_FACE('',(#1623),#1624,.T.);
#550=ADVANCED_FACE('',(#1625),#1626,.T.);
#551=ADVANCED_FACE('',(#1627),#1628,.T.);
#552=ADVANCED_FACE('',(#1629),#1630,.T.);
#553=ADVANCED_FACE('',(#1631),#1632,.F.);
#554=ADVANCED_FACE('',(#1633),#1634,.T.);
#555=ADVANCED_FACE('',(#1635),#1636,.T.);
#556=ADVANCED_FACE('',(#1637),#1638,.F.);
#557=ADVANCED_FACE('',(#1639),#1640,.T.);
#558=ADVANCED_FACE('',(#1641),#1642,.T.);
#559=ADVANCED_FACE('',(#1643),#1644,.T.);
#560=ADVANCED_FACE('',(#1645),#1646,.T.);
#561=ADVANCED_FACE('',(#1647),#1648,.F.);
#562=ADVANCED_FACE('',(#1649),#1650,.T.);
#563=ADVANCED_FACE('',(#1651),#1652,.T.);
#564=ADVANCED_FACE('',(#1653),#1654,.F.);
#565=ADVANCED_FACE('',(#1655),#1656,.F.);
#566=ADVANCED_FACE('',(#1657),#1658,.T.);
#567=ADVANCED_FACE('',(#1659),#1660,.T.);
#568=ADVANCED_FACE('',(#1661),#1662,.T.);
#569=ADVANCED_FACE('',(#1663),#1664,.T.);
#570=ADVANCED_FACE('',(#1665),#1666,.T.);
#571=ADVANCED_FACE('',(#1667),#1668,.T.);
#572=ADVANCED_FACE('',(#1669),#1670,.T.);
#573=ADVANCED_FACE('',(#1671),#1672,.T.);
#574=ADVANCED_FACE('',(#1673),#1674,.T.);
#575=ADVANCED_FACE('',(#1675),#1676,.F.);
#576=ADVANCED_FACE('',(#1677),#1678,.F.);
#577=ADVANCED_FACE('',(#1679),#1680,.F.);
#578=ADVANCED_FACE('',(#1681),#1682,.T.);
#579=ADVANCED_FACE('',(#1683),#1684,.F.);
#580=ADVANCED_FACE('',(#1685),#1686,.F.);
#581=ADVANCED_FACE('',(#1687),#1688,.T.);
#582=ADVANCED_FACE('',(#1689),#1690,.T.);
#583=ADVANCED_FACE('',(#1691),#1692,.F.);
#584=ADVANCED_FACE('',(#1693),#1694,.F.);
#585=ADVANCED_FACE('',(#1695),#1696,.F.);
#586=ADVANCED_FACE('',(#1697),#1698,.F.);
#587=ADVANCED_FACE('',(#1699),#1700,.F.);
#588=ADVANCED_FACE('',(#1701),#1702,.F.);
#589=ADVANCED_FACE('',(#1703),#1704,.F.);
#590=ADVANCED_FACE('',(#1705),#1706,.F.);
#591=ADVANCED_FACE('',(#1707),#1708,.F.);
#592=ADVANCED_FACE('',(#1709),#1710,.T.);
#593=ADVANCED_FACE('',(#1711),#1712,.F.);
#594=ADVANCED_FACE('',(#1713),#1714,.F.);
#595=ADVANCED_FACE('',(#1715),#1716,.F.);
#596=ADVANCED_FACE('',(#1717),#1718,.F.);
#597=ADVANCED_FACE('',(#1719),#1720,.F.);
#598=ADVANCED_FACE('',(#1721),#1722,.F.);
#599=ADVANCED_FACE('',(#1723),#1724,.F.);
#600=ADVANCED_FACE('',(#1725),#1726,.F.);
#601=COMPOSITE_CURVE_SEGMENT(.CONTINUOUS.,.T.,#1727);
#602=COMPOSITE_CURVE_SEGMENT(.CONTINUOUS.,.T.,#1728);
#603=COMPOSITE_CURVE_SEGMENT(.CONTINUOUS.,.T.,#1729);
#604=COMPOSITE_CURVE_SEGMENT(.CONTINUOUS.,.T.,#1730);
#605=COMPOSITE_CURVE_SEGMENT(.CONTINUOUS.,.T.,#1731);
#606=COMPOSITE_CURVE_SEGMENT(.CONTINUOUS.,.T.,#1732);
#607=COMPOSITE_CURVE_SEGMENT(.CONTINUOUS.,.T.,#1733);
#608=COMPOSITE_CURVE_SEGMENT(.CONTINUOUS.,.T.,#1734);
#609=COMPOSITE_CURVE_SEGMENT(.CONTINUOUS.,.T.,#1735);
#610=COMPOSITE_CURVE_SEGMENT(.CONTINUOUS.,.T.,#1736);
#611=COMPOSITE_CURVE_SEGMENT(.CONTINUOUS.,.T.,#1737);
#612=COMPOSITE_CURVE_SEGMENT(.CONTINUOUS.,.T.,#1738);
#613=COMPOSITE_CURVE_SEGMENT(.CONTINUOUS.,.T.,#1739);
#614=COMPOSITE_CURVE_SEGMENT(.CONTINUOUS.,.T.,#1740);
#615=COMPOSITE_CURVE_SEGMENT(.CONTINUOUS.,.T.,#1741);
#616=COMPOSITE_CURVE_SEGMENT(.CONTINUOUS.,.T.,#1742);
#617=COMPOSITE_CURVE_SEGMENT(.CONTINUOUS.,.T.,#1743);
#618=COMPOSITE_CURVE_SEGMENT(.CONTINUOUS.,.T.,#1744);
#619=COMPOSITE_CURVE_SEGMENT(.CONTINUOUS.,.T.,#1745);
#620=COMPOSITE_CURVE_SEGMENT(.CONTINUOUS.,.T.,#1746);
#621=COMPOSITE_CURVE_SEGMENT(.CONTINUOUS.,.T.,#1747);
#622=COMPOSITE_CURVE_SEGMENT(.CONTINUOUS.,.T.,#1748);
#623=COMPOSITE_CURVE_SEGMENT(.CONTINUOUS.,.T.,#1749);
#624=COMPOSITE_CURVE_SEGMENT(.CONTINUOUS.,.T.,#1750);
#625=COMPOSITE_CURVE_SEGMENT(.CONTINUOUS.,.T.,#1751);
#626=COMPOSITE_CURVE_SEGMENT(.CONTINUOUS.,.T.,#1752);
#627=COMPOSITE_CURVE_SEGMENT(.CONTINUOUS.,.T.,#1753);
#628=COMPOSITE_CURVE_SEGMENT(.CONTINUOUS.,.T.,#1754);
#629=COMPOSITE_CURVE_SEGMENT(.CONTINUOUS.,.T.,#1755);
#630=COMPOSITE_CURVE_SEGMENT(.CONTINUOUS.,.T.,#1756);
#631=COMPOSITE_CURVE_SEGMENT(.CONTINUOUS.,.T.,#1757);
#633=FACE_OUTER_BOUND('',#1758,.T.);
#634=PLANE('',#1759);
#635=FACE_OUTER_BOUND('',#1760,.T.);
#636=PLANE('',#1761);
#637=FACE_OUTER_BOUND('',#1762,.T.);
#638=PLANE('',#1763);
#639=FACE_OUTER_BOUND('',#1764,.T.);
#640=PLANE('',#1765);
#641=FACE_OUTER_BOUND('',#1766,.T.);
#642=PLANE('',#1767);
#643=FACE_OUTER_BOUND('',#1768,.T.);
#644=PLANE('',#1769);
#645=FACE_OUTER_BOUND('',#1770,.T.);
#646=PLANE('',#1771);
#647=FACE_OUTER_BOUND('',#1772,.T.);
#648=PLANE('',#1773);
#649=FACE_OUTER_BOUND('',#1774,.T.);
#650=PLANE('',#1775);
#651=FACE_OUTER_BOUND('',#1776,.T.);
#652=PLANE('',#1777);
#653=FACE_OUTER_BOUND('',#1778,.T.);
#654=PLANE('',#1779);
#655=FACE_OUTER_BOUND('',#1780,.T.);
#656=PLANE('',#1781);
#657=FACE_OUTER_BOUND('',#1782,.T.);
#658=PLANE('',#1783);
#659=FACE_OUTER_BOUND('',#1784,.T.);
#660=PLANE('',#1785);
#661=FACE_OUTER_BOUND('',#1786,.T.);
#662=PLANE('',#1787);
#663=FACE_OUTER_BOUND('',#1788,.T.);
#664=PLANE('',#1789);
#665=FACE_OUTER_BOUND('',#1790,.T.);
#666=FACE_BOUND('',#1791,.T.);
#667=PLANE('',#1792);
#668=FACE_OUTER_BOUND('',#1793,.T.);
#669=PLANE('',#1794);
#670=FACE_OUTER_BOUND('',#1795,.T.);
#671=PLANE('',#1796);
#672=FACE_OUTER_BOUND('',#1797,.T.);
#673=PLANE('',#1798);
#674=FACE_OUTER_BOUND('',#1799,.T.);
#675=PLANE('',#1800);
#676=FACE_OUTER_BOUND('',#1801,.T.);
#677=PLANE('',#1802);
#678=FACE_OUTER_BOUND('',#1803,.T.);
#679=PLANE('',#1804);
#680=FACE_OUTER_BOUND('',#1805,.T.);
#681=PLANE('',#1806);
#682=FACE_OUTER_BOUND('',#1807,.T.);
#683=PLANE('',#1808);
#684=FACE_OUTER_BOUND('',#1809,.T.);
#685=PLANE('',#1810);
#686=FACE_OUTER_BOUND('',#1811,.T.);
#687=PLANE('',#1812);
#688=FACE_OUTER_BOUND('',#1813,.T.);
#689=PLANE('',#1814);
#690=FACE_OUTER_BOUND('',#1815,.T.);
#691=FACE_BOUND('',#1816,.T.);
#692=PLANE('',#1817);
#693=FACE_OUTER_BOUND('',#1818,.T.);
#694=PLANE('',#1819);
#695=FACE_OUTER_BOUND('',#1820,.T.);
#696=CYLINDRICAL_SURFACE('',#1821,0.75);
#697=FACE_OUTER_BOUND('',#1822,.T.);
#698=PLANE('',#1823);
#699=FACE_OUTER_BOUND('',#1824,.T.);
#700=PLANE('',#1825);
#701=FACE_OUTER_BOUND('',#1826,.T.);
#702=PLANE('',#1827);
#703=FACE_OUTER_BOUND('',#1828,.T.);
#704=PLANE('',#1829);
#705=FACE_OUTER_BOUND('',#1830,.T.);
#706=PLANE('',#1831);
#707=FACE_OUTER_BOUND('',#1832,.T.);
#708=PLANE('',#1833);
#709=FACE_OUTER_BOUND('',#1834,.T.);
#710=PLANE('',#1835);
#711=FACE_OUTER_BOUND('',#1836,.T.);
#712=PLANE('',#1837);
#713=FACE_OUTER_BOUND('',#1838,.T.);
#714=PLANE('',#1839);
#715=FACE_OUTER_BOUND('',#1840,.T.);
#716=PLANE('',#1841);
#717=FACE_OUTER_BOUND('',#1842,.T.);
#718=PLANE('',#1843);
#719=FACE_OUTER_BOUND('',#1844,.T.);
#720=PLANE('',#1845);
#721=FACE_OUTER_BOUND('',#1846,.T.);
#722=PLANE('',#1847);
#723=FACE_OUTER_BOUND('',#1848,.T.);
#724=PLANE('',#1849);
#725=FACE_OUTER_BOUND('',#1850,.T.);
#726=PLANE('',#1851);
#727=FACE_OUTER_BOUND('',#1852,.T.);
#728=PLANE('',#1853);
#729=FACE_OUTER_BOUND('',#1854,.T.);
#730=PLANE('',#1855);
#731=FACE_OUTER_BOUND('',#1856,.T.);
#732=PLANE('',#1857);
#733=FACE_OUTER_BOUND('',#1858,.T.);
#734=PLANE('',#1859);
#735=FACE_OUTER_BOUND('',#1860,.T.);
#736=PLANE('',#1861);
#737=FACE_OUTER_BOUND('',#1862,.T.);
#738=PLANE('',#1863);
#739=FACE_OUTER_BOUND('',#1864,.T.);
#740=PLANE('',#1865);
#741=FACE_OUTER_BOUND('',#1866,.T.);
#742=PLANE('',#1867);
#743=FACE_OUTER_BOUND('',#1868,.T.);
#744=PLANE('',#1869);
#745=FACE_OUTER_BOUND('',#1870,.T.);
#746=PLANE('',#1871);
#747=FACE_OUTER_BOUND('',#1872,.T.);
#748=PLANE('',#1873);
#749=FACE_OUTER_BOUND('',#1874,.T.);
#750=PLANE('',#1875);
#751=FACE_OUTER_BOUND('',#1876,.T.);
#752=PLANE('',#1877);
#753=FACE_OUTER_BOUND('',#1878,.T.);
#754=PLANE('',#1879);
#755=FACE_OUTER_BOUND('',#1880,.T.);
#756=PLANE('',#1881);
#757=FACE_OUTER_BOUND('',#1882,.T.);
#758=PLANE('',#1883);
#759=FACE_OUTER_BOUND('',#1884,.T.);
#760=PLANE('',#1885);
#761=FACE_OUTER_BOUND('',#1886,.T.);
#762=PLANE('',#1887);
#763=FACE_OUTER_BOUND('',#1888,.T.);
#764=PLANE('',#1889);
#765=FACE_OUTER_BOUND('',#1890,.T.);
#766=PLANE('',#1891);
#767=FACE_OUTER_BOUND('',#1892,.T.);
#768=PLANE('',#1893);
#769=FACE_OUTER_BOUND('',#1894,.T.);
#770=PLANE('',#1895);
#771=FACE_OUTER_BOUND('',#1896,.T.);
#772=PLANE('',#1897);
#773=FACE_OUTER_BOUND('',#1898,.T.);
#774=PLANE('',#1899);
#775=FACE_OUTER_BOUND('',#1900,.T.);
#776=PLANE('',#1901);
#777=FACE_OUTER_BOUND('',#1902,.T.);
#778=PLANE('',#1903);
#779=FACE_OUTER_BOUND('',#1904,.T.);
#780=PLANE('',#1905);
#781=FACE_OUTER_BOUND('',#1906,.T.);
#782=PLANE('',#1907);
#783=FACE_OUTER_BOUND('',#1908,.T.);
#784=PLANE('',#1909);
#785=FACE_OUTER_BOUND('',#1910,.T.);
#786=PLANE('',#1911);
#787=FACE_OUTER_BOUND('',#1912,.T.);
#788=PLANE('',#1913);
#789=FACE_OUTER_BOUND('',#1914,.T.);
#790=PLANE('',#1915);
#791=FACE_OUTER_BOUND('',#1916,.T.);
#792=PLANE('',#1917);
#793=FACE_OUTER_BOUND('',#1918,.T.);
#794=PLANE('',#1919);
#795=FACE_OUTER_BOUND('',#1920,.T.);
#796=PLANE('',#1921);
#797=FACE_OUTER_BOUND('',#1922,.T.);
#798=PLANE('',#1923);
#799=FACE_OUTER_BOUND('',#1924,.T.);
#800=PLANE('',#1925);
#801=FACE_OUTER_BOUND('',#1926,.T.);
#802=PLANE('',#1927);
#803=FACE_OUTER_BOUND('',#1928,.T.);
#804=PLANE('',#1929);
#805=FACE_OUTER_BOUND('',#1930,.T.);
#806=PLANE('',#1931);
#807=FACE_OUTER_BOUND('',#1932,.T.);
#808=PLANE('',#1933);
#809=FACE_OUTER_BOUND('',#1934,.T.);
#810=PLANE('',#1935);
#811=FACE_OUTER_BOUND('',#1936,.T.);
#812=PLANE('',#1937);
#813=FACE_OUTER_BOUND('',#1938,.T.);
#814=PLANE('',#1939);
#815=FACE_OUTER_BOUND('',#1940,.T.);
#816=PLANE('',#1941);
#817=FACE_OUTER_BOUND('',#1942,.T.);
#818=PLANE('',#1943);
#819=FACE_OUTER_BOUND('',#1944,.T.);
#820=PLANE('',#1945);
#821=FACE_OUTER_BOUND('',#1946,.T.);
#822=PLANE('',#1947);
#823=FACE_OUTER_BOUND('',#1948,.T.);
#824=PLANE('',#1949);
#825=FACE_OUTER_BOUND('',#1950,.T.);
#826=PLANE('',#1951);
#827=FACE_OUTER_BOUND('',#1952,.T.);
#828=PLANE('',#1953);
#829=FACE_OUTER_BOUND('',#1954,.T.);
#830=PLANE('',#1955);
#831=FACE_OUTER_BOUND('',#1956,.T.);
#832=FACE_BOUND('',#1957,.T.);
#833=FACE_BOUND('',#1958,.T.);
#834=PLANE('',#1959);
#835=FACE_OUTER_BOUND('',#1960,.T.);
#836=PLANE('',#1961);
#837=FACE_OUTER_BOUND('',#1962,.T.);
#838=PLANE('',#1963);
#839=FACE_OUTER_BOUND('',#1964,.T.);
#840=PLANE('',#1965);
#841=FACE_OUTER_BOUND('',#1966,.T.);
#842=PLANE('',#1967);
#843=FACE_OUTER_BOUND('',#1968,.T.);
#844=CYLINDRICAL_SURFACE('',#1969,1.0);
#845=FACE_OUTER_BOUND('',#1970,.T.);
#846=PLANE('',#1971);
#847=FACE_OUTER_BOUND('',#1972,.T.);
#848=PLANE('',#1973);
#849=FACE_OUTER_BOUND('',#1974,.T.);
#850=PLANE('',#1975);
#851=FACE_OUTER_BOUND('',#1976,.T.);
#852=PLANE('',#1977);
#853=FACE_OUTER_BOUND('',#1978,.T.);
#854=PLANE('',#1979);
#855=FACE_OUTER_BOUND('',#1980,.T.);
#856=PLANE('',#1981);
#857=FACE_OUTER_BOUND('',#1982,.T.);
#858=PLANE('',#1983);
#859=FACE_OUTER_BOUND('',#1984,.T.);
#860=CONICAL_SURFACE('',#1985,1.024315246462,0.5235987755982);
#861=FACE_OUTER_BOUND('',#1986,.T.);
#862=CYLINDRICAL_SURFACE('',#1987,1.3);
#863=FACE_OUTER_BOUND('',#1988,.T.);
#864=TOROIDAL_SURFACE('',#1989,0.5321241419778,0.25);
#865=FACE_OUTER_BOUND('',#1990,.T.);
#866=PLANE('',#1991);
#867=FACE_OUTER_BOUND('',#1992,.T.);
#868=PLANE('',#1993);
#869=FACE_OUTER_BOUND('',#1994,.T.);
#870=CYLINDRICAL_SURFACE('',#1995,1.0);
#871=FACE_OUTER_BOUND('',#1996,.T.);
#872=PLANE('',#1997);
#873=FACE_OUTER_BOUND('',#1998,.T.);
#874=CYLINDRICAL_SURFACE('',#1999,1.3);
#875=FACE_OUTER_BOUND('',#2000,.T.);
#876=CONICAL_SURFACE('',#2001,1.024315246462,0.5235987755982);
#877=FACE_OUTER_BOUND('',#2002,.T.);
#878=TOROIDAL_SURFACE('',#2003,0.5321241419778,0.25);
#879=FACE_OUTER_BOUND('',#2004,.T.);
#880=PLANE('',#2005);
#881=FACE_OUTER_BOUND('',#2006,.T.);
#882=PLANE('',#2007);
#883=FACE_OUTER_BOUND('',#2008,.T.);
#884=PLANE('',#2009);
#885=FACE_OUTER_BOUND('',#2010,.T.);
#886=PLANE('',#2011);
#887=FACE_OUTER_BOUND('',#2012,.T.);
#888=PLANE('',#2013);
#889=FACE_OUTER_BOUND('',#2014,.T.);
#890=PLANE('',#2015);
#891=FACE_OUTER_BOUND('',#2016,.T.);
#892=PLANE('',#2017);
#893=FACE_OUTER_BOUND('',#2018,.T.);
#894=PLANE('',#2019);
#895=FACE_OUTER_BOUND('',#2020,.T.);
#896=PLANE('',#2021);
#897=FACE_OUTER_BOUND('',#2022,.T.);
#898=PLANE('',#2023);
#899=FACE_OUTER_BOUND('',#2024,.T.);
#900=PLANE('',#2025);
#901=FACE_OUTER_BOUND('',#2026,.T.);
#902=PLANE('',#2027);
#903=FACE_OUTER_BOUND('',#2028,.T.);
#904=PLANE('',#2029);
#905=FACE_OUTER_BOUND('',#2030,.T.);
#906=PLANE('',#2031);
#907=FACE_OUTER_BOUND('',#2032,.T.);
#908=PLANE('',#2033);
#909=FACE_OUTER_BOUND('',#2034,.T.);
#910=PLANE('',#2035);
#911=FACE_OUTER_BOUND('',#2036,.T.);
#912=PLANE('',#2037);
#913=FACE_OUTER_BOUND('',#2038,.T.);
#914=PLANE('',#2039);
#915=FACE_OUTER_BOUND('',#2040,.T.);
#916=PLANE('',#2041);
#917=FACE_OUTER_BOUND('',#2042,.T.);
#918=PLANE('',#2043);
#919=FACE_OUTER_BOUND('',#2044,.T.);
#920=PLANE('',#2045);
#921=FACE_OUTER_BOUND('',#2046,.T.);
#922=PLANE('',#2047);
#923=FACE_OUTER_BOUND('',#2048,.T.);
#924=PLANE('',#2049);
#925=FACE_OUTER_BOUND('',#2050,.T.);
#926=PLANE('',#2051);
#927=FACE_OUTER_BOUND('',#2052,.T.);
#928=PLANE('',#2053);
#929=FACE_OUTER_BOUND('',#2054,.T.);
#930=PLANE('',#2055);
#931=FACE_OUTER_BOUND('',#2056,.T.);
#932=PLANE('',#2057);
#933=FACE_OUTER_BOUND('',#2058,.T.);
#934=PLANE('',#2059);
#935=FACE_OUTER_BOUND('',#2060,.T.);
#936=PLANE('',#2061);
#937=FACE_OUTER_BOUND('',#2062,.T.);
#938=FACE_BOUND('',#2063,.T.);
#939=PLANE('',#2064);
#940=FACE_OUTER_BOUND('',#2065,.T.);
#941=FACE_BOUND('',#2066,.T.);
#942=PLANE('',#2067);
#943=FACE_OUTER_BOUND('',#2068,.T.);
#944=FACE_BOUND('',#2069,.T.);
#945=PLANE('',#2070);
#946=FACE_OUTER_BOUND('',#2071,.T.);
#947=FACE_BOUND('',#2072,.T.);
#948=PLANE('',#2073);
#949=FACE_OUTER_BOUND('',#2074,.T.);
#950=FACE_BOUND('',#2075,.T.);
#951=PLANE('',#2076);
#952=FACE_OUTER_BOUND('',#2077,.T.);
#953=FACE_BOUND('',#2078,.T.);
#954=PLANE('',#2079);
#955=FACE_OUTER_BOUND('',#2080,.T.);
#956=FACE_BOUND('',#2081,.T.);
#957=PLANE('',#2082);
#958=FACE_OUTER_BOUND('',#2083,.T.);
#959=FACE_BOUND('',#2084,.T.);
#960=PLANE('',#2085);
#961=FACE_OUTER_BOUND('',#2086,.T.);
#962=FACE_BOUND('',#2087,.T.);
#963=PLANE('',#2088);
#964=FACE_OUTER_BOUND('',#2089,.T.);
#965=FACE_BOUND('',#2090,.T.);
#966=PLANE('',#2091);
#967=FACE_OUTER_BOUND('',#2092,.T.);
#968=FACE_BOUND('',#2093,.T.);
#969=PLANE('',#2094);
#970=FACE_OUTER_BOUND('',#2095,.T.);
#971=FACE_BOUND('',#2096,.T.);
#972=PLANE('',#2097);
#973=FACE_OUTER_BOUND('',#2098,.T.);
#974=PLANE('',#2099);
#975=FACE_OUTER_BOUND('',#2100,.T.);
#976=FACE_BOUND('',#2101,.T.);
#977=FACE_BOUND('',#2102,.T.);
#978=FACE_BOUND('',#2103,.T.);
#979=FACE_BOUND('',#2104,.T.);
#980=FACE_BOUND('',#2105,.T.);
#981=FACE_BOUND('',#2106,.T.);
#982=FACE_BOUND('',#2107,.T.);
#983=FACE_BOUND('',#2108,.T.);
#984=FACE_BOUND('',#2109,.T.);
#985=FACE_BOUND('',#2110,.T.);
#986=FACE_BOUND('',#2111,.T.);
#987=FACE_BOUND('',#2112,.T.);
#988=PLANE('',#2113);
#989=FACE_OUTER_BOUND('',#2114,.T.);
#990=PLANE('',#2115);
#991=FACE_OUTER_BOUND('',#2116,.T.);
#992=PLANE('',#2117);
#993=FACE_OUTER_BOUND('',#2118,.T.);
#994=PLANE('',#2119);
#995=FACE_OUTER_BOUND('',#2120,.T.);
#996=PLANE('',#2121);
#997=FACE_OUTER_BOUND('',#2122,.T.);
#998=PLANE('',#2123);
#999=FACE_OUTER_BOUND('',#2124,.T.);
#1000=PLANE('',#2125);
#1001=FACE_OUTER_BOUND('',#2126,.T.);
#1002=PLANE('',#2127);
#1003=FACE_OUTER_BOUND('',#2128,.T.);
#1004=PLANE('',#2129);
#1005=FACE_OUTER_BOUND('',#2130,.T.);
#1006=PLANE('',#2131);
#1007=FACE_OUTER_BOUND('',#2132,.T.);
#1008=PLANE('',#2133);
#1009=FACE_OUTER_BOUND('',#2134,.T.);
#1010=PLANE('',#2135);
#1011=FACE_OUTER_BOUND('',#2136,.T.);
#1012=PLANE('',#2137);
#1013=FACE_OUTER_BOUND('',#2138,.T.);
#1014=PLANE('',#2139);
#1015=FACE_OUTER_BOUND('',#2140,.T.);
#1016=PLANE('',#2141);
#1017=FACE_OUTER_BOUND('',#2142,.T.);
#1018=PLANE('',#2143);
#1019=FACE_OUTER_BOUND('',#2144,.T.);
#1020=PLANE('',#2145);
#1021=FACE_OUTER_BOUND('',#2146,.T.);
#1022=PLANE('',#2147);
#1023=FACE_OUTER_BOUND('',#2148,.T.);
#1024=PLANE('',#2149);
#1025=FACE_OUTER_BOUND('',#2150,.T.);
#1026=PLANE('',#2151);
#1027=FACE_OUTER_BOUND('',#2152,.T.);
#1028=PLANE('',#2153);
#1029=FACE_OUTER_BOUND('',#2154,.T.);
#1030=PLANE('',#2155);
#1031=FACE_OUTER_BOUND('',#2156,.T.);
#1032=PLANE('',#2157);
#1033=FACE_OUTER_BOUND('',#2158,.T.);
#1034=PLANE('',#2159);
#1035=FACE_OUTER_BOUND('',#2160,.T.);
#1036=PLANE('',#2161);
#1037=FACE_OUTER_BOUND('',#2162,.T.);
#1038=PLANE('',#2163);
#1039=FACE_OUTER_BOUND('',#2164,.T.);
#1040=PLANE('',#2165);
#1041=FACE_OUTER_BOUND('',#2166,.T.);
#1042=PLANE('',#2167);
#1043=FACE_OUTER_BOUND('',#2168,.T.);
#1044=PLANE('',#2169);
#1045=FACE_OUTER_BOUND('',#2170,.T.);
#1046=PLANE('',#2171);
#1047=FACE_OUTER_BOUND('',#2172,.T.);
#1048=PLANE('',#2173);
#1049=FACE_OUTER_BOUND('',#2174,.T.);
#1050=PLANE('',#2175);
#1051=FACE_OUTER_BOUND('',#2176,.T.);
#1052=PLANE('',#2177);
#1053=FACE_OUTER_BOUND('',#2178,.T.);
#1054=PLANE('',#2179);
#1055=FACE_OUTER_BOUND('',#2180,.T.);
#1056=PLANE('',#2181);
#1057=FACE_OUTER_BOUND('',#2182,.T.);
#1058=PLANE('',#2183);
#1059=FACE_OUTER_BOUND('',#2184,.T.);
#1060=PLANE('',#2185);
#1061=FACE_OUTER_BOUND('',#2186,.T.);
#1062=PLANE('',#2187);
#1063=FACE_OUTER_BOUND('',#2188,.T.);
#1064=PLANE('',#2189);
#1065=FACE_OUTER_BOUND('',#2190,.T.);
#1066=PLANE('',#2191);
#1067=FACE_OUTER_BOUND('',#2192,.T.);
#1068=PLANE('',#2193);
#1069=FACE_OUTER_BOUND('',#2194,.T.);
#1070=PLANE('',#2195);
#1071=FACE_OUTER_BOUND('',#2196,.T.);
#1072=PLANE('',#2197);
#1073=FACE_OUTER_BOUND('',#2198,.T.);
#1074=PLANE('',#2199);
#1075=FACE_OUTER_BOUND('',#2200,.T.);
#1076=PLANE('',#2201);
#1077=FACE_OUTER_BOUND('',#2202,.T.);
#1078=PLANE('',#2203);
#1079=FACE_OUTER_BOUND('',#2204,.T.);
#1080=PLANE('',#2205);
#1081=FACE_OUTER_BOUND('',#2206,.T.);
#1082=PLANE('',#2207);
#1083=FACE_OUTER_BOUND('',#2208,.T.);
#1084=PLANE('',#2209);
#1085=FACE_OUTER_BOUND('',#2210,.T.);
#1086=PLANE('',#2211);
#1087=FACE_OUTER_BOUND('',#2212,.T.);
#1088=PLANE('',#2213);
#1089=FACE_OUTER_BOUND('',#2214,.T.);
#1090=PLANE('',#2215);
#1091=FACE_OUTER_BOUND('',#2216,.T.);
#1092=PLANE('',#2217);
#1093=FACE_OUTER_BOUND('',#2218,.T.);
#1094=PLANE('',#2219);
#1095=FACE_OUTER_BOUND('',#2220,.T.);
#1096=PLANE('',#2221);
#1097=FACE_OUTER_BOUND('',#2222,.T.);
#1098=PLANE('',#2223);
#1099=FACE_OUTER_BOUND('',#2224,.T.);
#1100=PLANE('',#2225);
#1101=FACE_OUTER_BOUND('',#2226,.T.);
#1102=PLANE('',#2227);
#1103=FACE_OUTER_BOUND('',#2228,.T.);
#1104=PLANE('',#2229);
#1105=FACE_OUTER_BOUND('',#2230,.T.);
#1106=PLANE('',#2231);
#1107=FACE_OUTER_BOUND('',#2232,.T.);
#1108=PLANE('',#2233);
#1109=FACE_OUTER_BOUND('',#2234,.T.);
#1110=PLANE('',#2235);
#1111=FACE_OUTER_BOUND('',#2236,.T.);
#1112=PLANE('',#2237);
#1113=FACE_OUTER_BOUND('',#2238,.T.);
#1114=PLANE('',#2239);
#1115=FACE_OUTER_BOUND('',#2240,.T.);
#1116=PLANE('',#2241);
#1117=FACE_OUTER_BOUND('',#2242,.T.);
#1118=PLANE('',#2243);
#1119=FACE_OUTER_BOUND('',#2244,.T.);
#1120=PLANE('',#2245);
#1121=FACE_OUTER_BOUND('',#2246,.T.);
#1122=PLANE('',#2247);
#1123=FACE_OUTER_BOUND('',#2248,.T.);
#1124=PLANE('',#2249);
#1125=FACE_OUTER_BOUND('',#2250,.T.);
#1126=PLANE('',#2251);
#1127=FACE_OUTER_BOUND('',#2252,.T.);
#1128=PLANE('',#2253);
#1129=FACE_OUTER_BOUND('',#2254,.T.);
#1130=PLANE('',#2255);
#1131=FACE_OUTER_BOUND('',#2256,.T.);
#1132=PLANE('',#2257);
#1133=FACE_OUTER_BOUND('',#2258,.T.);
#1134=PLANE('',#2259);
#1135=FACE_OUTER_BOUND('',#2260,.T.);
#1136=PLANE('',#2261);
#1137=FACE_OUTER_BOUND('',#2262,.T.);
#1138=PLANE('',#2263);
#1139=FACE_OUTER_BOUND('',#2264,.T.);
#1140=PLANE('',#2265);
#1141=FACE_OUTER_BOUND('',#2266,.T.);
#1142=PLANE('',#2267);
#1143=FACE_OUTER_BOUND('',#2268,.T.);
#1144=PLANE('',#2269);
#1145=FACE_OUTER_BOUND('',#2270,.T.);
#1146=PLANE('',#2271);
#1147=FACE_OUTER_BOUND('',#2272,.T.);
#1148=PLANE('',#2273);
#1149=FACE_OUTER_BOUND('',#2274,.T.);
#1150=PLANE('',#2275);
#1151=FACE_OUTER_BOUND('',#2276,.T.);
#1152=PLANE('',#2277);
#1153=FACE_OUTER_BOUND('',#2278,.T.);
#1154=PLANE('',#2279);
#1155=FACE_OUTER_BOUND('',#2280,.T.);
#1156=PLANE('',#2281);
#1157=FACE_OUTER_BOUND('',#2282,.T.);
#1158=PLANE('',#2283);
#1159=FACE_OUTER_BOUND('',#2284,.T.);
#1160=PLANE('',#2285);
#1161=FACE_OUTER_BOUND('',#2286,.T.);
#1162=PLANE('',#2287);
#1163=FACE_OUTER_BOUND('',#2288,.T.);
#1164=PLANE('',#2289);
#1165=FACE_OUTER_BOUND('',#2290,.T.);
#1166=PLANE('',#2291);
#1167=FACE_OUTER_BOUND('',#2292,.T.);
#1168=PLANE('',#2293);
#1169=FACE_OUTER_BOUND('',#2294,.T.);
#1170=PLANE('',#2295);
#1171=FACE_OUTER_BOUND('',#2296,.T.);
#1172=PLANE('',#2297);
#1173=FACE_OUTER_BOUND('',#2298,.T.);
#1174=PLANE('',#2299);
#1175=FACE_OUTER_BOUND('',#2300,.T.);
#1176=PLANE('',#2301);
#1177=FACE_OUTER_BOUND('',#2302,.T.);
#1178=PLANE('',#2303);
#1179=FACE_OUTER_BOUND('',#2304,.T.);
#1180=PLANE('',#2305);
#1181=FACE_OUTER_BOUND('',#2306,.T.);
#1182=PLANE('',#2307);
#1183=FACE_OUTER_BOUND('',#2308,.T.);
#1184=PLANE('',#2309);
#1185=FACE_OUTER_BOUND('',#2310,.T.);
#1186=PLANE('',#2311);
#1187=FACE_OUTER_BOUND('',#2312,.T.);
#1188=PLANE('',#2313);
#1189=FACE_OUTER_BOUND('',#2314,.T.);
#1190=PLANE('',#2315);
#1191=FACE_OUTER_BOUND('',#2316,.T.);
#1192=PLANE('',#2317);
#1193=FACE_OUTER_BOUND('',#2318,.T.);
#1194=PLANE('',#2319);
#1195=FACE_OUTER_BOUND('',#2320,.T.);
#1196=PLANE('',#2321);
#1197=FACE_OUTER_BOUND('',#2322,.T.);
#1198=PLANE('',#2323);
#1199=FACE_OUTER_BOUND('',#2324,.T.);
#1200=PLANE('',#2325);
#1201=FACE_OUTER_BOUND('',#2326,.T.);
#1202=PLANE('',#2327);
#1203=FACE_OUTER_BOUND('',#2328,.T.);
#1204=PLANE('',#2329);
#1205=FACE_OUTER_BOUND('',#2330,.T.);
#1206=PLANE('',#2331);
#1207=FACE_OUTER_BOUND('',#2332,.T.);
#1208=PLANE('',#2333);
#1209=FACE_OUTER_BOUND('',#2334,.T.);
#1210=PLANE('',#2335);
#1211=FACE_OUTER_BOUND('',#2336,.T.);
#1212=PLANE('',#2337);
#1213=FACE_OUTER_BOUND('',#2338,.T.);
#1214=PLANE('',#2339);
#1215=FACE_OUTER_BOUND('',#2340,.T.);
#1216=PLANE('',#2341);
#1217=FACE_OUTER_BOUND('',#2342,.T.);
#1218=PLANE('',#2343);
#1219=FACE_OUTER_BOUND('',#2344,.T.);
#1220=PLANE('',#2345);
#1221=FACE_OUTER_BOUND('',#2346,.T.);
#1222=PLANE('',#2347);
#1223=FACE_OUTER_BOUND('',#2348,.T.);
#1224=PLANE('',#2349);
#1225=FACE_OUTER_BOUND('',#2350,.T.);
#1226=PLANE('',#2351);
#1227=FACE_OUTER_BOUND('',#2352,.T.);
#1228=PLANE('',#2353);
#1229=FACE_OUTER_BOUND('',#2354,.T.);
#1230=PLANE('',#2355);
#1231=FACE_OUTER_BOUND('',#2356,.T.);
#1232=PLANE('',#2357);
#1233=FACE_OUTER_BOUND('',#2358,.T.);
#1234=PLANE('',#2359);
#1235=FACE_OUTER_BOUND('',#2360,.T.);
#1236=PLANE('',#2361);
#1237=FACE_OUTER_BOUND('',#2362,.T.);
#1238=PLANE('',#2363);
#1239=FACE_OUTER_BOUND('',#2364,.T.);
#1240=PLANE('',#2365);
#1241=FACE_OUTER_BOUND('',#2366,.T.);
#1242=PLANE('',#2367);
#1243=FACE_OUTER_BOUND('',#2368,.T.);
#1244=PLANE('',#2369);
#1245=FACE_OUTER_BOUND('',#2370,.T.);
#1246=PLANE('',#2371);
#1247=FACE_OUTER_BOUND('',#2372,.T.);
#1248=PLANE('',#2373);
#1249=FACE_OUTER_BOUND('',#2374,.T.);
#1250=PLANE('',#2375);
#1251=FACE_OUTER_BOUND('',#2376,.T.);
#1252=PLANE('',#2377);
#1253=FACE_OUTER_BOUND('',#2378,.T.);
#1254=PLANE('',#2379);
#1255=FACE_OUTER_BOUND('',#2380,.T.);
#1256=PLANE('',#2381);
#1257=FACE_OUTER_BOUND('',#2382,.T.);
#1258=PLANE('',#2383);
#1259=FACE_OUTER_BOUND('',#2384,.T.);
#1260=PLANE('',#2385);
#1261=FACE_OUTER_BOUND('',#2386,.T.);
#1262=PLANE('',#2387);
#1263=FACE_OUTER_BOUND('',#2388,.T.);
#1264=PLANE('',#2389);
#1265=FACE_OUTER_BOUND('',#2390,.T.);
#1266=PLANE('',#2391);
#1267=FACE_OUTER_BOUND('',#2392,.T.);
#1268=PLANE('',#2393);
#1269=FACE_OUTER_BOUND('',#2394,.T.);
#1270=PLANE('',#2395);
#1271=FACE_OUTER_BOUND('',#2396,.T.);
#1272=PLANE('',#2397);
#1273=FACE_OUTER_BOUND('',#2398,.T.);
#1274=PLANE('',#2399);
#1275=FACE_OUTER_BOUND('',#2400,.T.);
#1276=PLANE('',#2401);
#1277=FACE_OUTER_BOUND('',#2402,.T.);
#1278=PLANE('',#2403);
#1279=FACE_OUTER_BOUND('',#2404,.T.);
#1280=PLANE('',#2405);
#1281=FACE_OUTER_BOUND('',#2406,.T.);
#1282=PLANE('',#2407);
#1283=FACE_OUTER_BOUND('',#2408,.T.);
#1284=PLANE('',#2409);
#1285=FACE_OUTER_BOUND('',#2410,.T.);
#1286=PLANE('',#2411);
#1287=FACE_OUTER_BOUND('',#2412,.T.);
#1288=PLANE('',#2413);
#1289=FACE_OUTER_BOUND('',#2414,.T.);
#1290=PLANE('',#2415);
#1291=FACE_OUTER_BOUND('',#2416,.T.);
#1292=PLANE('',#2417);
#1293=FACE_OUTER_BOUND('',#2418,.T.);
#1294=PLANE('',#2419);
#1295=FACE_OUTER_BOUND('',#2420,.T.);
#1296=PLANE('',#2421);
#1297=FACE_OUTER_BOUND('',#2422,.T.);
#1298=PLANE('',#2423);
#1299=FACE_OUTER_BOUND('',#2424,.T.);
#1300=PLANE('',#2425);
#1301=FACE_OUTER_BOUND('',#2426,.T.);
#1302=PLANE('',#2427);
#1303=FACE_OUTER_BOUND('',#2428,.T.);
#1304=PLANE('',#2429);
#1305=FACE_OUTER_BOUND('',#2430,.T.);
#1306=PLANE('',#2431);
#1307=FACE_OUTER_BOUND('',#2432,.T.);
#1308=PLANE('',#2433);
#1309=FACE_OUTER_BOUND('',#2434,.T.);
#1310=PLANE('',#2435);
#1311=FACE_OUTER_BOUND('',#2436,.T.);
#1312=PLANE('',#2437);
#1313=FACE_OUTER_BOUND('',#2438,.T.);
#1314=PLANE('',#2439);
#1315=FACE_OUTER_BOUND('',#2440,.T.);
#1316=PLANE('',#2441);
#1317=FACE_OUTER_BOUND('',#2442,.T.);
#1318=PLANE('',#2443);
#1319=FACE_OUTER_BOUND('',#2444,.T.);
#1320=PLANE('',#2445);
#1321=FACE_OUTER_BOUND('',#2446,.T.);
#1322=PLANE('',#2447);
#1323=FACE_OUTER_BOUND('',#2448,.T.);
#1324=PLANE('',#2449);
#1325=FACE_OUTER_BOUND('',#2450,.T.);
#1326=PLANE('',#2451);
#1327=FACE_OUTER_BOUND('',#2452,.T.);
#1328=PLANE('',#2453);
#1329=FACE_OUTER_BOUND('',#2454,.T.);
#1330=PLANE('',#2455);
#1331=FACE_OUTER_BOUND('',#2456,.T.);
#1332=PLANE('',#2457);
#1333=FACE_OUTER_BOUND('',#2458,.T.);
#1334=PLANE('',#2459);
#1335=FACE_OUTER_BOUND('',#2460,.T.);
#1336=PLANE('',#2461);
#1337=FACE_OUTER_BOUND('',#2462,.T.);
#1338=PLANE('',#2463);
#1339=FACE_OUTER_BOUND('',#2464,.T.);
#1340=PLANE('',#2465);
#1341=FACE_OUTER_BOUND('',#2466,.T.);
#1342=PLANE('',#2467);
#1343=FACE_OUTER_BOUND('',#2468,.T.);
#1344=PLANE('',#2469);
#1345=FACE_OUTER_BOUND('',#2470,.T.);
#1346=PLANE('',#2471);
#1347=FACE_OUTER_BOUND('',#2472,.T.);
#1348=PLANE('',#2473);
#1349=FACE_OUTER_BOUND('',#2474,.T.);
#1350=PLANE('',#2475);
#1351=FACE_OUTER_BOUND('',#2476,.T.);
#1352=PLANE('',#2477);
#1353=FACE_OUTER_BOUND('',#2478,.T.);
#1354=PLANE('',#2479);
#1355=FACE_OUTER_BOUND('',#2480,.T.);
#1356=PLANE('',#2481);
#1357=FACE_OUTER_BOUND('',#2482,.T.);
#1358=PLANE('',#2483);
#1359=FACE_OUTER_BOUND('',#2484,.T.);
#1360=PLANE('',#2485);
#1361=FACE_OUTER_BOUND('',#2486,.T.);
#1362=PLANE('',#2487);
#1363=FACE_OUTER_BOUND('',#2488,.T.);
#1364=PLANE('',#2489);
#1365=FACE_OUTER_BOUND('',#2490,.T.);
#1366=PLANE('',#2491);
#1367=FACE_OUTER_BOUND('',#2492,.T.);
#1368=PLANE('',#2493);
#1369=FACE_OUTER_BOUND('',#2494,.T.);
#1370=PLANE('',#2495);
#1371=FACE_OUTER_BOUND('',#2496,.T.);
#1372=PLANE('',#2497);
#1373=FACE_OUTER_BOUND('',#2498,.T.);
#1374=PLANE('',#2499);
#1375=FACE_OUTER_BOUND('',#2500,.T.);
#1376=PLANE('',#2501);
#1377=FACE_OUTER_BOUND('',#2502,.T.);
#1378=PLANE('',#2503);
#1379=FACE_OUTER_BOUND('',#2504,.T.);
#1380=PLANE('',#2505);
#1381=FACE_OUTER_BOUND('',#2506,.T.);
#1382=PLANE('',#2507);
#1383=FACE_OUTER_BOUND('',#2508,.T.);
#1384=PLANE('',#2509);
#1385=FACE_OUTER_BOUND('',#2510,.T.);
#1386=PLANE('',#2511);
#1387=FACE_OUTER_BOUND('',#2512,.T.);
#1388=PLANE('',#2513);
#1389=FACE_OUTER_BOUND('',#2514,.T.);
#1390=PLANE('',#2515);
#1391=FACE_OUTER_BOUND('',#2516,.T.);
#1392=PLANE('',#2517);
#1393=FACE_OUTER_BOUND('',#2518,.T.);
#1394=PLANE('',#2519);
#1395=FACE_OUTER_BOUND('',#2520,.T.);
#1396=PLANE('',#2521);
#1397=FACE_OUTER_BOUND('',#2522,.T.);
#1398=PLANE('',#2523);
#1399=FACE_OUTER_BOUND('',#2524,.T.);
#1400=PLANE('',#2525);
#1401=FACE_OUTER_BOUND('',#2526,.T.);
#1402=PLANE('',#2527);
#1403=FACE_OUTER_BOUND('',#2528,.T.);
#1404=PLANE('',#2529);
#1405=FACE_OUTER_BOUND('',#2530,.T.);
#1406=PLANE('',#2531);
#1407=FACE_OUTER_BOUND('',#2532,.T.);
#1408=PLANE('',#2533);
#1409=FACE_OUTER_BOUND('',#2534,.T.);
#1410=PLANE('',#2535);
#1411=FACE_OUTER_BOUND('',#2536,.T.);
#1412=PLANE('',#2537);
#1413=FACE_OUTER_BOUND('',#2538,.T.);
#1414=PLANE('',#2539);
#1415=FACE_OUTER_BOUND('',#2540,.T.);
#1416=PLANE('',#2541);
#1417=FACE_OUTER_BOUND('',#2542,.T.);
#1418=PLANE('',#2543);
#1419=FACE_OUTER_BOUND('',#2544,.T.);
#1420=PLANE('',#2545);
#1421=FACE_OUTER_BOUND('',#2546,.T.);
#1422=PLANE('',#2547);
#1423=FACE_OUTER_BOUND('',#2548,.T.);
#1424=PLANE('',#2549);
#1425=FACE_OUTER_BOUND('',#2550,.T.);
#1426=PLANE('',#2551);
#1427=FACE_OUTER_BOUND('',#2552,.T.);
#1428=PLANE('',#2553);
#1429=FACE_OUTER_BOUND('',#2554,.T.);
#1430=PLANE('',#2555);
#1431=FACE_OUTER_BOUND('',#2556,.T.);
#1432=PLANE('',#2557);
#1433=FACE_OUTER_BOUND('',#2558,.T.);
#1434=PLANE('',#2559);
#1435=FACE_OUTER_BOUND('',#2560,.T.);
#1436=PLANE('',#2561);
#1437=FACE_OUTER_BOUND('',#2562,.T.);
#1438=PLANE('',#2563);
#1439=FACE_OUTER_BOUND('',#2564,.T.);
#1440=PLANE('',#2565);
#1441=FACE_OUTER_BOUND('',#2566,.T.);
#1442=PLANE('',#2567);
#1443=FACE_OUTER_BOUND('',#2568,.T.);
#1444=PLANE('',#2569);
#1445=FACE_OUTER_BOUND('',#2570,.T.);
#1446=PLANE('',#2571);
#1447=FACE_OUTER_BOUND('',#2572,.T.);
#1448=PLANE('',#2573);
#1449=FACE_OUTER_BOUND('',#2574,.T.);
#1450=PLANE('',#2575);
#1451=FACE_OUTER_BOUND('',#2576,.T.);
#1452=PLANE('',#2577);
#1453=FACE_OUTER_BOUND('',#2578,.T.);
#1454=PLANE('',#2579);
#1455=FACE_OUTER_BOUND('',#2580,.T.);
#1456=PLANE('',#2581);
#1457=FACE_OUTER_BOUND('',#2582,.T.);
#1458=PLANE('',#2583);
#1459=FACE_OUTER_BOUND('',#2584,.T.);
#1460=PLANE('',#2585);
#1461=FACE_OUTER_BOUND('',#2586,.T.);
#1462=PLANE('',#2587);
#1463=FACE_OUTER_BOUND('',#2588,.T.);
#1464=PLANE('',#2589);
#1465=FACE_OUTER_BOUND('',#2590,.T.);
#1466=PLANE('',#2591);
#1467=FACE_OUTER_BOUND('',#2592,.T.);
#1468=PLANE('',#2593);
#1469=FACE_OUTER_BOUND('',#2594,.T.);
#1470=PLANE('',#2595);
#1471=FACE_OUTER_BOUND('',#2596,.T.);
#1472=PLANE('',#2597);
#1473=FACE_OUTER_BOUND('',#2598,.T.);
#1474=PLANE('',#2599);
#1475=FACE_OUTER_BOUND('',#2600,.T.);
#1476=PLANE('',#2601);
#1477=FACE_OUTER_BOUND('',#2602,.T.);
#1478=PLANE('',#2603);
#1479=FACE_OUTER_BOUND('',#2604,.T.);
#1480=PLANE('',#2605);
#1481=FACE_OUTER_BOUND('',#2606,.T.);
#1482=PLANE('',#2607);
#1483=FACE_OUTER_BOUND('',#2608,.T.);
#1484=PLANE('',#2609);
#1485=FACE_OUTER_BOUND('',#2610,.T.);
#1486=PLANE('',#2611);
#1487=FACE_OUTER_BOUND('',#2612,.T.);
#1488=PLANE('',#2613);
#1489=FACE_OUTER_BOUND('',#2614,.T.);
#1490=PLANE('',#2615);
#1491=FACE_OUTER_BOUND('',#2616,.T.);
#1492=PLANE('',#2617);
#1493=FACE_OUTER_BOUND('',#2618,.T.);
#1494=PLANE('',#2619);
#1495=FACE_OUTER_BOUND('',#2620,.T.);
#1496=PLANE('',#2621);
#1497=FACE_OUTER_BOUND('',#2622,.T.);
#1498=PLANE('',#2623);
#1499=FACE_OUTER_BOUND('',#2624,.T.);
#1500=PLANE('',#2625);
#1501=FACE_OUTER_BOUND('',#2626,.T.);
#1502=PLANE('',#2627);
#1503=FACE_OUTER_BOUND('',#2628,.T.);
#1504=PLANE('',#2629);
#1505=FACE_OUTER_BOUND('',#2630,.T.);
#1506=PLANE('',#2631);
#1507=FACE_OUTER_BOUND('',#2632,.T.);
#1508=PLANE('',#2633);
#1509=FACE_OUTER_BOUND('',#2634,.T.);
#1510=PLANE('',#2635);
#1511=FACE_OUTER_BOUND('',#2636,.T.);
#1512=PLANE('',#2637);
#1513=FACE_OUTER_BOUND('',#2638,.T.);
#1514=PLANE('',#2639);
#1515=FACE_OUTER_BOUND('',#2640,.T.);
#1516=PLANE('',#2641);
#1517=FACE_OUTER_BOUND('',#2642,.T.);
#1518=PLANE('',#2643);
#1519=FACE_OUTER_BOUND('',#2644,.T.);
#1520=PLANE('',#2645);
#1521=FACE_OUTER_BOUND('',#2646,.T.);
#1522=PLANE('',#2647);
#1523=FACE_OUTER_BOUND('',#2648,.T.);
#1524=PLANE('',#2649);
#1525=FACE_OUTER_BOUND('',#2650,.T.);
#1526=PLANE('',#2651);
#1527=FACE_OUTER_BOUND('',#2652,.T.);
#1528=PLANE('',#2653);
#1529=FACE_OUTER_BOUND('',#2654,.T.);
#1530=PLANE('',#2655);
#1531=FACE_OUTER_BOUND('',#2656,.T.);
#1532=PLANE('',#2657);
#1533=FACE_OUTER_BOUND('',#2658,.T.);
#1534=PLANE('',#2659);
#1535=FACE_OUTER_BOUND('',#2660,.T.);
#1536=PLANE('',#2661);
#1537=FACE_OUTER_BOUND('',#2662,.T.);
#1538=PLANE('',#2663);
#1539=FACE_OUTER_BOUND('',#2664,.T.);
#1540=PLANE('',#2665);
#1541=FACE_OUTER_BOUND('',#2666,.T.);
#1542=PLANE('',#2667);
#1543=FACE_OUTER_BOUND('',#2668,.T.);
#1544=PLANE('',#2669);
#1545=FACE_OUTER_BOUND('',#2670,.T.);
#1546=PLANE('',#2671);
#1547=FACE_OUTER_BOUND('',#2672,.T.);
#1548=PLANE('',#2673);
#1549=FACE_OUTER_BOUND('',#2674,.T.);
#1550=PLANE('',#2675);
#1551=FACE_OUTER_BOUND('',#2676,.T.);
#1552=PLANE('',#2677);
#1553=FACE_OUTER_BOUND('',#2678,.T.);
#1554=PLANE('',#2679);
#1555=FACE_OUTER_BOUND('',#2680,.T.);
#1556=PLANE('',#2681);
#1557=FACE_OUTER_BOUND('',#2682,.T.);
#1558=PLANE('',#2683);
#1559=FACE_OUTER_BOUND('',#2684,.T.);
#1560=PLANE('',#2685);
#1561=FACE_OUTER_BOUND('',#2686,.T.);
#1562=PLANE('',#2687);
#1563=FACE_OUTER_BOUND('',#2688,.T.);
#1564=PLANE('',#2689);
#1565=FACE_OUTER_BOUND('',#2690,.T.);
#1566=PLANE('',#2691);
#1567=FACE_OUTER_BOUND('',#2692,.T.);
#1568=PLANE('',#2693);
#1569=FACE_OUTER_BOUND('',#2694,.T.);
#1570=PLANE('',#2695);
#1571=FACE_OUTER_BOUND('',#2696,.T.);
#1572=PLANE('',#2697);
#1573=FACE_OUTER_BOUND('',#2698,.T.);
#1574=PLANE('',#2699);
#1575=FACE_OUTER_BOUND('',#2700,.T.);
#1576=PLANE('',#2701);
#1577=FACE_OUTER_BOUND('',#2702,.T.);
#1578=PLANE('',#2703);
#1579=FACE_OUTER_BOUND('',#2704,.T.);
#1580=PLANE('',#2705);
#1581=FACE_OUTER_BOUND('',#2706,.T.);
#1582=PLANE('',#2707);
#1583=FACE_OUTER_BOUND('',#2708,.T.);
#1584=PLANE('',#2709);
#1585=FACE_OUTER_BOUND('',#2710,.T.);
#1586=PLANE('',#2711);
#1587=FACE_OUTER_BOUND('',#2712,.T.);
#1588=PLANE('',#2713);
#1589=FACE_OUTER_BOUND('',#2714,.T.);
#1590=PLANE('',#2715);
#1591=FACE_OUTER_BOUND('',#2716,.T.);
#1592=PLANE('',#2717);
#1593=FACE_OUTER_BOUND('',#2718,.T.);
#1594=PLANE('',#2719);
#1595=FACE_OUTER_BOUND('',#2720,.T.);
#1596=PLANE('',#2721);
#1597=FACE_OUTER_BOUND('',#2722,.T.);
#1598=PLANE('',#2723);
#1599=FACE_OUTER_BOUND('',#2724,.T.);
#1600=PLANE('',#2725);
#1601=FACE_OUTER_BOUND('',#2726,.T.);
#1602=PLANE('',#2727);
#1603=FACE_OUTER_BOUND('',#2728,.T.);
#1604=PLANE('',#2729);
#1605=FACE_OUTER_BOUND('',#2730,.T.);
#1606=PLANE('',#2731);
#1607=FACE_OUTER_BOUND('',#2732,.T.);
#1608=PLANE('',#2733);
#1609=FACE_OUTER_BOUND('',#2734,.T.);
#1610=PLANE('',#2735);
#1611=FACE_OUTER_BOUND('',#2736,.T.);
#1612=PLANE('',#2737);
#1613=FACE_OUTER_BOUND('',#2738,.T.);
#1614=PLANE('',#2739);
#1615=FACE_OUTER_BOUND('',#2740,.T.);
#1616=PLANE('',#2741);
#1617=FACE_OUTER_BOUND('',#2742,.T.);
#1618=PLANE('',#2743);
#1619=FACE_OUTER_BOUND('',#2744,.T.);
#1620=PLANE('',#2745);
#1621=FACE_OUTER_BOUND('',#2746,.T.);
#1622=PLANE('',#2747);
#1623=FACE_OUTER_BOUND('',#2748,.T.);
#1624=PLANE('',#2749);
#1625=FACE_OUTER_BOUND('',#2750,.T.);
#1626=PLANE('',#2751);
#1627=FACE_OUTER_BOUND('',#2752,.T.);
#1628=PLANE('',#2753);
#1629=FACE_OUTER_BOUND('',#2754,.T.);
#1630=PLANE('',#2755);
#1631=FACE_OUTER_BOUND('',#2756,.T.);
#1632=PLANE('',#2757);
#1633=FACE_OUTER_BOUND('',#2758,.T.);
#1634=PLANE('',#2759);
#1635=FACE_OUTER_BOUND('',#2760,.T.);
#1636=PLANE('',#2761);
#1637=FACE_OUTER_BOUND('',#2762,.T.);
#1638=PLANE('',#2763);
#1639=FACE_OUTER_BOUND('',#2764,.T.);
#1640=PLANE('',#2765);
#1641=FACE_OUTER_BOUND('',#2766,.T.);
#1642=PLANE('',#2767);
#1643=FACE_OUTER_BOUND('',#2768,.T.);
#1644=PLANE('',#2769);
#1645=FACE_OUTER_BOUND('',#2770,.T.);
#1646=PLANE('',#2771);
#1647=FACE_OUTER_BOUND('',#2772,.T.);
#1648=PLANE('',#2773);
#1649=FACE_OUTER_BOUND('',#2774,.T.);
#1650=PLANE('',#2775);
#1651=FACE_OUTER_BOUND('',#2776,.T.);
#1652=PLANE('',#2777);
#1653=FACE_OUTER_BOUND('',#2778,.T.);
#1654=PLANE('',#2779);
#1655=FACE_OUTER_BOUND('',#2780,.T.);
#1656=PLANE('',#2781);
#1657=FACE_OUTER_BOUND('',#2782,.T.);
#1658=PLANE('',#2783);
#1659=FACE_OUTER_BOUND('',#2784,.T.);
#1660=PLANE('',#2785);
#1661=FACE_OUTER_BOUND('',#2786,.T.);
#1662=PLANE('',#2787);
#1663=FACE_OUTER_BOUND('',#2788,.T.);
#1664=PLANE('',#2789);
#1665=FACE_OUTER_BOUND('',#2790,.T.);
#1666=PLANE('',#2791);
#1667=FACE_OUTER_BOUND('',#2792,.T.);
#1668=PLANE('',#2793);
#1669=FACE_OUTER_BOUND('',#2794,.T.);
#1670=PLANE('',#2795);
#1671=FACE_OUTER_BOUND('',#2796,.T.);
#1672=PLANE('',#2797);
#1673=FACE_OUTER_BOUND('',#2798,.T.);
#1674=PLANE('',#2799);
#1675=FACE_OUTER_BOUND('',#2800,.T.);
#1676=PLANE('',#2801);
#1677=FACE_OUTER_BOUND('',#2802,.T.);
#1678=PLANE('',#2803);
#1679=FACE_OUTER_BOUND('',#2804,.T.);
#1680=PLANE('',#2805);
#1681=FACE_OUTER_BOUND('',#2806,.T.);
#1682=PLANE('',#2807);
#1683=FACE_OUTER_BOUND('',#2808,.T.);
#1684=PLANE('',#2809);
#1685=FACE_OUTER_BOUND('',#2810,.T.);
#1686=PLANE('',#2811);
#1687=FACE_OUTER_BOUND('',#2812,.T.);
#1688=PLANE('',#2813);
#1689=FACE_OUTER_BOUND('',#2814,.T.);
#1690=PLANE('',#2815);
#1691=FACE_OUTER_BOUND('',#2816,.T.);
#1692=PLANE('',#2817);
#1693=FACE_OUTER_BOUND('',#2818,.T.);
#1694=PLANE('',#2819);
#1695=FACE_OUTER_BOUND('',#2820,.T.);
#1696=PLANE('',#2821);
#1697=FACE_OUTER_BOUND('',#2822,.T.);
#1698=PLANE('',#2823);
#1699=FACE_OUTER_BOUND('',#2824,.T.);
#1700=PLANE('',#2825);
#1701=FACE_OUTER_BOUND('',#2826,.T.);
#1702=PLANE('',#2827);
#1703=FACE_OUTER_BOUND('',#2828,.T.);
#1704=PLANE('',#2829);
#1705=FACE_OUTER_BOUND('',#2830,.T.);
#1706=PLANE('',#2831);
#1707=FACE_OUTER_BOUND('',#2832,.T.);
#1708=PLANE('',#2833);
#1709=FACE_OUTER_BOUND('',#2834,.T.);
#1710=PLANE('',#2835);
#1711=FACE_OUTER_BOUND('',#2836,.T.);
#1712=PLANE('',#2837);
#1713=FACE_OUTER_BOUND('',#2838,.T.);
#1714=PLANE('',#2839);
#1715=FACE_OUTER_BOUND('',#2840,.T.);
#1716=PLANE('',#2841);
#1717=FACE_OUTER_BOUND('',#2842,.T.);
#1718=PLANE('',#2843);
#1719=FACE_OUTER_BOUND('',#2844,.T.);
#1720=PLANE('',#2845);
#1721=FACE_OUTER_BOUND('',#2846,.T.);
#1722=PLANE('',#2847);
#1723=FACE_OUTER_BOUND('',#2848,.T.);
#1724=PLANE('',#2849);
#1725=FACE_OUTER_BOUND('',#2850,.T.);
#1726=PLANE('',#2851);
#1727=TRIMMED_CURVE('',#2852,(PARAMETER_VALUE(0.0)),(PARAMETER_VALUE(3.1415926535892)),.T.,.UNSPECIFIED.);
#1728=TRIMMED_CURVE('',#2853,(PARAMETER_VALUE(0.0)),(PARAMETER_VALUE(3.1415926535892)),.T.,.UNSPECIFIED.);
#1729=TRIMMED_CURVE('',#2854,(PARAMETER_VALUE(0.0)),(PARAMETER_VALUE(3.1415926535892)),.T.,.UNSPECIFIED.);
#1730=TRIMMED_CURVE('',#2855,(PARAMETER_VALUE(0.0)),(PARAMETER_VALUE(3.1415926535892)),.T.,.UNSPECIFIED.);
#1731=TRIMMED_CURVE('',#2856,(PARAMETER_VALUE(0.0)),(PARAMETER_VALUE(3.1415926535892)),.T.,.UNSPECIFIED.);
#1732=TRIMMED_CURVE('',#2857,(PARAMETER_VALUE(0.0)),(PARAMETER_VALUE(3.1415926535892)),.T.,.UNSPECIFIED.);
#1733=TRIMMED_CURVE('',#2858,(PARAMETER_VALUE(0.0)),(PARAMETER_VALUE(3.1415926535892)),.T.,.UNSPECIFIED.);
#1734=TRIMMED_CURVE('',#2859,(PARAMETER_VALUE(0.0)),(PARAMETER_VALUE(3.1415926535892)),.T.,.UNSPECIFIED.);
#1735=TRIMMED_CURVE('',#2860,(PARAMETER_VALUE(0.0)),(PARAMETER_VALUE(3.1415926535892)),.T.,.UNSPECIFIED.);
#1736=TRIMMED_CURVE('',#2861,(PARAMETER_VALUE(0.0)),(PARAMETER_VALUE(3.1415926535892)),.T.,.UNSPECIFIED.);
#1737=TRIMMED_CURVE('',#2862,(PARAMETER_VALUE(0.0)),(PARAMETER_VALUE(3.1415926535892)),.T.,.UNSPECIFIED.);
#1738=TRIMMED_CURVE('',#2863,(PARAMETER_VALUE(0.0)),(PARAMETER_VALUE(3.1415926535892)),.T.,.UNSPECIFIED.);
#1739=TRIMMED_CURVE('',#2864,(PARAMETER_VALUE(0.0)),(PARAMETER_VALUE(3.1415926535892)),.T.,.UNSPECIFIED.);
#1740=TRIMMED_CURVE('',#2865,(PARAMETER_VALUE(0.0)),(PARAMETER_VALUE(3.1415926535892)),.T.,.UNSPECIFIED.);
#1741=TRIMMED_CURVE('',#2866,(PARAMETER_VALUE(0.0)),(PARAMETER_VALUE(3.1415926535892)),.T.,.UNSPECIFIED.);
#1742=TRIMMED_CURVE('',#2867,(PARAMETER_VALUE(0.0)),(PARAMETER_VALUE(3.1415926535892)),.T.,.UNSPECIFIED.);
#1743=TRIMMED_CURVE('',#2868,(PARAMETER_VALUE(0.0)),(PARAMETER_VALUE(3.1415926535892)),.T.,.UNSPECIFIED.);
#1744=TRIMMED_CURVE('',#2869,(PARAMETER_VALUE(0.0)),(PARAMETER_VALUE(3.1415926535892)),.T.,.UNSPECIFIED.);
#1745=TRIMMED_CURVE('',#2870,(PARAMETER_VALUE(0.0)),(PARAMETER_VALUE(3.1415926535892)),.T.,.UNSPECIFIED.);
#1746=TRIMMED_CURVE('',#2871,(PARAMETER_VALUE(0.0)),(PARAMETER_VALUE(3.1415926535892)),.T.,.UNSPECIFIED.);
#1747=TRIMMED_CURVE('',#2872,(PARAMETER_VALUE(0.0)),(PARAMETER_VALUE(3.1415926535892)),.T.,.UNSPECIFIED.);
#1748=TRIMMED_CURVE('',#2873,(PARAMETER_VALUE(0.0)),(PARAMETER_VALUE(3.1415926535892)),.T.,.UNSPECIFIED.);
#1749=TRIMMED_CURVE('',#2874,(PARAMETER_VALUE(0.0)),(PARAMETER_VALUE(3.1415926535892)),.T.,.UNSPECIFIED.);
#1750=TRIMMED_CURVE('',#2875,(PARAMETER_VALUE(0.0)),(PARAMETER_VALUE(3.1415926535892)),.T.,.UNSPECIFIED.);
#1751=TRIMMED_CURVE('',#2876,(PARAMETER_VALUE(0.0)),(PARAMETER_VALUE(3.1415926535892)),.T.,.UNSPECIFIED.);
#1752=TRIMMED_CURVE('',#2877,(PARAMETER_VALUE(0.0)),(PARAMETER_VALUE(3.1415926535892)),.T.,.UNSPECIFIED.);
#1753=TRIMMED_CURVE('',#2878,(PARAMETER_VALUE(0.0)),(PARAMETER_VALUE(3.1415926535892)),.T.,.UNSPECIFIED.);
#1754=TRIMMED_CURVE('',#2879,(PARAMETER_VALUE(0.0)),(PARAMETER_VALUE(3.1415926535892)),.T.,.UNSPECIFIED.);
#1755=TRIMMED_CURVE('A_8',#2880,(PARAMETER_VALUE(0.0)),(PARAMETER_VALUE(1.0)),.T.,.UNSPECIFIED.);
#1756=TRIMMED_CURVE('A_5',#2881,(PARAMETER_VALUE(0.0)),(PARAMETER_VALUE(1.0)),.T.,.UNSPECIFIED.);
#1757=TRIMMED_CURVE('A_11',#2882,(PARAMETER_VALUE(0.0)),(PARAMETER_VALUE(1.0)),.T.,.UNSPECIFIED.);
#1758=EDGE_LOOP('',(#2883,#2884,#2885,#2886,#2887,#2888,#2889,#2890,#2891,#2892,#2893,#2894,#2895,#2896));
#1759=AXIS2_PLACEMENT_3D('',#2897,#2898,#2899);
#1760=EDGE_LOOP('',(#2900,#2901,#2902,#2903));
#1761=AXIS2_PLACEMENT_3D('',#2904,#2905,#2906);
#1762=EDGE_LOOP('',(#2907,#2908,#2909,#2910));
#1763=AXIS2_PLACEMENT_3D('',#2911,#2912,#2913);
#1764=EDGE_LOOP('',(#2914,#2915,#2916,#2917,#2918,#2919));
#1765=AXIS2_PLACEMENT_3D('',#2920,#2921,#2922);
#1766=EDGE_LOOP('',(#2923,#2924,#2925,#2926,#2927,#2928,#2929,#2930));
#1767=AXIS2_PLACEMENT_3D('',#2931,#2932,#2933);
#1768=EDGE_LOOP('',(#2934,#2935,#2936,#2937));
#1769=AXIS2_PLACEMENT_3D('',#2938,#2939,#2940);
#1770=EDGE_LOOP('',(#2941,#2942,#2943,#2944,#2945,#2946));
#1771=AXIS2_PLACEMENT_3D('',#2947,#2948,#2949);
#1772=EDGE_LOOP('',(#2950,#2951,#2952,#2953,#2954,#2955,#2956,#2957,#2958,#2959,#2960,#2961));
#1773=AXIS2_PLACEMENT_3D('',#2962,#2963,#2964);
#1774=EDGE_LOOP('',(#2965,#2966,#2967,#2968,#2969,#2970,#2971,#2972));
#1775=AXIS2_PLACEMENT_3D('',#2973,#2974,#2975);
#1776=EDGE_LOOP('',(#2976,#2977,#2978,#2979,#2980,#2981,#2982,#2983));
#1777=AXIS2_PLACEMENT_3D('',#2984,#2985,#2986);
#1778=EDGE_LOOP('',(#2987,#2988,#2989,#2990,#2991,#2992));
#1779=AXIS2_PLACEMENT_3D('',#2993,#2994,#2995);
#1780=EDGE_LOOP('',(#2996,#2997,#2998,#2999,#3000,#3001,#3002,#3003));
#1781=AXIS2_PLACEMENT_3D('',#3004,#3005,#3006);
#1782=EDGE_LOOP('',(#3007,#3008,#3009,#3010));
#1783=AXIS2_PLACEMENT_3D('',#3011,#3012,#3013);
#1784=EDGE_LOOP('',(#3014,#3015,#3016,#3017,#3018,#3019));
#1785=AXIS2_PLACEMENT_3D('',#3020,#3021,#3022);
#1786=EDGE_LOOP('',(#3023,#3024,#3025,#3026,#3027,#3028,#3029,#3030,#3031,#3032,#3033,#3034));
#1787=AXIS2_PLACEMENT_3D('',#3035,#3036,#3037);
#1788=EDGE_LOOP('',(#3038,#3039,#3040,#3041));
#1789=AXIS2_PLACEMENT_3D('',#3042,#3043,#3044);
#1790=EDGE_LOOP('',(#3045,#3046,#3047,#3048,#3049,#3050,#3051,#3052,#3053,#3054,#3055,#3056,#3057,#3058));
#1791=EDGE_LOOP('',(#3059,#3060,#3061,#3062,#3063,#3064,#3065));
#1792=AXIS2_PLACEMENT_3D('',#3066,#3067,#3068);
#1793=EDGE_LOOP('',(#3069,#3070,#3071,#3072));
#1794=AXIS2_PLACEMENT_3D('',#3073,#3074,#3075);
#1795=EDGE_LOOP('',(#3076,#3077,#3078,#3079));
#1796=AXIS2_PLACEMENT_3D('',#3080,#3081,#3082);
#1797=EDGE_LOOP('',(#3083,#3084,#3085,#3086));
#1798=AXIS2_PLACEMENT_3D('',#3087,#3088,#3089);
#1799=EDGE_LOOP('',(#3090,#3091,#3092));
#1800=AXIS2_PLACEMENT_3D('',#3093,#3094,#3095);
#1801=EDGE_LOOP('',(#3096,#3097,#3098));
#1802=AXIS2_PLACEMENT_3D('',#3099,#3100,#3101);
#1803=EDGE_LOOP('',(#3102,#3103,#3104,#3105));
#1804=AXIS2_PLACEMENT_3D('',#3106,#3107,#3108);
#1805=EDGE_LOOP('',(#3109,#3110,#3111,#3112,#3113));
#1806=AXIS2_PLACEMENT_3D('',#3114,#3115,#3116);
#1807=EDGE_LOOP('',(#3117,#3118,#3119));
#1808=AXIS2_PLACEMENT_3D('',#3120,#3121,#3122);
#1809=EDGE_LOOP('',(#3123,#3124,#3125));
#1810=AXIS2_PLACEMENT_3D('',#3126,#3127,#3128);
#1811=EDGE_LOOP('',(#3129,#3130,#3131,#3132));
#1812=AXIS2_PLACEMENT_3D('',#3133,#3134,#3135);
#1813=EDGE_LOOP('',(#3136,#3137,#3138,#3139,#3140));
#1814=AXIS2_PLACEMENT_3D('',#3141,#3142,#3143);
#1815=EDGE_LOOP('',(#3144,#3145,#3146,#3147,#3148,#3149,#3150,#3151,#3152,#3153,#3154,#3155,#3156,#3157));
#1816=EDGE_LOOP('',(#3158,#3159,#3160,#3161));
#1817=AXIS2_PLACEMENT_3D('',#3162,#3163,#3164);
#1818=EDGE_LOOP('',(#3165,#3166,#3167,#3168,#3169));
#1819=AXIS2_PLACEMENT_3D('',#3170,#3171,#3172);
#1820=EDGE_LOOP('',(#3173,#3174,#3175,#3176));
#1821=AXIS2_PLACEMENT_3D('',#3177,#3178,#3179);
#1822=EDGE_LOOP('',(#3180,#3181,#3182,#3183,#3184));
#1823=AXIS2_PLACEMENT_3D('',#3185,#3186,#3187);
#1824=EDGE_LOOP('',(#3188,#3189,#3190,#3191));
#1825=AXIS2_PLACEMENT_3D('',#3192,#3193,#3194);
#1826=EDGE_LOOP('',(#3195,#3196,#3197,#3198));
#1827=AXIS2_PLACEMENT_3D('',#3199,#3200,#3201);
#1828=EDGE_LOOP('',(#3202,#3203,#3204,#3205));
#1829=AXIS2_PLACEMENT_3D('',#3206,#3207,#3208);
#1830=EDGE_LOOP('',(#3209,#3210,#3211,#3212));
#1831=AXIS2_PLACEMENT_3D('',#3213,#3214,#3215);
#1832=EDGE_LOOP('',(#3216,#3217,#3218,#3219,#3220,#3221));
#1833=AXIS2_PLACEMENT_3D('',#3222,#3223,#3224);
#1834=EDGE_LOOP('',(#3225,#3226,#3227,#3228,#3229,#3230));
#1835=AXIS2_PLACEMENT_3D('',#3231,#3232,#3233);
#1836=EDGE_LOOP('',(#3234,#3235,#3236,#3237));
#1837=AXIS2_PLACEMENT_3D('',#3238,#3239,#3240);
#1838=EDGE_LOOP('',(#3241,#3242,#3243,#3244));
#1839=AXIS2_PLACEMENT_3D('',#3245,#3246,#3247);
#1840=EDGE_LOOP('',(#3248,#3249,#3250,#3251));
#1841=AXIS2_PLACEMENT_3D('',#3252,#3253,#3254);
#1842=EDGE_LOOP('',(#3255,#3256,#3257,#3258));
#1843=AXIS2_PLACEMENT_3D('',#3259,#3260,#3261);
#1844=EDGE_LOOP('',(#3262,#3263,#3264,#3265));
#1845=AXIS2_PLACEMENT_3D('',#3266,#3267,#3268);
#1846=EDGE_LOOP('',(#3269,#3270,#3271,#3272));
#1847=AXIS2_PLACEMENT_3D('',#3273,#3274,#3275);
#1848=EDGE_LOOP('',(#3276,#3277,#3278,#3279));
#1849=AXIS2_PLACEMENT_3D('',#3280,#3281,#3282);
#1850=EDGE_LOOP('',(#3283,#3284,#3285,#3286));
#1851=AXIS2_PLACEMENT_3D('',#3287,#3288,#3289);
#1852=EDGE_LOOP('',(#3290,#3291,#3292,#3293,#3294,#3295));
#1853=AXIS2_PLACEMENT_3D('',#3296,#3297,#3298);
#1854=EDGE_LOOP('',(#3299,#3300,#3301,#3302,#3303,#3304));
#1855=AXIS2_PLACEMENT_3D('',#3305,#3306,#3307);
#1856=EDGE_LOOP('',(#3308,#3309,#3310,#3311));
#1857=AXIS2_PLACEMENT_3D('',#3312,#3313,#3314);
#1858=EDGE_LOOP('',(#3315,#3316,#3317,#3318));
#1859=AXIS2_PLACEMENT_3D('',#3319,#3320,#3321);
#1860=EDGE_LOOP('',(#3322,#3323,#3324,#3325));
#1861=AXIS2_PLACEMENT_3D('',#3326,#3327,#3328);
#1862=EDGE_LOOP('',(#3329,#3330,#3331,#3332,#3333,#3334));
#1863=AXIS2_PLACEMENT_3D('',#3335,#3336,#3337);
#1864=EDGE_LOOP('',(#3338,#3339,#3340,#3341));
#1865=AXIS2_PLACEMENT_3D('',#3342,#3343,#3344);
#1866=EDGE_LOOP('',(#3345,#3346,#3347,#3348));
#1867=AXIS2_PLACEMENT_3D('',#3349,#3350,#3351);
#1868=EDGE_LOOP('',(#3352,#3353,#3354,#3355));
#1869=AXIS2_PLACEMENT_3D('',#3356,#3357,#3358);
#1870=EDGE_LOOP('',(#3359,#3360,#3361,#3362));
#1871=AXIS2_PLACEMENT_3D('',#3363,#3364,#3365);
#1872=EDGE_LOOP('',(#3366,#3367,#3368,#3369));
#1873=AXIS2_PLACEMENT_3D('',#3370,#3371,#3372);
#1874=EDGE_LOOP('',(#3373,#3374,#3375,#3376));
#1875=AXIS2_PLACEMENT_3D('',#3377,#3378,#3379);
#1876=EDGE_LOOP('',(#3380,#3381,#3382,#3383));
#1877=AXIS2_PLACEMENT_3D('',#3384,#3385,#3386);
#1878=EDGE_LOOP('',(#3387,#3388,#3389,#3390));
#1879=AXIS2_PLACEMENT_3D('',#3391,#3392,#3393);
#1880=EDGE_LOOP('',(#3394,#3395,#3396,#3397));
#1881=AXIS2_PLACEMENT_3D('',#3398,#3399,#3400);
#1882=EDGE_LOOP('',(#3401,#3402,#3403,#3404,#3405,#3406,#3407,#3408,#3409,#3410,#3411,#3412));
#1883=AXIS2_PLACEMENT_3D('',#3413,#3414,#3415);
#1884=EDGE_LOOP('',(#3416,#3417,#3418,#3419,#3420,#3421,#3422,#3423,#3424,#3425,#3426,#3427,#3428,#3429,#3430,#3431,#3432,#3433,#3434,#3435,#3436,#3437,#3438,#3439,#3440,#3441,#3442,#3443,#3444,#3445,#3446,#3447,#3448,#3449,#3450,#3451,#3452,#3453,#3454,#3455,#3456,#3457,#3458,#3459,#3460,#3461,#3462,#3463,#3464,#3465,#3466,#3467,#3468,#3469,#3470,#3471,#3472,#3473,#3474,#3475,#3476,#3477,#3478,#3479,#3480,#3481,#3482,#3483,#3484,#3485,#3486,#3487,#3488,#3489,#3490,#3491,#3492,#3493,#3494,#3495,#3496,#3497,#3498,#3499,#3500,#3501,#3502,#3503,#3504,#3505,#3506,#3507,#3508,#3509,#3510,#3511,#3512,#3513,#3514,#3515,#3516,#3517,#3518,#3519,#3520,#3521,#3522,#3523,#3524,#3525,#3526,#3527,#3528,#3529,#3530,#3531,#3532,#3533,#3534,#3535));
#1885=AXIS2_PLACEMENT_3D('',#3536,#3537,#3538);
#1886=EDGE_LOOP('',(#3539,#3540,#3541,#3542));
#1887=AXIS2_PLACEMENT_3D('',#3543,#3544,#3545);
#1888=EDGE_LOOP('',(#3546,#3547,#3548,#3549));
#1889=AXIS2_PLACEMENT_3D('',#3550,#3551,#3552);
#1890=EDGE_LOOP('',(#3553,#3554,#3555,#3556));
#1891=AXIS2_PLACEMENT_3D('',#3557,#3558,#3559);
#1892=EDGE_LOOP('',(#3560,#3561,#3562,#3563,#3564,#3565));
#1893=AXIS2_PLACEMENT_3D('',#3566,#3567,#3568);
#1894=EDGE_LOOP('',(#3569,#3570,#3571,#3572));
#1895=AXIS2_PLACEMENT_3D('',#3573,#3574,#3575);
#1896=EDGE_LOOP('',(#3576,#3577,#3578,#3579,#3580,#3581));
#1897=AXIS2_PLACEMENT_3D('',#3582,#3583,#3584);
#1898=EDGE_LOOP('',(#3585,#3586,#3587,#3588,#3589,#3590));
#1899=AXIS2_PLACEMENT_3D('',#3591,#3592,#3593);
#1900=EDGE_LOOP('',(#3594,#3595,#3596,#3597));
#1901=AXIS2_PLACEMENT_3D('',#3598,#3599,#3600);
#1902=EDGE_LOOP('',(#3601,#3602,#3603,#3604));
#1903=AXIS2_PLACEMENT_3D('',#3605,#3606,#3607);
#1904=EDGE_LOOP('',(#3608,#3609,#3610,#3611));
#1905=AXIS2_PLACEMENT_3D('',#3612,#3613,#3614);
#1906=EDGE_LOOP('',(#3615,#3616,#3617,#3618,#3619,#3620));
#1907=AXIS2_PLACEMENT_3D('',#3621,#3622,#3623);
#1908=EDGE_LOOP('',(#3624,#3625,#3626,#3627));
#1909=AXIS2_PLACEMENT_3D('',#3628,#3629,#3630);
#1910=EDGE_LOOP('',(#3631,#3632,#3633,#3634));
#1911=AXIS2_PLACEMENT_3D('',#3635,#3636,#3637);
#1912=EDGE_LOOP('',(#3638,#3639,#3640,#3641));
#1913=AXIS2_PLACEMENT_3D('',#3642,#3643,#3644);
#1914=EDGE_LOOP('',(#3645,#3646,#3647,#3648,#3649,#3650));
#1915=AXIS2_PLACEMENT_3D('',#3651,#3652,#3653);
#1916=EDGE_LOOP('',(#3654,#3655,#3656,#3657));
#1917=AXIS2_PLACEMENT_3D('',#3658,#3659,#3660);
#1918=EDGE_LOOP('',(#3661,#3662,#3663,#3664,#3665,#3666));
#1919=AXIS2_PLACEMENT_3D('',#3667,#3668,#3669);
#1920=EDGE_LOOP('',(#3670,#3671,#3672,#3673));
#1921=AXIS2_PLACEMENT_3D('',#3674,#3675,#3676);
#1922=EDGE_LOOP('',(#3677,#3678,#3679,#3680));
#1923=AXIS2_PLACEMENT_3D('',#3681,#3682,#3683);
#1924=EDGE_LOOP('',(#3684,#3685,#3686,#3687));
#1925=AXIS2_PLACEMENT_3D('',#3688,#3689,#3690);
#1926=EDGE_LOOP('',(#3691,#3692,#3693,#3694,#3695,#3696));
#1927=AXIS2_PLACEMENT_3D('',#3697,#3698,#3699);
#1928=EDGE_LOOP('',(#3700,#3701,#3702,#3703));
#1929=AXIS2_PLACEMENT_3D('',#3704,#3705,#3706);
#1930=EDGE_LOOP('',(#3707,#3708,#3709,#3710));
#1931=AXIS2_PLACEMENT_3D('',#3711,#3712,#3713);
#1932=EDGE_LOOP('',(#3714,#3715,#3716,#3717));
#1933=AXIS2_PLACEMENT_3D('',#3718,#3719,#3720);
#1934=EDGE_LOOP('',(#3721,#3722,#3723,#3724));
#1935=AXIS2_PLACEMENT_3D('',#3725,#3726,#3727);
#1936=EDGE_LOOP('',(#3728,#3729,#3730,#3731));
#1937=AXIS2_PLACEMENT_3D('',#3732,#3733,#3734);
#1938=EDGE_LOOP('',(#3735,#3736,#3737,#3738));
#1939=AXIS2_PLACEMENT_3D('',#3739,#3740,#3741);
#1940=EDGE_LOOP('',(#3742,#3743,#3744,#3745));
#1941=AXIS2_PLACEMENT_3D('',#3746,#3747,#3748);
#1942=EDGE_LOOP('',(#3749,#3750,#3751,#3752));
#1943=AXIS2_PLACEMENT_3D('',#3753,#3754,#3755);
#1944=EDGE_LOOP('',(#3756,#3757,#3758,#3759));
#1945=AXIS2_PLACEMENT_3D('',#3760,#3761,#3762);
#1946=EDGE_LOOP('',(#3763,#3764,#3765,#3766));
#1947=AXIS2_PLACEMENT_3D('',#3767,#3768,#3769);
#1948=EDGE_LOOP('',(#3770,#3771,#3772,#3773));
#1949=AXIS2_PLACEMENT_3D('',#3774,#3775,#3776);
#1950=EDGE_LOOP('',(#3777,#3778,#3779,#3780));
#1951=AXIS2_PLACEMENT_3D('',#3781,#3782,#3783);
#1952=EDGE_LOOP('',(#3784,#3785,#3786,#3787,#3788,#3789));
#1953=AXIS2_PLACEMENT_3D('',#3790,#3791,#3792);
#1954=EDGE_LOOP('',(#3793,#3794,#3795,#3796));
#1955=AXIS2_PLACEMENT_3D('',#3797,#3798,#3799);
#1956=EDGE_LOOP('',(#3800,#3801,#3802,#3803,#3804,#3805,#3806,#3807,#3808,#3809,#3810,#3811,#3812,#3813,#3814,#3815,#3816,#3817,#3818,#3819,#3820,#3821,#3822,#3823,#3824,#3825,#3826,#3827,#3828,#3829,#3830,#3831,#3832,#3833,#3834,#3835,#3836,#3837,#3838,#3839,#3840,#3841,#3842,#3843,#3844));
#1957=EDGE_LOOP('',(#3845,#3846,#3847,#3848));
#1958=EDGE_LOOP('',(#3849,#3850,#3851,#3852));
#1959=AXIS2_PLACEMENT_3D('',#3853,#3854,#3855);
#1960=EDGE_LOOP('',(#3856,#3857,#3858,#3859,#3860,#3861,#3862,#3863,#3864,#3865,#3866,#3867,#3868,#3869));
#1961=AXIS2_PLACEMENT_3D('',#3870,#3871,#3872);
#1962=EDGE_LOOP('',(#3873,#3874,#3875,#3876));
#1963=AXIS2_PLACEMENT_3D('',#3877,#3878,#3879);
#1964=EDGE_LOOP('',(#3880,#3881,#3882,#3883));
#1965=AXIS2_PLACEMENT_3D('',#3884,#3885,#3886);
#1966=EDGE_LOOP('',(#3887,#3888,#3889,#3890));
#1967=AXIS2_PLACEMENT_3D('',#3891,#3892,#3893);
#1968=EDGE_LOOP('',(#3894,#3895,#3896,#3897,#3898));
#1969=AXIS2_PLACEMENT_3D('',#3899,#3900,#3901);
#1970=EDGE_LOOP('',(#3902,#3903,#3904,#3905));
#1971=AXIS2_PLACEMENT_3D('',#3906,#3907,#3908);
#1972=EDGE_LOOP('',(#3909,#3910,#3911,#3912));
#1973=AXIS2_PLACEMENT_3D('',#3913,#3914,#3915);
#1974=EDGE_LOOP('',(#3916,#3917,#3918,#3919,#3920));
#1975=AXIS2_PLACEMENT_3D('',#3921,#3922,#3923);
#1976=EDGE_LOOP('',(#3924,#3925,#3926,#3927));
#1977=AXIS2_PLACEMENT_3D('',#3928,#3929,#3930);
#1978=EDGE_LOOP('',(#3931,#3932,#3933,#3934));
#1979=AXIS2_PLACEMENT_3D('',#3935,#3936,#3937);
#1980=EDGE_LOOP('',(#3938,#3939,#3940,#3941));
#1981=AXIS2_PLACEMENT_3D('',#3942,#3943,#3944);
#1982=EDGE_LOOP('',(#3945,#3946,#3947,#3948));
#1983=AXIS2_PLACEMENT_3D('',#3949,#3950,#3951);
#1984=EDGE_LOOP('',(#3952,#3953,#3954,#3955,#3956,#3957));
#1985=AXIS2_PLACEMENT_3D('',#3958,#3959,#3960);
#1986=EDGE_LOOP('',(#3961,#3962,#3963,#3964));
#1987=AXIS2_PLACEMENT_3D('',#3965,#3966,#3967);
#1988=EDGE_LOOP('',(#3968,#3969,#3970,#3971));
#1989=AXIS2_PLACEMENT_3D('',#3972,#3973,#3974);
#1990=EDGE_LOOP('',(#3975,#3976));
#1991=AXIS2_PLACEMENT_3D('',#3977,#3978,#3979);
#1992=EDGE_LOOP('',(#3980,#3981,#3982,#3983,#3984,#3985,#3986,#3987,#3988,#3989,#3990,#3991,#3992,#3993));
#1993=AXIS2_PLACEMENT_3D('',#3994,#3995,#3996);
#1994=EDGE_LOOP('',(#3997,#3998,#3999,#4000,#4001));
#1995=AXIS2_PLACEMENT_3D('',#4002,#4003,#4004);
#1996=EDGE_LOOP('',(#4005,#4006,#4007,#4008));
#1997=AXIS2_PLACEMENT_3D('',#4009,#4010,#4011);
#1998=EDGE_LOOP('',(#4012,#4013,#4014,#4015));
#1999=AXIS2_PLACEMENT_3D('',#4016,#4017,#4018);
#2000=EDGE_LOOP('',(#4019,#4020,#4021,#4022,#4023,#4024));
#2001=AXIS2_PLACEMENT_3D('',#4025,#4026,#4027);
#2002=EDGE_LOOP('',(#4028,#4029,#4030,#4031));
#2003=AXIS2_PLACEMENT_3D('',#4032,#4033,#4034);
#2004=EDGE_LOOP('',(#4035,#4036));
#2005=AXIS2_PLACEMENT_3D('',#4037,#4038,#4039);
#2006=EDGE_LOOP('',(#4040,#4041,#4042,#4043));
#2007=AXIS2_PLACEMENT_3D('',#4044,#4045,#4046);
#2008=EDGE_LOOP('',(#4047,#4048,#4049,#4050));
#2009=AXIS2_PLACEMENT_3D('',#4051,#4052,#4053);
#2010=EDGE_LOOP('',(#4054,#4055,#4056,#4057,#4058));
#2011=AXIS2_PLACEMENT_3D('',#4059,#4060,#4061);
#2012=EDGE_LOOP('',(#4062,#4063,#4064,#4065));
#2013=AXIS2_PLACEMENT_3D('',#4066,#4067,#4068);
#2014=EDGE_LOOP('',(#4069,#4070,#4071,#4072));
#2015=AXIS2_PLACEMENT_3D('',#4073,#4074,#4075);
#2016=EDGE_LOOP('',(#4076,#4077,#4078,#4079));
#2017=AXIS2_PLACEMENT_3D('',#4080,#4081,#4082);
#2018=EDGE_LOOP('',(#4083,#4084,#4085,#4086));
#2019=AXIS2_PLACEMENT_3D('',#4087,#4088,#4089);
#2020=EDGE_LOOP('',(#4090,#4091,#4092,#4093));
#2021=AXIS2_PLACEMENT_3D('',#4094,#4095,#4096);
#2022=EDGE_LOOP('',(#4097,#4098,#4099,#4100,#4101,#4102));
#2023=AXIS2_PLACEMENT_3D('',#4103,#4104,#4105);
#2024=EDGE_LOOP('',(#4106,#4107,#4108,#4109));
#2025=AXIS2_PLACEMENT_3D('',#4110,#4111,#4112);
#2026=EDGE_LOOP('',(#4113,#4114,#4115,#4116,#4117,#4118));
#2027=AXIS2_PLACEMENT_3D('',#4119,#4120,#4121);
#2028=EDGE_LOOP('',(#4122,#4123,#4124,#4125));
#2029=AXIS2_PLACEMENT_3D('',#4126,#4127,#4128);
#2030=EDGE_LOOP('',(#4129,#4130,#4131,#4132));
#2031=AXIS2_PLACEMENT_3D('',#4133,#4134,#4135);
#2032=EDGE_LOOP('',(#4136,#4137,#4138,#4139,#4140,#4141));
#2033=AXIS2_PLACEMENT_3D('',#4142,#4143,#4144);
#2034=EDGE_LOOP('',(#4145,#4146,#4147,#4148));
#2035=AXIS2_PLACEMENT_3D('',#4149,#4150,#4151);
#2036=EDGE_LOOP('',(#4152,#4153,#4154,#4155,#4156,#4157));
#2037=AXIS2_PLACEMENT_3D('',#4158,#4159,#4160);
#2038=EDGE_LOOP('',(#4161,#4162,#4163,#4164));
#2039=AXIS2_PLACEMENT_3D('',#4165,#4166,#4167);
#2040=EDGE_LOOP('',(#4168,#4169,#4170,#4171));
#2041=AXIS2_PLACEMENT_3D('',#4172,#4173,#4174);
#2042=EDGE_LOOP('',(#4175,#4176,#4177,#4178));
#2043=AXIS2_PLACEMENT_3D('',#4179,#4180,#4181);
#2044=EDGE_LOOP('',(#4182,#4183,#4184,#4185));
#2045=AXIS2_PLACEMENT_3D('',#4186,#4187,#4188);
#2046=EDGE_LOOP('',(#4189,#4190,#4191,#4192,#4193,#4194));
#2047=AXIS2_PLACEMENT_3D('',#4195,#4196,#4197);
#2048=EDGE_LOOP('',(#4198,#4199,#4200,#4201));
#2049=AXIS2_PLACEMENT_3D('',#4202,#4203,#4204);
#2050=EDGE_LOOP('',(#4205,#4206,#4207,#4208));
#2051=AXIS2_PLACEMENT_3D('',#4209,#4210,#4211);
#2052=EDGE_LOOP('',(#4212,#4213,#4214,#4215));
#2053=AXIS2_PLACEMENT_3D('',#4216,#4217,#4218);
#2054=EDGE_LOOP('',(#4219,#4220,#4221,#4222));
#2055=AXIS2_PLACEMENT_3D('',#4223,#4224,#4225);
#2056=EDGE_LOOP('',(#4226,#4227,#4228,#4229));
#2057=AXIS2_PLACEMENT_3D('',#4230,#4231,#4232);
#2058=EDGE_LOOP('',(#4233,#4234,#4235,#4236));
#2059=AXIS2_PLACEMENT_3D('',#4237,#4238,#4239);
#2060=EDGE_LOOP('',(#4240,#4241,#4242,#4243));
#2061=AXIS2_PLACEMENT_3D('',#4244,#4245,#4246);
#2062=EDGE_LOOP('',(#4247,#4248,#4249,#4250,#4251));
#2063=EDGE_LOOP('',(#4252,#4253,#4254,#4255));
#2064=AXIS2_PLACEMENT_3D('',#4256,#4257,#4258);
#2065=EDGE_LOOP('',(#4259,#4260,#4261,#4262,#4263));
#2066=EDGE_LOOP('',(#4264,#4265,#4266,#4267));
#2067=AXIS2_PLACEMENT_3D('',#4268,#4269,#4270);
#2068=EDGE_LOOP('',(#4271,#4272,#4273,#4274,#4275));
#2069=EDGE_LOOP('',(#4276,#4277,#4278,#4279));
#2070=AXIS2_PLACEMENT_3D('',#4280,#4281,#4282);
#2071=EDGE_LOOP('',(#4283,#4284,#4285,#4286,#4287));
#2072=EDGE_LOOP('',(#4288,#4289,#4290,#4291));
#2073=AXIS2_PLACEMENT_3D('',#4292,#4293,#4294);
#2074=EDGE_LOOP('',(#4295,#4296,#4297,#4298));
#2075=EDGE_LOOP('',(#4299,#4300,#4301,#4302));
#2076=AXIS2_PLACEMENT_3D('',#4303,#4304,#4305);
#2077=EDGE_LOOP('',(#4306,#4307,#4308,#4309,#4310));
#2078=EDGE_LOOP('',(#4311,#4312,#4313,#4314));
#2079=AXIS2_PLACEMENT_3D('',#4315,#4316,#4317);
#2080=EDGE_LOOP('',(#4318,#4319,#4320,#4321,#4322));
#2081=EDGE_LOOP('',(#4323,#4324,#4325,#4326));
#2082=AXIS2_PLACEMENT_3D('',#4327,#4328,#4329);
#2083=EDGE_LOOP('',(#4330,#4331,#4332,#4333,#4334));
#2084=EDGE_LOOP('',(#4335,#4336,#4337,#4338));
#2085=AXIS2_PLACEMENT_3D('',#4339,#4340,#4341);
#2086=EDGE_LOOP('',(#4342,#4343,#4344,#4345,#4346));
#2087=EDGE_LOOP('',(#4347,#4348,#4349,#4350));
#2088=AXIS2_PLACEMENT_3D('',#4351,#4352,#4353);
#2089=EDGE_LOOP('',(#4354,#4355,#4356,#4357,#4358));
#2090=EDGE_LOOP('',(#4359,#4360,#4361,#4362));
#2091=AXIS2_PLACEMENT_3D('',#4363,#4364,#4365);
#2092=EDGE_LOOP('',(#4366,#4367,#4368,#4369,#4370));
#2093=EDGE_LOOP('',(#4371,#4372,#4373,#4374));
#2094=AXIS2_PLACEMENT_3D('',#4375,#4376,#4377);
#2095=EDGE_LOOP('',(#4378,#4379,#4380,#4381,#4382));
#2096=EDGE_LOOP('',(#4383,#4384,#4385,#4386));
#2097=AXIS2_PLACEMENT_3D('',#4387,#4388,#4389);
#2098=EDGE_LOOP('',(#4390,#4391,#4392,#4393));
#2099=AXIS2_PLACEMENT_3D('',#4394,#4395,#4396);
#2100=EDGE_LOOP('',(#4397,#4398,#4399,#4400,#4401,#4402,#4403,#4404));
#2101=EDGE_LOOP('',(#4405,#4406,#4407,#4408,#4409));
#2102=EDGE_LOOP('',(#4410,#4411,#4412,#4413,#4414));
#2103=EDGE_LOOP('',(#4415,#4416,#4417,#4418,#4419));
#2104=EDGE_LOOP('',(#4420,#4421,#4422,#4423,#4424));
#2105=EDGE_LOOP('',(#4425,#4426,#4427,#4428,#4429));
#2106=EDGE_LOOP('',(#4430,#4431,#4432,#4433,#4434));
#2107=EDGE_LOOP('',(#4435,#4436,#4437,#4438));
#2108=EDGE_LOOP('',(#4439,#4440,#4441,#4442,#4443));
#2109=EDGE_LOOP('',(#4444,#4445,#4446,#4447,#4448));
#2110=EDGE_LOOP('',(#4449,#4450,#4451,#4452,#4453));
#2111=EDGE_LOOP('',(#4454,#4455,#4456,#4457,#4458));
#2112=EDGE_LOOP('',(#4459,#4460,#4461,#4462,#4463));
#2113=AXIS2_PLACEMENT_3D('',#4464,#4465,#4466);
#2114=EDGE_LOOP('',(#4467,#4468,#4469,#4470));
#2115=AXIS2_PLACEMENT_3D('',#4471,#4472,#4473);
#2116=EDGE_LOOP('',(#4474,#4475,#4476,#4477));
#2117=AXIS2_PLACEMENT_3D('',#4478,#4479,#4480);
#2118=EDGE_LOOP('',(#4481,#4482,#4483,#4484));
#2119=AXIS2_PLACEMENT_3D('',#4485,#4486,#4487);
#2120=EDGE_LOOP('',(#4488,#4489,#4490,#4491));
#2121=AXIS2_PLACEMENT_3D('',#4492,#4493,#4494);
#2122=EDGE_LOOP('',(#4495,#4496,#4497,#4498));
#2123=AXIS2_PLACEMENT_3D('',#4499,#4500,#4501);
#2124=EDGE_LOOP('',(#4502,#4503,#4504,#4505));
#2125=AXIS2_PLACEMENT_3D('',#4506,#4507,#4508);
#2126=EDGE_LOOP('',(#4509,#4510,#4511,#4512));
#2127=AXIS2_PLACEMENT_3D('',#4513,#4514,#4515);
#2128=EDGE_LOOP('',(#4516,#4517,#4518,#4519));
#2129=AXIS2_PLACEMENT_3D('',#4520,#4521,#4522);
#2130=EDGE_LOOP('',(#4523,#4524,#4525,#4526));
#2131=AXIS2_PLACEMENT_3D('',#4527,#4528,#4529);
#2132=EDGE_LOOP('',(#4530,#4531,#4532,#4533));
#2133=AXIS2_PLACEMENT_3D('',#4534,#4535,#4536);
#2134=EDGE_LOOP('',(#4537,#4538,#4539,#4540));
#2135=AXIS2_PLACEMENT_3D('',#4541,#4542,#4543);
#2136=EDGE_LOOP('',(#4544,#4545,#4546,#4547));
#2137=AXIS2_PLACEMENT_3D('',#4548,#4549,#4550);
#2138=EDGE_LOOP('',(#4551,#4552,#4553,#4554));
#2139=AXIS2_PLACEMENT_3D('',#4555,#4556,#4557);
#2140=EDGE_LOOP('',(#4558,#4559,#4560,#4561));
#2141=AXIS2_PLACEMENT_3D('',#4562,#4563,#4564);
#2142=EDGE_LOOP('',(#4565,#4566,#4567,#4568));
#2143=AXIS2_PLACEMENT_3D('',#4569,#4570,#4571);
#2144=EDGE_LOOP('',(#4572,#4573,#4574,#4575));
#2145=AXIS2_PLACEMENT_3D('',#4576,#4577,#4578);
#2146=EDGE_LOOP('',(#4579,#4580,#4581,#4582));
#2147=AXIS2_PLACEMENT_3D('',#4583,#4584,#4585);
#2148=EDGE_LOOP('',(#4586,#4587,#4588,#4589));
#2149=AXIS2_PLACEMENT_3D('',#4590,#4591,#4592);
#2150=EDGE_LOOP('',(#4593,#4594,#4595,#4596));
#2151=AXIS2_PLACEMENT_3D('',#4597,#4598,#4599);
#2152=EDGE_LOOP('',(#4600,#4601,#4602,#4603));
#2153=AXIS2_PLACEMENT_3D('',#4604,#4605,#4606);
#2154=EDGE_LOOP('',(#4607,#4608,#4609,#4610));
#2155=AXIS2_PLACEMENT_3D('',#4611,#4612,#4613);
#2156=EDGE_LOOP('',(#4614,#4615,#4616,#4617));
#2157=AXIS2_PLACEMENT_3D('',#4618,#4619,#4620);
#2158=EDGE_LOOP('',(#4621,#4622,#4623,#4624));
#2159=AXIS2_PLACEMENT_3D('',#4625,#4626,#4627);
#2160=EDGE_LOOP('',(#4628,#4629,#4630,#4631));
#2161=AXIS2_PLACEMENT_3D('',#4632,#4633,#4634);
#2162=EDGE_LOOP('',(#4635,#4636,#4637,#4638));
#2163=AXIS2_PLACEMENT_3D('',#4639,#4640,#4641);
#2164=EDGE_LOOP('',(#4642,#4643,#4644,#4645));
#2165=AXIS2_PLACEMENT_3D('',#4646,#4647,#4648);
#2166=EDGE_LOOP('',(#4649,#4650,#4651,#4652));
#2167=AXIS2_PLACEMENT_3D('',#4653,#4654,#4655);
#2168=EDGE_LOOP('',(#4656,#4657,#4658,#4659));
#2169=AXIS2_PLACEMENT_3D('',#4660,#4661,#4662);
#2170=EDGE_LOOP('',(#4663,#4664,#4665,#4666));
#2171=AXIS2_PLACEMENT_3D('',#4667,#4668,#4669);
#2172=EDGE_LOOP('',(#4670,#4671,#4672,#4673));
#2173=AXIS2_PLACEMENT_3D('',#4674,#4675,#4676);
#2174=EDGE_LOOP('',(#4677,#4678,#4679,#4680));
#2175=AXIS2_PLACEMENT_3D('',#4681,#4682,#4683);
#2176=EDGE_LOOP('',(#4684,#4685,#4686,#4687));
#2177=AXIS2_PLACEMENT_3D('',#4688,#4689,#4690);
#2178=EDGE_LOOP('',(#4691,#4692,#4693,#4694));
#2179=AXIS2_PLACEMENT_3D('',#4695,#4696,#4697);
#2180=EDGE_LOOP('',(#4698,#4699,#4700,#4701));
#2181=AXIS2_PLACEMENT_3D('',#4702,#4703,#4704);
#2182=EDGE_LOOP('',(#4705,#4706,#4707,#4708));
#2183=AXIS2_PLACEMENT_3D('',#4709,#4710,#4711);
#2184=EDGE_LOOP('',(#4712,#4713,#4714,#4715));
#2185=AXIS2_PLACEMENT_3D('',#4716,#4717,#4718);
#2186=EDGE_LOOP('',(#4719,#4720,#4721,#4722));
#2187=AXIS2_PLACEMENT_3D('',#4723,#4724,#4725);
#2188=EDGE_LOOP('',(#4726,#4727,#4728,#4729));
#2189=AXIS2_PLACEMENT_3D('',#4730,#4731,#4732);
#2190=EDGE_LOOP('',(#4733,#4734,#4735,#4736));
#2191=AXIS2_PLACEMENT_3D('',#4737,#4738,#4739);
#2192=EDGE_LOOP('',(#4740,#4741,#4742,#4743));
#2193=AXIS2_PLACEMENT_3D('',#4744,#4745,#4746);
#2194=EDGE_LOOP('',(#4747,#4748,#4749,#4750));
#2195=AXIS2_PLACEMENT_3D('',#4751,#4752,#4753);
#2196=EDGE_LOOP('',(#4754,#4755,#4756,#4757));
#2197=AXIS2_PLACEMENT_3D('',#4758,#4759,#4760);
#2198=EDGE_LOOP('',(#4761,#4762,#4763,#4764));
#2199=AXIS2_PLACEMENT_3D('',#4765,#4766,#4767);
#2200=EDGE_LOOP('',(#4768,#4769,#4770,#4771));
#2201=AXIS2_PLACEMENT_3D('',#4772,#4773,#4774);
#2202=EDGE_LOOP('',(#4775,#4776,#4777,#4778));
#2203=AXIS2_PLACEMENT_3D('',#4779,#4780,#4781);
#2204=EDGE_LOOP('',(#4782,#4783,#4784,#4785));
#2205=AXIS2_PLACEMENT_3D('',#4786,#4787,#4788);
#2206=EDGE_LOOP('',(#4789,#4790,#4791,#4792));
#2207=AXIS2_PLACEMENT_3D('',#4793,#4794,#4795);
#2208=EDGE_LOOP('',(#4796,#4797,#4798,#4799));
#2209=AXIS2_PLACEMENT_3D('',#4800,#4801,#4802);
#2210=EDGE_LOOP('',(#4803,#4804,#4805,#4806));
#2211=AXIS2_PLACEMENT_3D('',#4807,#4808,#4809);
#2212=EDGE_LOOP('',(#4810,#4811,#4812,#4813));
#2213=AXIS2_PLACEMENT_3D('',#4814,#4815,#4816);
#2214=EDGE_LOOP('',(#4817,#4818,#4819,#4820));
#2215=AXIS2_PLACEMENT_3D('',#4821,#4822,#4823);
#2216=EDGE_LOOP('',(#4824,#4825,#4826,#4827));
#2217=AXIS2_PLACEMENT_3D('',#4828,#4829,#4830);
#2218=EDGE_LOOP('',(#4831,#4832,#4833,#4834));
#2219=AXIS2_PLACEMENT_3D('',#4835,#4836,#4837);
#2220=EDGE_LOOP('',(#4838,#4839,#4840,#4841));
#2221=AXIS2_PLACEMENT_3D('',#4842,#4843,#4844);
#2222=EDGE_LOOP('',(#4845,#4846,#4847,#4848));
#2223=AXIS2_PLACEMENT_3D('',#4849,#4850,#4851);
#2224=EDGE_LOOP('',(#4852,#4853,#4854,#4855));
#2225=AXIS2_PLACEMENT_3D('',#4856,#4857,#4858);
#2226=EDGE_LOOP('',(#4859,#4860,#4861,#4862));
#2227=AXIS2_PLACEMENT_3D('',#4863,#4864,#4865);
#2228=EDGE_LOOP('',(#4866,#4867,#4868,#4869));
#2229=AXIS2_PLACEMENT_3D('',#4870,#4871,#4872);
#2230=EDGE_LOOP('',(#4873,#4874,#4875,#4876));
#2231=AXIS2_PLACEMENT_3D('',#4877,#4878,#4879);
#2232=EDGE_LOOP('',(#4880,#4881,#4882,#4883));
#2233=AXIS2_PLACEMENT_3D('',#4884,#4885,#4886);
#2234=EDGE_LOOP('',(#4887,#4888,#4889,#4890));
#2235=AXIS2_PLACEMENT_3D('',#4891,#4892,#4893);
#2236=EDGE_LOOP('',(#4894,#4895,#4896,#4897,#4898,#4899));
#2237=AXIS2_PLACEMENT_3D('',#4900,#4901,#4902);
#2238=EDGE_LOOP('',(#4903,#4904,#4905,#4906));
#2239=AXIS2_PLACEMENT_3D('',#4907,#4908,#4909);
#2240=EDGE_LOOP('',(#4910,#4911,#4912,#4913,#4914,#4915));
#2241=AXIS2_PLACEMENT_3D('',#4916,#4917,#4918);
#2242=EDGE_LOOP('',(#4919,#4920,#4921,#4922));
#2243=AXIS2_PLACEMENT_3D('',#4923,#4924,#4925);
#2244=EDGE_LOOP('',(#4926,#4927,#4928,#4929));
#2245=AXIS2_PLACEMENT_3D('',#4930,#4931,#4932);
#2246=EDGE_LOOP('',(#4933,#4934,#4935,#4936));
#2247=AXIS2_PLACEMENT_3D('',#4937,#4938,#4939);
#2248=EDGE_LOOP('',(#4940,#4941,#4942,#4943));
#2249=AXIS2_PLACEMENT_3D('',#4944,#4945,#4946);
#2250=EDGE_LOOP('',(#4947,#4948,#4949,#4950,#4951,#4952));
#2251=AXIS2_PLACEMENT_3D('',#4953,#4954,#4955);
#2252=EDGE_LOOP('',(#4956,#4957,#4958,#4959));
#2253=AXIS2_PLACEMENT_3D('',#4960,#4961,#4962);
#2254=EDGE_LOOP('',(#4963,#4964,#4965,#4966));
#2255=AXIS2_PLACEMENT_3D('',#4967,#4968,#4969);
#2256=EDGE_LOOP('',(#4970,#4971,#4972,#4973,#4974,#4975,#4976,#4977,#4978,#4979,#4980,#4981,#4982,#4983,#4984,#4985,#4986,#4987,#4988,#4989,#4990,#4991,#4992,#4993,#4994,#4995,#4996,#4997));
#2257=AXIS2_PLACEMENT_3D('',#4998,#4999,#5000);
#2258=EDGE_LOOP('',(#5001,#5002,#5003,#5004));
#2259=AXIS2_PLACEMENT_3D('',#5005,#5006,#5007);
#2260=EDGE_LOOP('',(#5008,#5009,#5010,#5011));
#2261=AXIS2_PLACEMENT_3D('',#5012,#5013,#5014);
#2262=EDGE_LOOP('',(#5015,#5016,#5017,#5018,#5019,#5020));
#2263=AXIS2_PLACEMENT_3D('',#5021,#5022,#5023);
#2264=EDGE_LOOP('',(#5024,#5025,#5026,#5027));
#2265=AXIS2_PLACEMENT_3D('',#5028,#5029,#5030);
#2266=EDGE_LOOP('',(#5031,#5032,#5033,#5034));
#2267=AXIS2_PLACEMENT_3D('',#5035,#5036,#5037);
#2268=EDGE_LOOP('',(#5038,#5039,#5040,#5041));
#2269=AXIS2_PLACEMENT_3D('',#5042,#5043,#5044);
#2270=EDGE_LOOP('',(#5045,#5046,#5047,#5048));
#2271=AXIS2_PLACEMENT_3D('',#5049,#5050,#5051);
#2272=EDGE_LOOP('',(#5052,#5053,#5054,#5055));
#2273=AXIS2_PLACEMENT_3D('',#5056,#5057,#5058);
#2274=EDGE_LOOP('',(#5059,#5060,#5061,#5062));
#2275=AXIS2_PLACEMENT_3D('',#5063,#5064,#5065);
#2276=EDGE_LOOP('',(#5066,#5067,#5068,#5069,#5070,#5071));
#2277=AXIS2_PLACEMENT_3D('',#5072,#5073,#5074);
#2278=EDGE_LOOP('',(#5075,#5076,#5077,#5078));
#2279=AXIS2_PLACEMENT_3D('',#5079,#5080,#5081);
#2280=EDGE_LOOP('',(#5082,#5083,#5084,#5085));
#2281=AXIS2_PLACEMENT_3D('',#5086,#5087,#5088);
#2282=EDGE_LOOP('',(#5089,#5090,#5091,#5092));
#2283=AXIS2_PLACEMENT_3D('',#5093,#5094,#5095);
#2284=EDGE_LOOP('',(#5096,#5097,#5098,#5099));
#2285=AXIS2_PLACEMENT_3D('',#5100,#5101,#5102);
#2286=EDGE_LOOP('',(#5103,#5104,#5105,#5106));
#2287=AXIS2_PLACEMENT_3D('',#5107,#5108,#5109);
#2288=EDGE_LOOP('',(#5110,#5111,#5112,#5113));
#2289=AXIS2_PLACEMENT_3D('',#5114,#5115,#5116);
#2290=EDGE_LOOP('',(#5117,#5118,#5119,#5120,#5121,#5122));
#2291=AXIS2_PLACEMENT_3D('',#5123,#5124,#5125);
#2292=EDGE_LOOP('',(#5126,#5127,#5128,#5129));
#2293=AXIS2_PLACEMENT_3D('',#5130,#5131,#5132);
#2294=EDGE_LOOP('',(#5133,#5134,#5135,#5136));
#2295=AXIS2_PLACEMENT_3D('',#5137,#5138,#5139);
#2296=EDGE_LOOP('',(#5140,#5141,#5142,#5143));
#2297=AXIS2_PLACEMENT_3D('',#5144,#5145,#5146);
#2298=EDGE_LOOP('',(#5147,#5148,#5149,#5150));
#2299=AXIS2_PLACEMENT_3D('',#5151,#5152,#5153);
#2300=EDGE_LOOP('',(#5154,#5155,#5156,#5157));
#2301=AXIS2_PLACEMENT_3D('',#5158,#5159,#5160);
#2302=EDGE_LOOP('',(#5161,#5162,#5163,#5164));
#2303=AXIS2_PLACEMENT_3D('',#5165,#5166,#5167);
#2304=EDGE_LOOP('',(#5168,#5169,#5170,#5171));
#2305=AXIS2_PLACEMENT_3D('',#5172,#5173,#5174);
#2306=EDGE_LOOP('',(#5175,#5176,#5177,#5178));
#2307=AXIS2_PLACEMENT_3D('',#5179,#5180,#5181);
#2308=EDGE_LOOP('',(#5182,#5183,#5184,#5185));
#2309=AXIS2_PLACEMENT_3D('',#5186,#5187,#5188);
#2310=EDGE_LOOP('',(#5189,#5190,#5191,#5192,#5193,#5194));
#2311=AXIS2_PLACEMENT_3D('',#5195,#5196,#5197);
#2312=EDGE_LOOP('',(#5198,#5199,#5200,#5201));
#2313=AXIS2_PLACEMENT_3D('',#5202,#5203,#5204);
#2314=EDGE_LOOP('',(#5205,#5206,#5207,#5208));
#2315=AXIS2_PLACEMENT_3D('',#5209,#5210,#5211);
#2316=EDGE_LOOP('',(#5212,#5213,#5214,#5215));
#2317=AXIS2_PLACEMENT_3D('',#5216,#5217,#5218);
#2318=EDGE_LOOP('',(#5219,#5220,#5221,#5222));
#2319=AXIS2_PLACEMENT_3D('',#5223,#5224,#5225);
#2320=EDGE_LOOP('',(#5226,#5227,#5228,#5229));
#2321=AXIS2_PLACEMENT_3D('',#5230,#5231,#5232);
#2322=EDGE_LOOP('',(#5233,#5234,#5235,#5236,#5237,#5238));
#2323=AXIS2_PLACEMENT_3D('',#5239,#5240,#5241);
#2324=EDGE_LOOP('',(#5242,#5243,#5244,#5245));
#2325=AXIS2_PLACEMENT_3D('',#5246,#5247,#5248);
#2326=EDGE_LOOP('',(#5249,#5250,#5251,#5252,#5253,#5254));
#2327=AXIS2_PLACEMENT_3D('',#5255,#5256,#5257);
#2328=EDGE_LOOP('',(#5258,#5259,#5260,#5261));
#2329=AXIS2_PLACEMENT_3D('',#5262,#5263,#5264);
#2330=EDGE_LOOP('',(#5265,#5266,#5267,#5268));
#2331=AXIS2_PLACEMENT_3D('',#5269,#5270,#5271);
#2332=EDGE_LOOP('',(#5272,#5273,#5274,#5275));
#2333=AXIS2_PLACEMENT_3D('',#5276,#5277,#5278);
#2334=EDGE_LOOP('',(#5279,#5280,#5281,#5282,#5283,#5284));
#2335=AXIS2_PLACEMENT_3D('',#5285,#5286,#5287);
#2336=EDGE_LOOP('',(#5288,#5289,#5290,#5291));
#2337=AXIS2_PLACEMENT_3D('',#5292,#5293,#5294);
#2338=EDGE_LOOP('',(#5295,#5296,#5297,#5298,#5299,#5300));
#2339=AXIS2_PLACEMENT_3D('',#5301,#5302,#5303);
#2340=EDGE_LOOP('',(#5304,#5305,#5306,#5307));
#2341=AXIS2_PLACEMENT_3D('',#5308,#5309,#5310);
#2342=EDGE_LOOP('',(#5311,#5312,#5313,#5314));
#2343=AXIS2_PLACEMENT_3D('',#5315,#5316,#5317);
#2344=EDGE_LOOP('',(#5318,#5319,#5320,#5321));
#2345=AXIS2_PLACEMENT_3D('',#5322,#5323,#5324);
#2346=EDGE_LOOP('',(#5325,#5326,#5327,#5328,#5329,#5330));
#2347=AXIS2_PLACEMENT_3D('',#5331,#5332,#5333);
#2348=EDGE_LOOP('',(#5334,#5335,#5336,#5337));
#2349=AXIS2_PLACEMENT_3D('',#5338,#5339,#5340);
#2350=EDGE_LOOP('',(#5341,#5342,#5343,#5344));
#2351=AXIS2_PLACEMENT_3D('',#5345,#5346,#5347);
#2352=EDGE_LOOP('',(#5348,#5349,#5350,#5351));
#2353=AXIS2_PLACEMENT_3D('',#5352,#5353,#5354);
#2354=EDGE_LOOP('',(#5355,#5356,#5357,#5358,#5359,#5360));
#2355=AXIS2_PLACEMENT_3D('',#5361,#5362,#5363);
#2356=EDGE_LOOP('',(#5364,#5365,#5366,#5367));
#2357=AXIS2_PLACEMENT_3D('',#5368,#5369,#5370);
#2358=EDGE_LOOP('',(#5371,#5372,#5373,#5374));
#2359=AXIS2_PLACEMENT_3D('',#5375,#5376,#5377);
#2360=EDGE_LOOP('',(#5378,#5379,#5380,#5381));
#2361=AXIS2_PLACEMENT_3D('',#5382,#5383,#5384);
#2362=EDGE_LOOP('',(#5385,#5386,#5387,#5388));
#2363=AXIS2_PLACEMENT_3D('',#5389,#5390,#5391);
#2364=EDGE_LOOP('',(#5392,#5393,#5394,#5395));
#2365=AXIS2_PLACEMENT_3D('',#5396,#5397,#5398);
#2366=EDGE_LOOP('',(#5399,#5400,#5401,#5402));
#2367=AXIS2_PLACEMENT_3D('',#5403,#5404,#5405);
#2368=EDGE_LOOP('',(#5406,#5407,#5408,#5409));
#2369=AXIS2_PLACEMENT_3D('',#5410,#5411,#5412);
#2370=EDGE_LOOP('',(#5413,#5414,#5415,#5416));
#2371=AXIS2_PLACEMENT_3D('',#5417,#5418,#5419);
#2372=EDGE_LOOP('',(#5420,#5421,#5422,#5423));
#2373=AXIS2_PLACEMENT_3D('',#5424,#5425,#5426);
#2374=EDGE_LOOP('',(#5427,#5428,#5429,#5430));
#2375=AXIS2_PLACEMENT_3D('',#5431,#5432,#5433);
#2376=EDGE_LOOP('',(#5434,#5435,#5436,#5437));
#2377=AXIS2_PLACEMENT_3D('',#5438,#5439,#5440);
#2378=EDGE_LOOP('',(#5441,#5442,#5443,#5444));
#2379=AXIS2_PLACEMENT_3D('',#5445,#5446,#5447);
#2380=EDGE_LOOP('',(#5448,#5449,#5450,#5451));
#2381=AXIS2_PLACEMENT_3D('',#5452,#5453,#5454);
#2382=EDGE_LOOP('',(#5455,#5456,#5457,#5458));
#2383=AXIS2_PLACEMENT_3D('',#5459,#5460,#5461);
#2384=EDGE_LOOP('',(#5462,#5463,#5464,#5465));
#2385=AXIS2_PLACEMENT_3D('',#5466,#5467,#5468);
#2386=EDGE_LOOP('',(#5469,#5470,#5471,#5472));
#2387=AXIS2_PLACEMENT_3D('',#5473,#5474,#5475);
#2388=EDGE_LOOP('',(#5476,#5477,#5478,#5479));
#2389=AXIS2_PLACEMENT_3D('',#5480,#5481,#5482);
#2390=EDGE_LOOP('',(#5483,#5484,#5485,#5486));
#2391=AXIS2_PLACEMENT_3D('',#5487,#5488,#5489);
#2392=EDGE_LOOP('',(#5490,#5491,#5492,#5493,#5494,#5495));
#2393=AXIS2_PLACEMENT_3D('',#5496,#5497,#5498);
#2394=EDGE_LOOP('',(#5499,#5500,#5501,#5502));
#2395=AXIS2_PLACEMENT_3D('',#5503,#5504,#5505);
#2396=EDGE_LOOP('',(#5506,#5507,#5508,#5509));
#2397=AXIS2_PLACEMENT_3D('',#5510,#5511,#5512);
#2398=EDGE_LOOP('',(#5513,#5514,#5515,#5516));
#2399=AXIS2_PLACEMENT_3D('',#5517,#5518,#5519);
#2400=EDGE_LOOP('',(#5520,#5521,#5522,#5523));
#2401=AXIS2_PLACEMENT_3D('',#5524,#5525,#5526);
#2402=EDGE_LOOP('',(#5527,#5528,#5529,#5530,#5531,#5532));
#2403=AXIS2_PLACEMENT_3D('',#5533,#5534,#5535);
#2404=EDGE_LOOP('',(#5536,#5537,#5538,#5539,#5540,#5541));
#2405=AXIS2_PLACEMENT_3D('',#5542,#5543,#5544);
#2406=EDGE_LOOP('',(#5545,#5546,#5547,#5548,#5549,#5550));
#2407=AXIS2_PLACEMENT_3D('',#5551,#5552,#5553);
#2408=EDGE_LOOP('',(#5554,#5555,#5556,#5557,#5558,#5559));
#2409=AXIS2_PLACEMENT_3D('',#5560,#5561,#5562);
#2410=EDGE_LOOP('',(#5563,#5564,#5565,#5566));
#2411=AXIS2_PLACEMENT_3D('',#5567,#5568,#5569);
#2412=EDGE_LOOP('',(#5570,#5571,#5572,#5573));
#2413=AXIS2_PLACEMENT_3D('',#5574,#5575,#5576);
#2414=EDGE_LOOP('',(#5577,#5578,#5579,#5580));
#2415=AXIS2_PLACEMENT_3D('',#5581,#5582,#5583);
#2416=EDGE_LOOP('',(#5584,#5585,#5586,#5587,#5588,#5589));
#2417=AXIS2_PLACEMENT_3D('',#5590,#5591,#5592);
#2418=EDGE_LOOP('',(#5593,#5594,#5595,#5596));
#2419=AXIS2_PLACEMENT_3D('',#5597,#5598,#5599);
#2420=EDGE_LOOP('',(#5600,#5601,#5602,#5603,#5604,#5605));
#2421=AXIS2_PLACEMENT_3D('',#5606,#5607,#5608);
#2422=EDGE_LOOP('',(#5609,#5610,#5611,#5612));
#2423=AXIS2_PLACEMENT_3D('',#5613,#5614,#5615);
#2424=EDGE_LOOP('',(#5616,#5617,#5618,#5619));
#2425=AXIS2_PLACEMENT_3D('',#5620,#5621,#5622);
#2426=EDGE_LOOP('',(#5623,#5624,#5625,#5626));
#2427=AXIS2_PLACEMENT_3D('',#5627,#5628,#5629);
#2428=EDGE_LOOP('',(#5630,#5631,#5632,#5633));
#2429=AXIS2_PLACEMENT_3D('',#5634,#5635,#5636);
#2430=EDGE_LOOP('',(#5637,#5638,#5639,#5640));
#2431=AXIS2_PLACEMENT_3D('',#5641,#5642,#5643);
#2432=EDGE_LOOP('',(#5644,#5645,#5646,#5647,#5648,#5649));
#2433=AXIS2_PLACEMENT_3D('',#5650,#5651,#5652);
#2434=EDGE_LOOP('',(#5653,#5654,#5655,#5656));
#2435=AXIS2_PLACEMENT_3D('',#5657,#5658,#5659);
#2436=EDGE_LOOP('',(#5660,#5661,#5662,#5663));
#2437=AXIS2_PLACEMENT_3D('',#5664,#5665,#5666);
#2438=EDGE_LOOP('',(#5667,#5668,#5669,#5670));
#2439=AXIS2_PLACEMENT_3D('',#5671,#5672,#5673);
#2440=EDGE_LOOP('',(#5674,#5675,#5676,#5677));
#2441=AXIS2_PLACEMENT_3D('',#5678,#5679,#5680);
#2442=EDGE_LOOP('',(#5681,#5682,#5683,#5684));
#2443=AXIS2_PLACEMENT_3D('',#5685,#5686,#5687);
#2444=EDGE_LOOP('',(#5688,#5689,#5690,#5691));
#2445=AXIS2_PLACEMENT_3D('',#5692,#5693,#5694);
#2446=EDGE_LOOP('',(#5695,#5696,#5697,#5698));
#2447=AXIS2_PLACEMENT_3D('',#5699,#5700,#5701);
#2448=EDGE_LOOP('',(#5702,#5703,#5704,#5705));
#2449=AXIS2_PLACEMENT_3D('',#5706,#5707,#5708);
#2450=EDGE_LOOP('',(#5709,#5710,#5711,#5712));
#2451=AXIS2_PLACEMENT_3D('',#5713,#5714,#5715);
#2452=EDGE_LOOP('',(#5716,#5717,#5718,#5719));
#2453=AXIS2_PLACEMENT_3D('',#5720,#5721,#5722);
#2454=EDGE_LOOP('',(#5723,#5724,#5725,#5726));
#2455=AXIS2_PLACEMENT_3D('',#5727,#5728,#5729);
#2456=EDGE_LOOP('',(#5730,#5731,#5732,#5733,#5734,#5735));
#2457=AXIS2_PLACEMENT_3D('',#5736,#5737,#5738);
#2458=EDGE_LOOP('',(#5739,#5740,#5741,#5742));
#2459=AXIS2_PLACEMENT_3D('',#5743,#5744,#5745);
#2460=EDGE_LOOP('',(#5746,#5747,#5748,#5749,#5750,#5751));
#2461=AXIS2_PLACEMENT_3D('',#5752,#5753,#5754);
#2462=EDGE_LOOP('',(#5755,#5756,#5757,#5758));
#2463=AXIS2_PLACEMENT_3D('',#5759,#5760,#5761);
#2464=EDGE_LOOP('',(#5762,#5763,#5764,#5765));
#2465=AXIS2_PLACEMENT_3D('',#5766,#5767,#5768);
#2466=EDGE_LOOP('',(#5769,#5770,#5771,#5772));
#2467=AXIS2_PLACEMENT_3D('',#5773,#5774,#5775);
#2468=EDGE_LOOP('',(#5776,#5777,#5778,#5779));
#2469=AXIS2_PLACEMENT_3D('',#5780,#5781,#5782);
#2470=EDGE_LOOP('',(#5783,#5784,#5785,#5786));
#2471=AXIS2_PLACEMENT_3D('',#5787,#5788,#5789);
#2472=EDGE_LOOP('',(#5790,#5791,#5792,#5793));
#2473=AXIS2_PLACEMENT_3D('',#5794,#5795,#5796);
#2474=EDGE_LOOP('',(#5797,#5798,#5799,#5800));
#2475=AXIS2_PLACEMENT_3D('',#5801,#5802,#5803);
#2476=EDGE_LOOP('',(#5804,#5805,#5806,#5807));
#2477=AXIS2_PLACEMENT_3D('',#5808,#5809,#5810);
#2478=EDGE_LOOP('',(#5811,#5812,#5813,#5814));
#2479=AXIS2_PLACEMENT_3D('',#5815,#5816,#5817);
#2480=EDGE_LOOP('',(#5818,#5819,#5820,#5821));
#2481=AXIS2_PLACEMENT_3D('',#5822,#5823,#5824);
#2482=EDGE_LOOP('',(#5825,#5826,#5827,#5828));
#2483=AXIS2_PLACEMENT_3D('',#5829,#5830,#5831);
#2484=EDGE_LOOP('',(#5832,#5833,#5834,#5835));
#2485=AXIS2_PLACEMENT_3D('',#5836,#5837,#5838);
#2486=EDGE_LOOP('',(#5839,#5840,#5841,#5842,#5843,#5844));
#2487=AXIS2_PLACEMENT_3D('',#5845,#5846,#5847);
#2488=EDGE_LOOP('',(#5848,#5849,#5850,#5851));
#2489=AXIS2_PLACEMENT_3D('',#5852,#5853,#5854);
#2490=EDGE_LOOP('',(#5855,#5856,#5857,#5858));
#2491=AXIS2_PLACEMENT_3D('',#5859,#5860,#5861);
#2492=EDGE_LOOP('',(#5862,#5863,#5864,#5865));
#2493=AXIS2_PLACEMENT_3D('',#5866,#5867,#5868);
#2494=EDGE_LOOP('',(#5869,#5870,#5871,#5872));
#2495=AXIS2_PLACEMENT_3D('',#5873,#5874,#5875);
#2496=EDGE_LOOP('',(#5876,#5877,#5878,#5879,#5880,#5881));
#2497=AXIS2_PLACEMENT_3D('',#5882,#5883,#5884);
#2498=EDGE_LOOP('',(#5885,#5886,#5887,#5888,#5889));
#2499=AXIS2_PLACEMENT_3D('',#5890,#5891,#5892);
#2500=EDGE_LOOP('',(#5893,#5894,#5895,#5896));
#2501=AXIS2_PLACEMENT_3D('',#5897,#5898,#5899);
#2502=EDGE_LOOP('',(#5900,#5901,#5902,#5903,#5904));
#2503=AXIS2_PLACEMENT_3D('',#5905,#5906,#5907);
#2504=EDGE_LOOP('',(#5908,#5909,#5910,#5911));
#2505=AXIS2_PLACEMENT_3D('',#5912,#5913,#5914);
#2506=EDGE_LOOP('',(#5915,#5916,#5917,#5918));
#2507=AXIS2_PLACEMENT_3D('',#5919,#5920,#5921);
#2508=EDGE_LOOP('',(#5922,#5923,#5924,#5925));
#2509=AXIS2_PLACEMENT_3D('',#5926,#5927,#5928);
#2510=EDGE_LOOP('',(#5929,#5930,#5931,#5932));
#2511=AXIS2_PLACEMENT_3D('',#5933,#5934,#5935);
#2512=EDGE_LOOP('',(#5936,#5937,#5938,#5939));
#2513=AXIS2_PLACEMENT_3D('',#5940,#5941,#5942);
#2514=EDGE_LOOP('',(#5943,#5944,#5945,#5946,#5947,#5948));
#2515=AXIS2_PLACEMENT_3D('',#5949,#5950,#5951);
#2516=EDGE_LOOP('',(#5952,#5953,#5954,#5955));
#2517=AXIS2_PLACEMENT_3D('',#5956,#5957,#5958);
#2518=EDGE_LOOP('',(#5959,#5960,#5961,#5962,#5963,#5964));
#2519=AXIS2_PLACEMENT_3D('',#5965,#5966,#5967);
#2520=EDGE_LOOP('',(#5968,#5969,#5970,#5971));
#2521=AXIS2_PLACEMENT_3D('',#5972,#5973,#5974);
#2522=EDGE_LOOP('',(#5975,#5976,#5977,#5978));
#2523=AXIS2_PLACEMENT_3D('',#5979,#5980,#5981);
#2524=EDGE_LOOP('',(#5982,#5983,#5984,#5985,#5986,#5987));
#2525=AXIS2_PLACEMENT_3D('',#5988,#5989,#5990);
#2526=EDGE_LOOP('',(#5991,#5992,#5993,#5994));
#2527=AXIS2_PLACEMENT_3D('',#5995,#5996,#5997);
#2528=EDGE_LOOP('',(#5998,#5999,#6000,#6001,#6002,#6003));
#2529=AXIS2_PLACEMENT_3D('',#6004,#6005,#6006);
#2530=EDGE_LOOP('',(#6007,#6008,#6009,#6010));
#2531=AXIS2_PLACEMENT_3D('',#6011,#6012,#6013);
#2532=EDGE_LOOP('',(#6014,#6015,#6016,#6017));
#2533=AXIS2_PLACEMENT_3D('',#6018,#6019,#6020);
#2534=EDGE_LOOP('',(#6021,#6022,#6023,#6024));
#2535=AXIS2_PLACEMENT_3D('',#6025,#6026,#6027);
#2536=EDGE_LOOP('',(#6028,#6029,#6030,#6031));
#2537=AXIS2_PLACEMENT_3D('',#6032,#6033,#6034);
#2538=EDGE_LOOP('',(#6035,#6036,#6037,#6038,#6039,#6040));
#2539=AXIS2_PLACEMENT_3D('',#6041,#6042,#6043);
#2540=EDGE_LOOP('',(#6044,#6045,#6046,#6047));
#2541=AXIS2_PLACEMENT_3D('',#6048,#6049,#6050);
#2542=EDGE_LOOP('',(#6051,#6052,#6053,#6054));
#2543=AXIS2_PLACEMENT_3D('',#6055,#6056,#6057);
#2544=EDGE_LOOP('',(#6058,#6059,#6060,#6061));
#2545=AXIS2_PLACEMENT_3D('',#6062,#6063,#6064);
#2546=EDGE_LOOP('',(#6065,#6066,#6067,#6068));
#2547=AXIS2_PLACEMENT_3D('',#6069,#6070,#6071);
#2548=EDGE_LOOP('',(#6072,#6073,#6074,#6075));
#2549=AXIS2_PLACEMENT_3D('',#6076,#6077,#6078);
#2550=EDGE_LOOP('',(#6079,#6080,#6081,#6082));
#2551=AXIS2_PLACEMENT_3D('',#6083,#6084,#6085);
#2552=EDGE_LOOP('',(#6086,#6087,#6088,#6089));
#2553=AXIS2_PLACEMENT_3D('',#6090,#6091,#6092);
#2554=EDGE_LOOP('',(#6093,#6094,#6095,#6096));
#2555=AXIS2_PLACEMENT_3D('',#6097,#6098,#6099);
#2556=EDGE_LOOP('',(#6100,#6101,#6102,#6103));
#2557=AXIS2_PLACEMENT_3D('',#6104,#6105,#6106);
#2558=EDGE_LOOP('',(#6107,#6108,#6109,#6110));
#2559=AXIS2_PLACEMENT_3D('',#6111,#6112,#6113);
#2560=EDGE_LOOP('',(#6114,#6115,#6116,#6117));
#2561=AXIS2_PLACEMENT_3D('',#6118,#6119,#6120);
#2562=EDGE_LOOP('',(#6121,#6122,#6123,#6124));
#2563=AXIS2_PLACEMENT_3D('',#6125,#6126,#6127);
#2564=EDGE_LOOP('',(#6128,#6129,#6130,#6131));
#2565=AXIS2_PLACEMENT_3D('',#6132,#6133,#6134);
#2566=EDGE_LOOP('',(#6135,#6136,#6137,#6138));
#2567=AXIS2_PLACEMENT_3D('',#6139,#6140,#6141);
#2568=EDGE_LOOP('',(#6142,#6143,#6144,#6145,#6146,#6147));
#2569=AXIS2_PLACEMENT_3D('',#6148,#6149,#6150);
#2570=EDGE_LOOP('',(#6151,#6152,#6153,#6154));
#2571=AXIS2_PLACEMENT_3D('',#6155,#6156,#6157);
#2572=EDGE_LOOP('',(#6158,#6159,#6160,#6161));
#2573=AXIS2_PLACEMENT_3D('',#6162,#6163,#6164);
#2574=EDGE_LOOP('',(#6165,#6166,#6167,#6168));
#2575=AXIS2_PLACEMENT_3D('',#6169,#6170,#6171);
#2576=EDGE_LOOP('',(#6172,#6173,#6174,#6175));
#2577=AXIS2_PLACEMENT_3D('',#6176,#6177,#6178);
#2578=EDGE_LOOP('',(#6179,#6180,#6181,#6182,#6183,#6184));
#2579=AXIS2_PLACEMENT_3D('',#6185,#6186,#6187);
#2580=EDGE_LOOP('',(#6188,#6189,#6190,#6191));
#2581=AXIS2_PLACEMENT_3D('',#6192,#6193,#6194);
#2582=EDGE_LOOP('',(#6195,#6196,#6197,#6198));
#2583=AXIS2_PLACEMENT_3D('',#6199,#6200,#6201);
#2584=EDGE_LOOP('',(#6202,#6203,#6204,#6205));
#2585=AXIS2_PLACEMENT_3D('',#6206,#6207,#6208);
#2586=EDGE_LOOP('',(#6209,#6210,#6211,#6212));
#2587=AXIS2_PLACEMENT_3D('',#6213,#6214,#6215);
#2588=EDGE_LOOP('',(#6216,#6217,#6218,#6219));
#2589=AXIS2_PLACEMENT_3D('',#6220,#6221,#6222);
#2590=EDGE_LOOP('',(#6223,#6224,#6225,#6226));
#2591=AXIS2_PLACEMENT_3D('',#6227,#6228,#6229);
#2592=EDGE_LOOP('',(#6230,#6231,#6232,#6233,#6234,#6235));
#2593=AXIS2_PLACEMENT_3D('',#6236,#6237,#6238);
#2594=EDGE_LOOP('',(#6239,#6240,#6241,#6242));
#2595=AXIS2_PLACEMENT_3D('',#6243,#6244,#6245);
#2596=EDGE_LOOP('',(#6246,#6247,#6248,#6249));
#2597=AXIS2_PLACEMENT_3D('',#6250,#6251,#6252);
#2598=EDGE_LOOP('',(#6253,#6254,#6255,#6256));
#2599=AXIS2_PLACEMENT_3D('',#6257,#6258,#6259);
#2600=EDGE_LOOP('',(#6260,#6261,#6262,#6263));
#2601=AXIS2_PLACEMENT_3D('',#6264,#6265,#6266);
#2602=EDGE_LOOP('',(#6267,#6268,#6269,#6270));
#2603=AXIS2_PLACEMENT_3D('',#6271,#6272,#6273);
#2604=EDGE_LOOP('',(#6274,#6275,#6276,#6277,#6278));
#2605=AXIS2_PLACEMENT_3D('',#6279,#6280,#6281);
#2606=EDGE_LOOP('',(#6282,#6283,#6284,#6285));
#2607=AXIS2_PLACEMENT_3D('',#6286,#6287,#6288);
#2608=EDGE_LOOP('',(#6289,#6290,#6291,#6292,#6293));
#2609=AXIS2_PLACEMENT_3D('',#6294,#6295,#6296);
#2610=EDGE_LOOP('',(#6297,#6298,#6299,#6300));
#2611=AXIS2_PLACEMENT_3D('',#6301,#6302,#6303);
#2612=EDGE_LOOP('',(#6304,#6305,#6306,#6307));
#2613=AXIS2_PLACEMENT_3D('',#6308,#6309,#6310);
#2614=EDGE_LOOP('',(#6311,#6312,#6313,#6314,#6315));
#2615=AXIS2_PLACEMENT_3D('',#6316,#6317,#6318);
#2616=EDGE_LOOP('',(#6319,#6320,#6321,#6322));
#2617=AXIS2_PLACEMENT_3D('',#6323,#6324,#6325);
#2618=EDGE_LOOP('',(#6326,#6327,#6328,#6329,#6330));
#2619=AXIS2_PLACEMENT_3D('',#6331,#6332,#6333);
#2620=EDGE_LOOP('',(#6334,#6335,#6336,#6337));
#2621=AXIS2_PLACEMENT_3D('',#6338,#6339,#6340);
#2622=EDGE_LOOP('',(#6341,#6342,#6343,#6344));
#2623=AXIS2_PLACEMENT_3D('',#6345,#6346,#6347);
#2624=EDGE_LOOP('',(#6348,#6349,#6350,#6351,#6352));
#2625=AXIS2_PLACEMENT_3D('',#6353,#6354,#6355);
#2626=EDGE_LOOP('',(#6356,#6357,#6358,#6359));
#2627=AXIS2_PLACEMENT_3D('',#6360,#6361,#6362);
#2628=EDGE_LOOP('',(#6363,#6364,#6365,#6366,#6367));
#2629=AXIS2_PLACEMENT_3D('',#6368,#6369,#6370);
#2630=EDGE_LOOP('',(#6371,#6372,#6373,#6374));
#2631=AXIS2_PLACEMENT_3D('',#6375,#6376,#6377);
#2632=EDGE_LOOP('',(#6378,#6379,#6380,#6381));
#2633=AXIS2_PLACEMENT_3D('',#6382,#6383,#6384);
#2634=EDGE_LOOP('',(#6385,#6386,#6387,#6388));
#2635=AXIS2_PLACEMENT_3D('',#6389,#6390,#6391);
#2636=EDGE_LOOP('',(#6392,#6393,#6394,#6395));
#2637=AXIS2_PLACEMENT_3D('',#6396,#6397,#6398);
#2638=EDGE_LOOP('',(#6399,#6400,#6401,#6402,#6403,#6404));
#2639=AXIS2_PLACEMENT_3D('',#6405,#6406,#6407);
#2640=EDGE_LOOP('',(#6408,#6409,#6410,#6411));
#2641=AXIS2_PLACEMENT_3D('',#6412,#6413,#6414);
#2642=EDGE_LOOP('',(#6415,#6416,#6417,#6418));
#2643=AXIS2_PLACEMENT_3D('',#6419,#6420,#6421);
#2644=EDGE_LOOP('',(#6422,#6423,#6424,#6425));
#2645=AXIS2_PLACEMENT_3D('',#6426,#6427,#6428);
#2646=EDGE_LOOP('',(#6429,#6430,#6431,#6432,#6433,#6434));
#2647=AXIS2_PLACEMENT_3D('',#6435,#6436,#6437);
#2648=EDGE_LOOP('',(#6438,#6439,#6440,#6441));
#2649=AXIS2_PLACEMENT_3D('',#6442,#6443,#6444);
#2650=EDGE_LOOP('',(#6445,#6446,#6447,#6448,#6449,#6450));
#2651=AXIS2_PLACEMENT_3D('',#6451,#6452,#6453);
#2652=EDGE_LOOP('',(#6454,#6455,#6456,#6457));
#2653=AXIS2_PLACEMENT_3D('',#6458,#6459,#6460);
#2654=EDGE_LOOP('',(#6461,#6462,#6463,#6464));
#2655=AXIS2_PLACEMENT_3D('',#6465,#6466,#6467);
#2656=EDGE_LOOP('',(#6468,#6469,#6470,#6471));
#2657=AXIS2_PLACEMENT_3D('',#6472,#6473,#6474);
#2658=EDGE_LOOP('',(#6475,#6476,#6477,#6478));
#2659=AXIS2_PLACEMENT_3D('',#6479,#6480,#6481);
#2660=EDGE_LOOP('',(#6482,#6483,#6484,#6485));
#2661=AXIS2_PLACEMENT_3D('',#6486,#6487,#6488);
#2662=EDGE_LOOP('',(#6489,#6490,#6491,#6492));
#2663=AXIS2_PLACEMENT_3D('',#6493,#6494,#6495);
#2664=EDGE_LOOP('',(#6496,#6497,#6498,#6499));
#2665=AXIS2_PLACEMENT_3D('',#6500,#6501,#6502);
#2666=EDGE_LOOP('',(#6503,#6504,#6505,#6506));
#2667=AXIS2_PLACEMENT_3D('',#6507,#6508,#6509);
#2668=EDGE_LOOP('',(#6510,#6511,#6512,#6513));
#2669=AXIS2_PLACEMENT_3D('',#6514,#6515,#6516);
#2670=EDGE_LOOP('',(#6517,#6518,#6519,#6520));
#2671=AXIS2_PLACEMENT_3D('',#6521,#6522,#6523);
#2672=EDGE_LOOP('',(#6524,#6525,#6526,#6527));
#2673=AXIS2_PLACEMENT_3D('',#6528,#6529,#6530);
#2674=EDGE_LOOP('',(#6531,#6532,#6533,#6534));
#2675=AXIS2_PLACEMENT_3D('',#6535,#6536,#6537);
#2676=EDGE_LOOP('',(#6538,#6539,#6540,#6541));
#2677=AXIS2_PLACEMENT_3D('',#6542,#6543,#6544);
#2678=EDGE_LOOP('',(#6545,#6546,#6547,#6548));
#2679=AXIS2_PLACEMENT_3D('',#6549,#6550,#6551);
#2680=EDGE_LOOP('',(#6552,#6553,#6554,#6555));
#2681=AXIS2_PLACEMENT_3D('',#6556,#6557,#6558);
#2682=EDGE_LOOP('',(#6559,#6560,#6561,#6562));
#2683=AXIS2_PLACEMENT_3D('',#6563,#6564,#6565);
#2684=EDGE_LOOP('',(#6566,#6567,#6568,#6569));
#2685=AXIS2_PLACEMENT_3D('',#6570,#6571,#6572);
#2686=EDGE_LOOP('',(#6573,#6574,#6575,#6576));
#2687=AXIS2_PLACEMENT_3D('',#6577,#6578,#6579);
#2688=EDGE_LOOP('',(#6580,#6581,#6582,#6583));
#2689=AXIS2_PLACEMENT_3D('',#6584,#6585,#6586);
#2690=EDGE_LOOP('',(#6587,#6588,#6589,#6590,#6591,#6592));
#2691=AXIS2_PLACEMENT_3D('',#6593,#6594,#6595);
#2692=EDGE_LOOP('',(#6596,#6597,#6598,#6599));
#2693=AXIS2_PLACEMENT_3D('',#6600,#6601,#6602);
#2694=EDGE_LOOP('',(#6603,#6604,#6605,#6606));
#2695=AXIS2_PLACEMENT_3D('',#6607,#6608,#6609);
#2696=EDGE_LOOP('',(#6610,#6611,#6612,#6613));
#2697=AXIS2_PLACEMENT_3D('',#6614,#6615,#6616);
#2698=EDGE_LOOP('',(#6617,#6618,#6619,#6620));
#2699=AXIS2_PLACEMENT_3D('',#6621,#6622,#6623);
#2700=EDGE_LOOP('',(#6624,#6625,#6626,#6627));
#2701=AXIS2_PLACEMENT_3D('',#6628,#6629,#6630);
#2702=EDGE_LOOP('',(#6631,#6632,#6633,#6634));
#2703=AXIS2_PLACEMENT_3D('',#6635,#6636,#6637);
#2704=EDGE_LOOP('',(#6638,#6639,#6640,#6641));
#2705=AXIS2_PLACEMENT_3D('',#6642,#6643,#6644);
#2706=EDGE_LOOP('',(#6645,#6646,#6647,#6648));
#2707=AXIS2_PLACEMENT_3D('',#6649,#6650,#6651);
#2708=EDGE_LOOP('',(#6652,#6653,#6654,#6655));
#2709=AXIS2_PLACEMENT_3D('',#6656,#6657,#6658);
#2710=EDGE_LOOP('',(#6659,#6660,#6661,#6662));
#2711=AXIS2_PLACEMENT_3D('',#6663,#6664,#6665);
#2712=EDGE_LOOP('',(#6666,#6667,#6668,#6669));
#2713=AXIS2_PLACEMENT_3D('',#6670,#6671,#6672);
#2714=EDGE_LOOP('',(#6673,#6674,#6675,#6676));
#2715=AXIS2_PLACEMENT_3D('',#6677,#6678,#6679);
#2716=EDGE_LOOP('',(#6680,#6681,#6682,#6683));
#2717=AXIS2_PLACEMENT_3D('',#6684,#6685,#6686);
#2718=EDGE_LOOP('',(#6687,#6688,#6689,#6690));
#2719=AXIS2_PLACEMENT_3D('',#6691,#6692,#6693);
#2720=EDGE_LOOP('',(#6694,#6695,#6696,#6697));
#2721=AXIS2_PLACEMENT_3D('',#6698,#6699,#6700);
#2722=EDGE_LOOP('',(#6701,#6702,#6703,#6704));
#2723=AXIS2_PLACEMENT_3D('',#6705,#6706,#6707);
#2724=EDGE_LOOP('',(#6708,#6709,#6710,#6711));
#2725=AXIS2_PLACEMENT_3D('',#6712,#6713,#6714);
#2726=EDGE_LOOP('',(#6715,#6716,#6717,#6718));
#2727=AXIS2_PLACEMENT_3D('',#6719,#6720,#6721);
#2728=EDGE_LOOP('',(#6722,#6723,#6724,#6725));
#2729=AXIS2_PLACEMENT_3D('',#6726,#6727,#6728);
#2730=EDGE_LOOP('',(#6729,#6730,#6731,#6732));
#2731=AXIS2_PLACEMENT_3D('',#6733,#6734,#6735);
#2732=EDGE_LOOP('',(#6736,#6737,#6738,#6739));
#2733=AXIS2_PLACEMENT_3D('',#6740,#6741,#6742);
#2734=EDGE_LOOP('',(#6743,#6744,#6745,#6746));
#2735=AXIS2_PLACEMENT_3D('',#6747,#6748,#6749);
#2736=EDGE_LOOP('',(#6750,#6751,#6752,#6753));
#2737=AXIS2_PLACEMENT_3D('',#6754,#6755,#6756);
#2738=EDGE_LOOP('',(#6757,#6758,#6759,#6760));
#2739=AXIS2_PLACEMENT_3D('',#6761,#6762,#6763);
#2740=EDGE_LOOP('',(#6764,#6765,#6766,#6767));
#2741=AXIS2_PLACEMENT_3D('',#6768,#6769,#6770);
#2742=EDGE_LOOP('',(#6771,#6772,#6773,#6774));
#2743=AXIS2_PLACEMENT_3D('',#6775,#6776,#6777);
#2744=EDGE_LOOP('',(#6778,#6779,#6780,#6781));
#2745=AXIS2_PLACEMENT_3D('',#6782,#6783,#6784);
#2746=EDGE_LOOP('',(#6785,#6786,#6787,#6788));
#2747=AXIS2_PLACEMENT_3D('',#6789,#6790,#6791);
#2748=EDGE_LOOP('',(#6792,#6793,#6794,#6795));
#2749=AXIS2_PLACEMENT_3D('',#6796,#6797,#6798);
#2750=EDGE_LOOP('',(#6799,#6800,#6801,#6802));
#2751=AXIS2_PLACEMENT_3D('',#6803,#6804,#6805);
#2752=EDGE_LOOP('',(#6806,#6807,#6808,#6809));
#2753=AXIS2_PLACEMENT_3D('',#6810,#6811,#6812);
#2754=EDGE_LOOP('',(#6813,#6814,#6815,#6816));
#2755=AXIS2_PLACEMENT_3D('',#6817,#6818,#6819);
#2756=EDGE_LOOP('',(#6820,#6821,#6822,#6823));
#2757=AXIS2_PLACEMENT_3D('',#6824,#6825,#6826);
#2758=EDGE_LOOP('',(#6827,#6828,#6829,#6830,#6831,#6832));
#2759=AXIS2_PLACEMENT_3D('',#6833,#6834,#6835);
#2760=EDGE_LOOP('',(#6836,#6837,#6838,#6839,#6840,#6841,#6842));
#2761=AXIS2_PLACEMENT_3D('',#6843,#6844,#6845);
#2762=EDGE_LOOP('',(#6846,#6847,#6848,#6849));
#2763=AXIS2_PLACEMENT_3D('',#6850,#6851,#6852);
#2764=EDGE_LOOP('',(#6853,#6854,#6855,#6856));
#2765=AXIS2_PLACEMENT_3D('',#6857,#6858,#6859);
#2766=EDGE_LOOP('',(#6860,#6861,#6862,#6863));
#2767=AXIS2_PLACEMENT_3D('',#6864,#6865,#6866);
#2768=EDGE_LOOP('',(#6867,#6868,#6869,#6870,#6871,#6872,#6873,#6874,#6875,#6876,#6877,#6878));
#2769=AXIS2_PLACEMENT_3D('',#6879,#6880,#6881);
#2770=EDGE_LOOP('',(#6882,#6883,#6884,#6885));
#2771=AXIS2_PLACEMENT_3D('',#6886,#6887,#6888);
#2772=EDGE_LOOP('',(#6889,#6890,#6891,#6892));
#2773=AXIS2_PLACEMENT_3D('',#6893,#6894,#6895);
#2774=EDGE_LOOP('',(#6896,#6897,#6898,#6899));
#2775=AXIS2_PLACEMENT_3D('',#6900,#6901,#6902);
#2776=EDGE_LOOP('',(#6903,#6904,#6905,#6906));
#2777=AXIS2_PLACEMENT_3D('',#6907,#6908,#6909);
#2778=EDGE_LOOP('',(#6910,#6911,#6912,#6913));
#2779=AXIS2_PLACEMENT_3D('',#6914,#6915,#6916);
#2780=EDGE_LOOP('',(#6917,#6918,#6919,#6920));
#2781=AXIS2_PLACEMENT_3D('',#6921,#6922,#6923);
#2782=EDGE_LOOP('',(#6924,#6925,#6926,#6927,#6928,#6929));
#2783=AXIS2_PLACEMENT_3D('',#6930,#6931,#6932);
#2784=EDGE_LOOP('',(#6933,#6934,#6935,#6936));
#2785=AXIS2_PLACEMENT_3D('',#6937,#6938,#6939);
#2786=EDGE_LOOP('',(#6940,#6941,#6942,#6943));
#2787=AXIS2_PLACEMENT_3D('',#6944,#6945,#6946);
#2788=EDGE_LOOP('',(#6947,#6948,#6949,#6950));
#2789=AXIS2_PLACEMENT_3D('',#6951,#6952,#6953);
#2790=EDGE_LOOP('',(#6954,#6955,#6956,#6957));
#2791=AXIS2_PLACEMENT_3D('',#6958,#6959,#6960);
#2792=EDGE_LOOP('',(#6961,#6962,#6963,#6964));
#2793=AXIS2_PLACEMENT_3D('',#6965,#6966,#6967);
#2794=EDGE_LOOP('',(#6968,#6969,#6970,#6971));
#2795=AXIS2_PLACEMENT_3D('',#6972,#6973,#6974);
#2796=EDGE_LOOP('',(#6975,#6976,#6977,#6978));
#2797=AXIS2_PLACEMENT_3D('',#6979,#6980,#6981);
#2798=EDGE_LOOP('',(#6982,#6983,#6984,#6985));
#2799=AXIS2_PLACEMENT_3D('',#6986,#6987,#6988);
#2800=EDGE_LOOP('',(#6989,#6990,#6991,#6992));
#2801=AXIS2_PLACEMENT_3D('',#6993,#6994,#6995);
#2802=EDGE_LOOP('',(#6996,#6997,#6998,#6999));
#2803=AXIS2_PLACEMENT_3D('',#7000,#7001,#7002);
#2804=EDGE_LOOP('',(#7003,#7004,#7005,#7006));
#2805=AXIS2_PLACEMENT_3D('',#7007,#7008,#7009);
#2806=EDGE_LOOP('',(#7010,#7011,#7012,#7013));
#2807=AXIS2_PLACEMENT_3D('',#7014,#7015,#7016);
#2808=EDGE_LOOP('',(#7017,#7018,#7019,#7020));
#2809=AXIS2_PLACEMENT_3D('',#7021,#7022,#7023);
#2810=EDGE_LOOP('',(#7024,#7025,#7026,#7027));
#2811=AXIS2_PLACEMENT_3D('',#7028,#7029,#7030);
#2812=EDGE_LOOP('',(#7031,#7032,#7033,#7034));
#2813=AXIS2_PLACEMENT_3D('',#7035,#7036,#7037);
#2814=EDGE_LOOP('',(#7038,#7039,#7040,#7041));
#2815=AXIS2_PLACEMENT_3D('',#7042,#7043,#7044);
#2816=EDGE_LOOP('',(#7045,#7046,#7047,#7048));
#2817=AXIS2_PLACEMENT_3D('',#7049,#7050,#7051);
#2818=EDGE_LOOP('',(#7052,#7053,#7054,#7055));
#2819=AXIS2_PLACEMENT_3D('',#7056,#7057,#7058);
#2820=EDGE_LOOP('',(#7059,#7060,#7061,#7062));
#2821=AXIS2_PLACEMENT_3D('',#7063,#7064,#7065);
#2822=EDGE_LOOP('',(#7066,#7067,#7068,#7069));
#2823=AXIS2_PLACEMENT_3D('',#7070,#7071,#7072);
#2824=EDGE_LOOP('',(#7073,#7074,#7075,#7076));
#2825=AXIS2_PLACEMENT_3D('',#7077,#7078,#7079);
#2826=EDGE_LOOP('',(#7080,#7081,#7082,#7083));
#2827=AXIS2_PLACEMENT_3D('',#7084,#7085,#7086);
#2828=EDGE_LOOP('',(#7087,#7088,#7089,#7090));
#2829=AXIS2_PLACEMENT_3D('',#7091,#7092,#7093);
#2830=EDGE_LOOP('',(#7094,#7095,#7096,#7097));
#2831=AXIS2_PLACEMENT_3D('',#7098,#7099,#7100);
#2832=EDGE_LOOP('',(#7101,#7102,#7103,#7104));
#2833=AXIS2_PLACEMENT_3D('',#7105,#7106,#7107);
#2834=EDGE_LOOP('',(#7108,#7109,#7110,#7111,#7112,#7113,#7114));
#2835=AXIS2_PLACEMENT_3D('',#7115,#7116,#7117);
#2836=EDGE_LOOP('',(#7118,#7119,#7120,#7121));
#2837=AXIS2_PLACEMENT_3D('',#7122,#7123,#7124);
#2838=EDGE_LOOP('',(#7125,#7126,#7127,#7128));
#2839=AXIS2_PLACEMENT_3D('',#7129,#7130,#7131);
#2840=EDGE_LOOP('',(#7132,#7133,#7134,#7135));
#2841=AXIS2_PLACEMENT_3D('',#7136,#7137,#7138);
#2842=EDGE_LOOP('',(#7139,#7140,#7141,#7142));
#2843=AXIS2_PLACEMENT_3D('',#7143,#7144,#7145);
#2844=EDGE_LOOP('',(#7146,#7147,#7148,#7149));
#2845=AXIS2_PLACEMENT_3D('',#7150,#7151,#7152);
#2846=EDGE_LOOP('',(#7153,#7154,#7155,#7156));
#2847=AXIS2_PLACEMENT_3D('',#7157,#7158,#7159);
#2848=EDGE_LOOP('',(#7160,#7161,#7162,#7163));
#2849=AXIS2_PLACEMENT_3D('',#7164,#7165,#7166);
#2850=EDGE_LOOP('',(#7167,#7168,#7169,#7170));
#2851=AXIS2_PLACEMENT_3D('',#7171,#7172,#7173);
#2852=CIRCLE('',#7174,0.51);
#2853=CIRCLE('',#7175,0.51);
#2854=CIRCLE('',#7176,0.51);
#2855=CIRCLE('',#7177,0.51);
#2856=CIRCLE('',#7178,0.51);
#2857=CIRCLE('',#7179,0.51);
#2858=CIRCLE('',#7180,0.51);
#2859=CIRCLE('',#7181,0.51);
#2860=CIRCLE('',#7182,0.51);
#2861=CIRCLE('',#7183,0.51);
#2862=CIRCLE('',#7184,0.51);
#2863=CIRCLE('',#7185,0.51);
#2864=CIRCLE('',#7186,0.51);
#2865=CIRCLE('',#7187,0.51);
#2866=CIRCLE('',#7188,0.51);
#2867=CIRCLE('',#7189,0.51);
#2868=CIRCLE('',#7190,0.51);
#2869=CIRCLE('',#7191,0.51);
#2870=CIRCLE('',#7192,0.51);
#2871=CIRCLE('',#7193,0.51);
#2872=CIRCLE('',#7194,0.51);
#2873=CIRCLE('',#7195,0.51);
#2874=CIRCLE('',#7196,0.51);
#2875=CIRCLE('',#7197,0.51);
#2876=CIRCLE('',#7198,1.5);
#2877=CIRCLE('',#7199,1.5);
#2878=CIRCLE('',#7200,1.5);
#2879=CIRCLE('',#7201,1.5);
#2880=LINE('',#7202,#7203);
#2881=LINE('',#7204,#7205);
#2882=LINE('',#7206,#7207);
#2883=ORIENTED_EDGE('',*,*,#7208,.T.);
#2884=ORIENTED_EDGE('',*,*,#7209,.T.);
#2885=ORIENTED_EDGE('',*,*,#7210,.T.);
#2886=ORIENTED_EDGE('',*,*,#7211,.T.);
#2887=ORIENTED_EDGE('',*,*,#7212,.T.);
#2888=ORIENTED_EDGE('',*,*,#7213,.F.);
#2889=ORIENTED_EDGE('',*,*,#7214,.T.);
#2890=ORIENTED_EDGE('',*,*,#7215,.F.);
#2891=ORIENTED_EDGE('',*,*,#7216,.F.);
#2892=ORIENTED_EDGE('',*,*,#7217,.F.);
#2893=ORIENTED_EDGE('',*,*,#7218,.F.);
#2894=ORIENTED_EDGE('',*,*,#7219,.F.);
#2895=ORIENTED_EDGE('',*,*,#7220,.T.);
#2896=ORIENTED_EDGE('',*,*,#7221,.T.);
#2897=CARTESIAN_POINT('',(-10.825,0.0,0.0));
#2898=DIRECTION('',(1.0,0.0,0.0));
#2899=DIRECTION('',(0.0,1.0,0.0));
#2900=ORIENTED_EDGE('',*,*,#7222,.F.);
#2901=ORIENTED_EDGE('',*,*,#7223,.T.);
#2902=ORIENTED_EDGE('',*,*,#7224,.F.);
#2903=ORIENTED_EDGE('',*,*,#7221,.F.);
#2904=CARTESIAN_POINT('',(-11.325,-1.1,3.305));
#2905=DIRECTION('',(-0.0,1.0,0.0));
#2906=DIRECTION('',(1.0,0.0,0.0));
#2907=ORIENTED_EDGE('',*,*,#7224,.T.);
#2908=ORIENTED_EDGE('',*,*,#7225,.T.);
#2909=ORIENTED_EDGE('',*,*,#7226,.F.);
#2910=ORIENTED_EDGE('',*,*,#7208,.F.);
#2911=CARTESIAN_POINT('',(-11.325,-1.1,-0.195));
#2912=DIRECTION('',(0.0,0.0,1.0));
#2913=DIRECTION('',(1.0,0.0,0.0));
#2914=ORIENTED_EDGE('',*,*,#7209,.F.);
#2915=ORIENTED_EDGE('',*,*,#7226,.T.);
#2916=ORIENTED_EDGE('',*,*,#7227,.T.);
#2917=ORIENTED_EDGE('',*,*,#7228,.F.);
#2918=ORIENTED_EDGE('',*,*,#7229,.F.);
#2919=ORIENTED_EDGE('',*,*,#7230,.F.);
#2920=CARTESIAN_POINT('',(-11.325,-0.575,-0.195));
#2921=DIRECTION('',(-0.0,1.0,0.0));
#2922=DIRECTION('',(1.0,0.0,0.0));
#2923=ORIENTED_EDGE('',*,*,#7231,.F.);
#2924=ORIENTED_EDGE('',*,*,#7210,.F.);
#2925=ORIENTED_EDGE('',*,*,#7230,.T.);
#2926=ORIENTED_EDGE('',*,*,#7232,.T.);
#2927=ORIENTED_EDGE('',*,*,#7233,.F.);
#2928=ORIENTED_EDGE('',*,*,#7234,.F.);
#2929=ORIENTED_EDGE('',*,*,#7235,.F.);
#2930=ORIENTED_EDGE('',*,*,#7236,.F.);
#2931=CARTESIAN_POINT('',(-11.325,-0.575,-2.695));
#2932=DIRECTION('',(0.0,0.0,1.0));
#2933=DIRECTION('',(1.0,0.0,0.0));
#2934=ORIENTED_EDGE('',*,*,#7237,.T.);
#2935=ORIENTED_EDGE('',*,*,#7238,.F.);
#2936=ORIENTED_EDGE('',*,*,#7239,.F.);
#2937=ORIENTED_EDGE('',*,*,#7236,.T.);
#2938=CARTESIAN_POINT('',(-9.840485608557,0.575,-2.695));
#2939=DIRECTION('',(-1.0,0.0,0.0));
#2940=DIRECTION('',(0.0,0.0,1.0));
#2941=ORIENTED_EDGE('',*,*,#7240,.F.);
#2942=ORIENTED_EDGE('',*,*,#7211,.F.);
#2943=ORIENTED_EDGE('',*,*,#7231,.T.);
#2944=ORIENTED_EDGE('',*,*,#7239,.T.);
#2945=ORIENTED_EDGE('',*,*,#7241,.F.);
#2946=ORIENTED_EDGE('',*,*,#7242,.F.);
#2947=CARTESIAN_POINT('',(-11.325,0.575,-2.695));
#2948=DIRECTION('',(0.0,-1.0,0.0));
#2949=DIRECTION('',(0.0,0.0,-1.0));
#2950=ORIENTED_EDGE('',*,*,#7225,.F.);
#2951=ORIENTED_EDGE('',*,*,#7223,.F.);
#2952=ORIENTED_EDGE('',*,*,#7243,.T.);
#2953=ORIENTED_EDGE('',*,*,#7244,.F.);
#2954=ORIENTED_EDGE('',*,*,#7245,.T.);
#2955=ORIENTED_EDGE('',*,*,#7246,.T.);
#2956=ORIENTED_EDGE('',*,*,#7247,.T.);
#2957=ORIENTED_EDGE('',*,*,#7248,.F.);
#2958=ORIENTED_EDGE('',*,*,#7249,.F.);
#2959=ORIENTED_EDGE('',*,*,#7242,.T.);
#2960=ORIENTED_EDGE('',*,*,#7250,.F.);
#2961=ORIENTED_EDGE('',*,*,#7227,.F.);
#2962=CARTESIAN_POINT('',(-9.440485608557,2.68,4.955));
#2963=DIRECTION('',(1.0,0.0,0.0));
#2964=DIRECTION('',(0.0,1.0,0.0));
#2965=ORIENTED_EDGE('',*,*,#7251,.T.);
#2966=ORIENTED_EDGE('',*,*,#7252,.T.);
#2967=ORIENTED_EDGE('',*,*,#7253,.T.);
#2968=ORIENTED_EDGE('',*,*,#7254,.T.);
#2969=ORIENTED_EDGE('',*,*,#7255,.T.);
#2970=ORIENTED_EDGE('',*,*,#7256,.T.);
#2971=ORIENTED_EDGE('',*,*,#7257,.T.);
#2972=ORIENTED_EDGE('',*,*,#7258,.T.);
#2973=CARTESIAN_POINT('',(11.325,-0.575,-2.795));
#2974=DIRECTION('',(0.0,0.0,1.0));
#2975=DIRECTION('',(1.0,0.0,0.0));
#2976=ORIENTED_EDGE('',*,*,#7259,.T.);
#2977=ORIENTED_EDGE('',*,*,#7260,.T.);
#2978=ORIENTED_EDGE('',*,*,#7261,.T.);
#2979=ORIENTED_EDGE('',*,*,#7262,.T.);
#2980=ORIENTED_EDGE('',*,*,#7228,.T.);
#2981=ORIENTED_EDGE('',*,*,#7250,.T.);
#2982=ORIENTED_EDGE('',*,*,#7241,.T.);
#2983=ORIENTED_EDGE('',*,*,#7238,.T.);
#2984=CARTESIAN_POINT('',(11.325,-0.575,-2.795));
#2985=DIRECTION('',(0.0,0.0,1.0));
#2986=DIRECTION('',(1.0,0.0,0.0));
#2987=ORIENTED_EDGE('',*,*,#7263,.T.);
#2988=ORIENTED_EDGE('',*,*,#7264,.T.);
#2989=ORIENTED_EDGE('',*,*,#7265,.T.);
#2990=ORIENTED_EDGE('',*,*,#7258,.F.);
#2991=ORIENTED_EDGE('',*,*,#7266,.F.);
#2992=ORIENTED_EDGE('',*,*,#7267,.F.);
#2993=CARTESIAN_POINT('',(11.325,0.575,-2.695));
#2994=DIRECTION('',(-0.0,1.0,0.0));
#2995=DIRECTION('',(1.0,0.0,0.0));
#2996=ORIENTED_EDGE('',*,*,#7268,.F.);
#2997=ORIENTED_EDGE('',*,*,#7269,.T.);
#2998=ORIENTED_EDGE('',*,*,#7267,.T.);
#2999=ORIENTED_EDGE('',*,*,#7270,.T.);
#3000=ORIENTED_EDGE('',*,*,#7271,.F.);
#3001=ORIENTED_EDGE('',*,*,#7272,.F.);
#3002=ORIENTED_EDGE('',*,*,#7273,.F.);
#3003=ORIENTED_EDGE('',*,*,#7274,.F.);
#3004=CARTESIAN_POINT('',(11.325,-0.575,-2.695));
#3005=DIRECTION('',(0.0,0.0,-1.0));
#3006=DIRECTION('',(0.0,-1.0,0.0));
#3007=ORIENTED_EDGE('',*,*,#7275,.T.);
#3008=ORIENTED_EDGE('',*,*,#7253,.F.);
#3009=ORIENTED_EDGE('',*,*,#7276,.F.);
#3010=ORIENTED_EDGE('',*,*,#7274,.T.);
#3011=CARTESIAN_POINT('',(9.840485608557,-0.575,-2.695));
#3012=DIRECTION('',(1.0,0.0,0.0));
#3013=DIRECTION('',(0.0,1.0,0.0));
#3014=ORIENTED_EDGE('',*,*,#7277,.F.);
#3015=ORIENTED_EDGE('',*,*,#7278,.T.);
#3016=ORIENTED_EDGE('',*,*,#7268,.T.);
#3017=ORIENTED_EDGE('',*,*,#7276,.T.);
#3018=ORIENTED_EDGE('',*,*,#7252,.F.);
#3019=ORIENTED_EDGE('',*,*,#7279,.F.);
#3020=CARTESIAN_POINT('',(11.325,-0.575,-0.195));
#3021=DIRECTION('',(0.0,-1.0,0.0));
#3022=DIRECTION('',(0.0,0.0,-1.0));
#3023=ORIENTED_EDGE('',*,*,#7280,.T.);
#3024=ORIENTED_EDGE('',*,*,#7281,.T.);
#3025=ORIENTED_EDGE('',*,*,#7282,.F.);
#3026=ORIENTED_EDGE('',*,*,#7283,.T.);
#3027=ORIENTED_EDGE('',*,*,#7284,.F.);
#3028=ORIENTED_EDGE('',*,*,#7285,.F.);
#3029=ORIENTED_EDGE('',*,*,#7286,.F.);
#3030=ORIENTED_EDGE('',*,*,#7287,.T.);
#3031=ORIENTED_EDGE('',*,*,#7288,.T.);
#3032=ORIENTED_EDGE('',*,*,#7279,.T.);
#3033=ORIENTED_EDGE('',*,*,#7251,.F.);
#3034=ORIENTED_EDGE('',*,*,#7265,.F.);
#3035=CARTESIAN_POINT('',(9.440485608557,2.68,3.305));
#3036=DIRECTION('',(-1.0,0.0,0.0));
#3037=DIRECTION('',(0.0,0.0,1.0));
#3038=ORIENTED_EDGE('',*,*,#7277,.T.);
#3039=ORIENTED_EDGE('',*,*,#7288,.F.);
#3040=ORIENTED_EDGE('',*,*,#7289,.F.);
#3041=ORIENTED_EDGE('',*,*,#7290,.T.);
#3042=CARTESIAN_POINT('',(11.325,-1.1,-0.195));
#3043=DIRECTION('',(0.0,0.0,-1.0));
#3044=DIRECTION('',(0.0,-1.0,0.0));
#3045=ORIENTED_EDGE('',*,*,#7291,.F.);
#3046=ORIENTED_EDGE('',*,*,#7292,.T.);
#3047=ORIENTED_EDGE('',*,*,#7293,.T.);
#3048=ORIENTED_EDGE('',*,*,#7294,.T.);
#3049=ORIENTED_EDGE('',*,*,#7295,.T.);
#3050=ORIENTED_EDGE('',*,*,#7296,.T.);
#3051=ORIENTED_EDGE('',*,*,#7297,.F.);
#3052=ORIENTED_EDGE('',*,*,#7298,.T.);
#3053=ORIENTED_EDGE('',*,*,#7299,.F.);
#3054=ORIENTED_EDGE('',*,*,#7263,.F.);
#3055=ORIENTED_EDGE('',*,*,#7269,.F.);
#3056=ORIENTED_EDGE('',*,*,#7278,.F.);
#3057=ORIENTED_EDGE('',*,*,#7290,.F.);
#3058=ORIENTED_EDGE('',*,*,#7300,.F.);
#3059=ORIENTED_EDGE('',*,*,#7301,.F.);
#3060=ORIENTED_EDGE('',*,*,#7302,.F.);
#3061=ORIENTED_EDGE('',*,*,#7303,.F.);
#3062=ORIENTED_EDGE('',*,*,#7304,.F.);
#3063=ORIENTED_EDGE('',*,*,#7305,.F.);
#3064=ORIENTED_EDGE('',*,*,#7306,.F.);
#3065=ORIENTED_EDGE('',*,*,#7307,.F.);
#3066=CARTESIAN_POINT('',(10.825,0.0,0.0));
#3067=DIRECTION('',(1.0,0.0,0.0));
#3068=DIRECTION('',(0.0,1.0,0.0));
#3069=ORIENTED_EDGE('',*,*,#7289,.T.);
#3070=ORIENTED_EDGE('',*,*,#7287,.F.);
#3071=ORIENTED_EDGE('',*,*,#7308,.F.);
#3072=ORIENTED_EDGE('',*,*,#7300,.T.);
#3073=CARTESIAN_POINT('',(11.325,-1.1,3.305));
#3074=DIRECTION('',(0.0,-1.0,0.0));
#3075=DIRECTION('',(0.0,0.0,-1.0));
#3076=ORIENTED_EDGE('',*,*,#7286,.T.);
#3077=ORIENTED_EDGE('',*,*,#7309,.F.);
#3078=ORIENTED_EDGE('',*,*,#7291,.T.);
#3079=ORIENTED_EDGE('',*,*,#7308,.T.);
#3080=CARTESIAN_POINT('',(10.825,2.68,3.305));
#3081=DIRECTION('',(0.0,0.0,-1.0));
#3082=DIRECTION('',(0.0,-1.0,0.0));
#3083=ORIENTED_EDGE('',*,*,#7297,.T.);
#3084=ORIENTED_EDGE('',*,*,#7310,.T.);
#3085=ORIENTED_EDGE('',*,*,#7282,.T.);
#3086=ORIENTED_EDGE('',*,*,#7311,.F.);
#3087=CARTESIAN_POINT('',(10.825,2.68,3.305));
#3088=DIRECTION('',(0.0,0.0,-1.0));
#3089=DIRECTION('',(0.0,-1.0,0.0));
#3090=ORIENTED_EDGE('',*,*,#7309,.T.);
#3091=ORIENTED_EDGE('',*,*,#7285,.T.);
#3092=ORIENTED_EDGE('',*,*,#7312,.F.);
#3093=CARTESIAN_POINT('',(0.0,-2.41,0.0));
#3094=DIRECTION('',(-0.0,1.0,0.0));
#3095=DIRECTION('',(1.0,0.0,0.0));
#3096=ORIENTED_EDGE('',*,*,#7244,.T.);
#3097=ORIENTED_EDGE('',*,*,#7313,.T.);
#3098=ORIENTED_EDGE('',*,*,#7314,.F.);
#3099=CARTESIAN_POINT('',(0.0,-2.41,0.0));
#3100=DIRECTION('',(-0.0,1.0,0.0));
#3101=DIRECTION('',(1.0,0.0,0.0));
#3102=ORIENTED_EDGE('',*,*,#7296,.F.);
#3103=ORIENTED_EDGE('',*,*,#7315,.T.);
#3104=ORIENTED_EDGE('',*,*,#7316,.T.);
#3105=ORIENTED_EDGE('',*,*,#7317,.F.);
#3106=CARTESIAN_POINT('',(10.825,3.43,3.305));
#3107=DIRECTION('',(-0.766044443119007,0.0,-0.642787609686505));
#3108=DIRECTION('',(-0.642787609686505,0.0,0.766044443119007));
#3109=ORIENTED_EDGE('',*,*,#7318,.T.);
#3110=ORIENTED_EDGE('',*,*,#7319,.F.);
#3111=ORIENTED_EDGE('',*,*,#7320,.F.);
#3112=ORIENTED_EDGE('',*,*,#7292,.F.);
#3113=ORIENTED_EDGE('',*,*,#7312,.T.);
#3114=CARTESIAN_POINT('',(10.825,3.43,3.305));
#3115=DIRECTION('',(-0.766044443119007,0.0,-0.642787609686505));
#3116=DIRECTION('',(-0.642787609686505,0.0,0.766044443119007));
#3117=ORIENTED_EDGE('',*,*,#7283,.F.);
#3118=ORIENTED_EDGE('',*,*,#7310,.F.);
#3119=ORIENTED_EDGE('',*,*,#7317,.T.);
#3120=CARTESIAN_POINT('',(0.0,2.68,0.0));
#3121=DIRECTION('',(-0.0,1.0,0.0));
#3122=DIRECTION('',(1.0,0.0,0.0));
#3123=ORIENTED_EDGE('',*,*,#7321,.F.);
#3124=ORIENTED_EDGE('',*,*,#7246,.F.);
#3125=ORIENTED_EDGE('',*,*,#7322,.T.);
#3126=CARTESIAN_POINT('',(0.0,2.68,0.0));
#3127=DIRECTION('',(-0.0,1.0,0.0));
#3128=DIRECTION('',(1.0,0.0,0.0));
#3129=ORIENTED_EDGE('',*,*,#7323,.F.);
#3130=ORIENTED_EDGE('',*,*,#7324,.T.);
#3131=ORIENTED_EDGE('',*,*,#7215,.T.);
#3132=ORIENTED_EDGE('',*,*,#7322,.F.);
#3133=CARTESIAN_POINT('',(-9.440485608557,3.43,4.955));
#3134=DIRECTION('',(0.766044443119007,0.0,-0.642787609686505));
#3135=DIRECTION('',(0.0,-1.0,0.0));
#3136=ORIENTED_EDGE('',*,*,#7219,.T.);
#3137=ORIENTED_EDGE('',*,*,#7325,.F.);
#3138=ORIENTED_EDGE('',*,*,#7326,.F.);
#3139=ORIENTED_EDGE('',*,*,#7327,.F.);
#3140=ORIENTED_EDGE('',*,*,#7314,.T.);
#3141=CARTESIAN_POINT('',(-9.440485608557,3.43,4.955));
#3142=DIRECTION('',(0.766044443119007,0.0,-0.642787609686505));
#3143=DIRECTION('',(0.0,-1.0,0.0));
#3144=ORIENTED_EDGE('',*,*,#7328,.T.);
#3145=ORIENTED_EDGE('',*,*,#7329,.T.);
#3146=ORIENTED_EDGE('',*,*,#7330,.T.);
#3147=ORIENTED_EDGE('',*,*,#7216,.T.);
#3148=ORIENTED_EDGE('',*,*,#7324,.F.);
#3149=ORIENTED_EDGE('',*,*,#7331,.T.);
#3150=ORIENTED_EDGE('',*,*,#7315,.F.);
#3151=ORIENTED_EDGE('',*,*,#7295,.F.);
#3152=ORIENTED_EDGE('',*,*,#7332,.T.);
#3153=ORIENTED_EDGE('',*,*,#7333,.T.);
#3154=ORIENTED_EDGE('',*,*,#7334,.T.);
#3155=ORIENTED_EDGE('',*,*,#7335,.T.);
#3156=ORIENTED_EDGE('',*,*,#7336,.F.);
#3157=ORIENTED_EDGE('',*,*,#7337,.F.);
#3158=ORIENTED_EDGE('',*,*,#7338,.T.);
#3159=ORIENTED_EDGE('',*,*,#7339,.F.);
#3160=ORIENTED_EDGE('',*,*,#7340,.F.);
#3161=ORIENTED_EDGE('',*,*,#7341,.T.);
#3162=CARTESIAN_POINT('',(-10.825,3.43,-4.955));
#3163=DIRECTION('',(-0.0,1.0,0.0));
#3164=DIRECTION('',(1.0,0.0,0.0));
#3165=ORIENTED_EDGE('',*,*,#7342,.F.);
#3166=ORIENTED_EDGE('',*,*,#7343,.F.);
#3167=ORIENTED_EDGE('',*,*,#7344,.F.);
#3168=ORIENTED_EDGE('',*,*,#7345,.F.);
#3169=ORIENTED_EDGE('',*,*,#7341,.F.);
#3170=CARTESIAN_POINT('',(-0.7,0.0,0.0));
#3171=DIRECTION('',(1.0,0.0,0.0));
#3172=DIRECTION('',(0.0,1.0,0.0));
#3173=ORIENTED_EDGE('',*,*,#7345,.T.);
#3174=ORIENTED_EDGE('',*,*,#7346,.T.);
#3175=ORIENTED_EDGE('',*,*,#7347,.F.);
#3176=ORIENTED_EDGE('',*,*,#7338,.F.);
#3177=CARTESIAN_POINT('',(-0.7,4.18,1.255));
#3178=DIRECTION('',(-1.0,0.0,-0.0));
#3179=DIRECTION('',(0.0,0.0,-1.0));
#3180=ORIENTED_EDGE('',*,*,#7347,.T.);
#3181=ORIENTED_EDGE('',*,*,#7348,.T.);
#3182=ORIENTED_EDGE('',*,*,#7349,.T.);
#3183=ORIENTED_EDGE('',*,*,#7350,.T.);
#3184=ORIENTED_EDGE('',*,*,#7339,.T.);
#3185=CARTESIAN_POINT('',(0.7,0.0,0.0));
#3186=DIRECTION('',(1.0,0.0,0.0));
#3187=DIRECTION('',(0.0,1.0,0.0));
#3188=ORIENTED_EDGE('',*,*,#7350,.F.);
#3189=ORIENTED_EDGE('',*,*,#7351,.F.);
#3190=ORIENTED_EDGE('',*,*,#7342,.T.);
#3191=ORIENTED_EDGE('',*,*,#7340,.T.);
#3192=CARTESIAN_POINT('',(-0.7,4.83,2.755));
#3193=DIRECTION('',(0.0,0.764433319597122,0.644702799660219));
#3194=DIRECTION('',(1.0,0.0,-0.0));
#3195=ORIENTED_EDGE('',*,*,#7351,.T.);
#3196=ORIENTED_EDGE('',*,*,#7349,.F.);
#3197=ORIENTED_EDGE('',*,*,#7352,.F.);
#3198=ORIENTED_EDGE('',*,*,#7343,.T.);
#3199=CARTESIAN_POINT('',(-0.7,4.83,2.005));
#3200=DIRECTION('',(-0.0,1.0,0.0));
#3201=DIRECTION('',(1.0,0.0,0.0));
#3202=ORIENTED_EDGE('',*,*,#7352,.T.);
#3203=ORIENTED_EDGE('',*,*,#7348,.F.);
#3204=ORIENTED_EDGE('',*,*,#7346,.F.);
#3205=ORIENTED_EDGE('',*,*,#7344,.T.);
#3206=CARTESIAN_POINT('',(-0.7,4.18,2.005));
#3207=DIRECTION('',(0.0,0.0,-1.0));
#3208=DIRECTION('',(0.0,-1.0,0.0));
#3209=ORIENTED_EDGE('',*,*,#7337,.T.);
#3210=ORIENTED_EDGE('',*,*,#7353,.T.);
#3211=ORIENTED_EDGE('',*,*,#7354,.F.);
#3212=ORIENTED_EDGE('',*,*,#7355,.T.);
#3213=CARTESIAN_POINT('',(-9.325,3.43,-4.955));
#3214=DIRECTION('',(-1.0,0.0,0.0));
#3215=DIRECTION('',(0.0,0.0,1.0));
#3216=ORIENTED_EDGE('',*,*,#7356,.T.);
#3217=ORIENTED_EDGE('',*,*,#7357,.T.);
#3218=ORIENTED_EDGE('',*,*,#7358,.T.);
#3219=ORIENTED_EDGE('',*,*,#7359,.T.);
#3220=ORIENTED_EDGE('',*,*,#7360,.T.);
#3221=ORIENTED_EDGE('',*,*,#7361,.F.);
#3222=CARTESIAN_POINT('',(-10.825,-3.94,-4.955));
#3223=DIRECTION('',(0.0,0.0,-1.0));
#3224=DIRECTION('',(0.0,-1.0,0.0));
#3225=ORIENTED_EDGE('',*,*,#7362,.T.);
#3226=ORIENTED_EDGE('',*,*,#7363,.T.);
#3227=ORIENTED_EDGE('',*,*,#7334,.F.);
#3228=ORIENTED_EDGE('',*,*,#7364,.T.);
#3229=ORIENTED_EDGE('',*,*,#7365,.T.);
#3230=ORIENTED_EDGE('',*,*,#7366,.T.);
#3231=CARTESIAN_POINT('',(-10.825,-3.94,-4.955));
#3232=DIRECTION('',(0.0,0.0,-1.0));
#3233=DIRECTION('',(0.0,-1.0,0.0));
#3234=ORIENTED_EDGE('',*,*,#7367,.T.);
#3235=ORIENTED_EDGE('',*,*,#7368,.T.);
#3236=ORIENTED_EDGE('',*,*,#7369,.T.);
#3237=ORIENTED_EDGE('',*,*,#7370,.F.);
#3238=CARTESIAN_POINT('',(-10.825,-3.94,-4.955));
#3239=DIRECTION('',(0.0,0.0,-1.0));
#3240=DIRECTION('',(0.0,-1.0,0.0));
#3241=ORIENTED_EDGE('',*,*,#7371,.T.);
#3242=ORIENTED_EDGE('',*,*,#7372,.F.);
#3243=ORIENTED_EDGE('',*,*,#7373,.T.);
#3244=ORIENTED_EDGE('',*,*,#7374,.T.);
#3245=CARTESIAN_POINT('',(-10.825,-3.94,-4.955));
#3246=DIRECTION('',(0.0,0.0,-1.0));
#3247=DIRECTION('',(0.0,-1.0,0.0));
#3248=ORIENTED_EDGE('',*,*,#7375,.T.);
#3249=ORIENTED_EDGE('',*,*,#7376,.T.);
#3250=ORIENTED_EDGE('',*,*,#7377,.T.);
#3251=ORIENTED_EDGE('',*,*,#7378,.F.);
#3252=CARTESIAN_POINT('',(-10.825,-3.94,-4.955));
#3253=DIRECTION('',(0.0,0.0,-1.0));
#3254=DIRECTION('',(0.0,-1.0,0.0));
#3255=ORIENTED_EDGE('',*,*,#7379,.T.);
#3256=ORIENTED_EDGE('',*,*,#7380,.F.);
#3257=ORIENTED_EDGE('',*,*,#7381,.T.);
#3258=ORIENTED_EDGE('',*,*,#7382,.T.);
#3259=CARTESIAN_POINT('',(-10.825,-3.94,-4.955));
#3260=DIRECTION('',(0.0,0.0,-1.0));
#3261=DIRECTION('',(0.0,-1.0,0.0));
#3262=ORIENTED_EDGE('',*,*,#7383,.T.);
#3263=ORIENTED_EDGE('',*,*,#7384,.T.);
#3264=ORIENTED_EDGE('',*,*,#7385,.T.);
#3265=ORIENTED_EDGE('',*,*,#7386,.F.);
#3266=CARTESIAN_POINT('',(-10.825,-3.94,-4.955));
#3267=DIRECTION('',(0.0,0.0,-1.0));
#3268=DIRECTION('',(0.0,-1.0,0.0));
#3269=ORIENTED_EDGE('',*,*,#7387,.T.);
#3270=ORIENTED_EDGE('',*,*,#7388,.F.);
#3271=ORIENTED_EDGE('',*,*,#7389,.T.);
#3272=ORIENTED_EDGE('',*,*,#7390,.T.);
#3273=CARTESIAN_POINT('',(-10.825,-3.94,-4.955));
#3274=DIRECTION('',(0.0,0.0,-1.0));
#3275=DIRECTION('',(0.0,-1.0,0.0));
#3276=ORIENTED_EDGE('',*,*,#7391,.T.);
#3277=ORIENTED_EDGE('',*,*,#7392,.T.);
#3278=ORIENTED_EDGE('',*,*,#7393,.T.);
#3279=ORIENTED_EDGE('',*,*,#7394,.F.);
#3280=CARTESIAN_POINT('',(-10.825,-3.94,-4.955));
#3281=DIRECTION('',(0.0,0.0,-1.0));
#3282=DIRECTION('',(0.0,-1.0,0.0));
#3283=ORIENTED_EDGE('',*,*,#7395,.T.);
#3284=ORIENTED_EDGE('',*,*,#7396,.F.);
#3285=ORIENTED_EDGE('',*,*,#7397,.T.);
#3286=ORIENTED_EDGE('',*,*,#7398,.T.);
#3287=CARTESIAN_POINT('',(-10.825,-3.94,-4.955));
#3288=DIRECTION('',(0.0,0.0,-1.0));
#3289=DIRECTION('',(0.0,-1.0,0.0));
#3290=ORIENTED_EDGE('',*,*,#7399,.T.);
#3291=ORIENTED_EDGE('',*,*,#7400,.F.);
#3292=ORIENTED_EDGE('',*,*,#7401,.T.);
#3293=ORIENTED_EDGE('',*,*,#7402,.F.);
#3294=ORIENTED_EDGE('',*,*,#7403,.T.);
#3295=ORIENTED_EDGE('',*,*,#7404,.F.);
#3296=CARTESIAN_POINT('',(-10.825,-3.94,-4.955));
#3297=DIRECTION('',(0.0,0.0,-1.0));
#3298=DIRECTION('',(0.0,-1.0,0.0));
#3299=ORIENTED_EDGE('',*,*,#7405,.T.);
#3300=ORIENTED_EDGE('',*,*,#7406,.F.);
#3301=ORIENTED_EDGE('',*,*,#7328,.F.);
#3302=ORIENTED_EDGE('',*,*,#7355,.F.);
#3303=ORIENTED_EDGE('',*,*,#7407,.T.);
#3304=ORIENTED_EDGE('',*,*,#7408,.F.);
#3305=CARTESIAN_POINT('',(-10.825,-3.94,-4.955));
#3306=DIRECTION('',(0.0,0.0,-1.0));
#3307=DIRECTION('',(0.0,-1.0,0.0));
#3308=ORIENTED_EDGE('',*,*,#7409,.T.);
#3309=ORIENTED_EDGE('',*,*,#7410,.T.);
#3310=ORIENTED_EDGE('',*,*,#7411,.T.);
#3311=ORIENTED_EDGE('',*,*,#7412,.T.);
#3312=CARTESIAN_POINT('',(-10.825,-3.94,-4.955));
#3313=DIRECTION('',(0.0,0.0,-1.0));
#3314=DIRECTION('',(0.0,-1.0,0.0));
#3315=ORIENTED_EDGE('',*,*,#7413,.T.);
#3316=ORIENTED_EDGE('',*,*,#7414,.F.);
#3317=ORIENTED_EDGE('',*,*,#7415,.T.);
#3318=ORIENTED_EDGE('',*,*,#7416,.T.);
#3319=CARTESIAN_POINT('',(-10.825,-3.94,-4.955));
#3320=DIRECTION('',(0.0,0.0,-1.0));
#3321=DIRECTION('',(0.0,-1.0,0.0));
#3322=ORIENTED_EDGE('',*,*,#7361,.T.);
#3323=ORIENTED_EDGE('',*,*,#7417,.T.);
#3324=ORIENTED_EDGE('',*,*,#7418,.T.);
#3325=ORIENTED_EDGE('',*,*,#7419,.F.);
#3326=CARTESIAN_POINT('',(7.82,3.43,-3.655));
#3327=DIRECTION('',(1.0,0.0,0.0));
#3328=DIRECTION('',(0.0,1.0,0.0));
#3329=ORIENTED_EDGE('',*,*,#7420,.F.);
#3330=ORIENTED_EDGE('',*,*,#7366,.F.);
#3331=ORIENTED_EDGE('',*,*,#7421,.F.);
#3332=ORIENTED_EDGE('',*,*,#7422,.F.);
#3333=ORIENTED_EDGE('',*,*,#7423,.F.);
#3334=ORIENTED_EDGE('',*,*,#7424,.F.);
#3335=CARTESIAN_POINT('',(7.82,3.43,-3.655));
#3336=DIRECTION('',(1.0,0.0,0.0));
#3337=DIRECTION('',(0.0,1.0,0.0));
#3338=ORIENTED_EDGE('',*,*,#7425,.T.);
#3339=ORIENTED_EDGE('',*,*,#7426,.F.);
#3340=ORIENTED_EDGE('',*,*,#7427,.F.);
#3341=ORIENTED_EDGE('',*,*,#7428,.F.);
#3342=CARTESIAN_POINT('',(7.82,3.43,-3.655));
#3343=DIRECTION('',(1.0,0.0,0.0));
#3344=DIRECTION('',(0.0,1.0,0.0));
#3345=ORIENTED_EDGE('',*,*,#7429,.F.);
#3346=ORIENTED_EDGE('',*,*,#7430,.F.);
#3347=ORIENTED_EDGE('',*,*,#7431,.T.);
#3348=ORIENTED_EDGE('',*,*,#7432,.F.);
#3349=CARTESIAN_POINT('',(7.82,3.43,-3.655));
#3350=DIRECTION('',(1.0,0.0,0.0));
#3351=DIRECTION('',(0.0,1.0,0.0));
#3352=ORIENTED_EDGE('',*,*,#7433,.T.);
#3353=ORIENTED_EDGE('',*,*,#7434,.F.);
#3354=ORIENTED_EDGE('',*,*,#7356,.F.);
#3355=ORIENTED_EDGE('',*,*,#7419,.T.);
#3356=CARTESIAN_POINT('',(-10.825,-2.78,-4.955));
#3357=DIRECTION('',(-0.0,1.0,0.0));
#3358=DIRECTION('',(1.0,0.0,0.0));
#3359=ORIENTED_EDGE('',*,*,#7435,.T.);
#3360=ORIENTED_EDGE('',*,*,#7436,.F.);
#3361=ORIENTED_EDGE('',*,*,#7367,.F.);
#3362=ORIENTED_EDGE('',*,*,#7437,.T.);
#3363=CARTESIAN_POINT('',(-10.825,-2.78,-4.955));
#3364=DIRECTION('',(-0.0,1.0,0.0));
#3365=DIRECTION('',(1.0,0.0,0.0));
#3366=ORIENTED_EDGE('',*,*,#7438,.T.);
#3367=ORIENTED_EDGE('',*,*,#7439,.F.);
#3368=ORIENTED_EDGE('',*,*,#7375,.F.);
#3369=ORIENTED_EDGE('',*,*,#7440,.T.);
#3370=CARTESIAN_POINT('',(-10.825,-2.78,-4.955));
#3371=DIRECTION('',(-0.0,1.0,0.0));
#3372=DIRECTION('',(1.0,0.0,0.0));
#3373=ORIENTED_EDGE('',*,*,#7441,.T.);
#3374=ORIENTED_EDGE('',*,*,#7442,.F.);
#3375=ORIENTED_EDGE('',*,*,#7383,.F.);
#3376=ORIENTED_EDGE('',*,*,#7443,.T.);
#3377=CARTESIAN_POINT('',(-10.825,-2.78,-4.955));
#3378=DIRECTION('',(-0.0,1.0,0.0));
#3379=DIRECTION('',(1.0,0.0,0.0));
#3380=ORIENTED_EDGE('',*,*,#7444,.T.);
#3381=ORIENTED_EDGE('',*,*,#7445,.F.);
#3382=ORIENTED_EDGE('',*,*,#7391,.F.);
#3383=ORIENTED_EDGE('',*,*,#7446,.T.);
#3384=CARTESIAN_POINT('',(-10.825,-2.78,-4.955));
#3385=DIRECTION('',(-0.0,1.0,0.0));
#3386=DIRECTION('',(1.0,0.0,0.0));
#3387=ORIENTED_EDGE('',*,*,#7403,.F.);
#3388=ORIENTED_EDGE('',*,*,#7447,.T.);
#3389=ORIENTED_EDGE('',*,*,#7448,.T.);
#3390=ORIENTED_EDGE('',*,*,#7449,.F.);
#3391=CARTESIAN_POINT('',(-10.825,-2.78,-4.955));
#3392=DIRECTION('',(-0.0,1.0,0.0));
#3393=DIRECTION('',(1.0,0.0,0.0));
#3394=ORIENTED_EDGE('',*,*,#7450,.T.);
#3395=ORIENTED_EDGE('',*,*,#7451,.F.);
#3396=ORIENTED_EDGE('',*,*,#7409,.F.);
#3397=ORIENTED_EDGE('',*,*,#7452,.T.);
#3398=CARTESIAN_POINT('',(-10.825,-2.78,-4.955));
#3399=DIRECTION('',(-0.0,1.0,0.0));
#3400=DIRECTION('',(1.0,0.0,0.0));
#3401=ORIENTED_EDGE('',*,*,#7453,.F.);
#3402=ORIENTED_EDGE('',*,*,#7454,.F.);
#3403=ORIENTED_EDGE('',*,*,#7455,.F.);
#3404=ORIENTED_EDGE('',*,*,#7456,.T.);
#3405=ORIENTED_EDGE('',*,*,#7457,.F.);
#3406=ORIENTED_EDGE('',*,*,#7364,.F.);
#3407=ORIENTED_EDGE('',*,*,#7333,.F.);
#3408=ORIENTED_EDGE('',*,*,#7458,.T.);
#3409=ORIENTED_EDGE('',*,*,#7459,.T.);
#3410=ORIENTED_EDGE('',*,*,#7357,.F.);
#3411=ORIENTED_EDGE('',*,*,#7434,.T.);
#3412=ORIENTED_EDGE('',*,*,#7460,.T.);
#3413=CARTESIAN_POINT('',(11.075,3.43,-3.355));
#3414=DIRECTION('',(1.0,0.0,0.0));
#3415=DIRECTION('',(0.0,1.0,0.0));
#3416=ORIENTED_EDGE('',*,*,#7461,.T.);
#3417=ORIENTED_EDGE('',*,*,#7462,.T.);
#3418=ORIENTED_EDGE('',*,*,#7463,.T.);
#3419=ORIENTED_EDGE('',*,*,#7448,.F.);
#3420=ORIENTED_EDGE('',*,*,#7464,.T.);
#3421=ORIENTED_EDGE('',*,*,#7465,.F.);
#3422=ORIENTED_EDGE('',*,*,#7466,.T.);
#3423=ORIENTED_EDGE('',*,*,#7467,.F.);
#3424=ORIENTED_EDGE('',*,*,#7468,.T.);
#3425=ORIENTED_EDGE('',*,*,#7469,.F.);
#3426=ORIENTED_EDGE('',*,*,#7470,.F.);
#3427=ORIENTED_EDGE('',*,*,#7471,.F.);
#3428=ORIENTED_EDGE('',*,*,#7472,.F.);
#3429=ORIENTED_EDGE('',*,*,#7473,.F.);
#3430=ORIENTED_EDGE('',*,*,#7474,.F.);
#3431=ORIENTED_EDGE('',*,*,#7475,.F.);
#3432=ORIENTED_EDGE('',*,*,#7476,.T.);
#3433=ORIENTED_EDGE('',*,*,#7477,.T.);
#3434=ORIENTED_EDGE('',*,*,#7478,.T.);
#3435=ORIENTED_EDGE('',*,*,#7479,.T.);
#3436=ORIENTED_EDGE('',*,*,#7480,.T.);
#3437=ORIENTED_EDGE('',*,*,#7481,.F.);
#3438=ORIENTED_EDGE('',*,*,#7482,.F.);
#3439=ORIENTED_EDGE('',*,*,#7483,.F.);
#3440=ORIENTED_EDGE('',*,*,#7484,.F.);
#3441=ORIENTED_EDGE('',*,*,#7485,.F.);
#3442=ORIENTED_EDGE('',*,*,#7486,.F.);
#3443=ORIENTED_EDGE('',*,*,#7487,.F.);
#3444=ORIENTED_EDGE('',*,*,#7488,.T.);
#3445=ORIENTED_EDGE('',*,*,#7489,.T.);
#3446=ORIENTED_EDGE('',*,*,#7490,.T.);
#3447=ORIENTED_EDGE('',*,*,#7491,.T.);
#3448=ORIENTED_EDGE('',*,*,#7492,.T.);
#3449=ORIENTED_EDGE('',*,*,#7493,.F.);
#3450=ORIENTED_EDGE('',*,*,#7494,.F.);
#3451=ORIENTED_EDGE('',*,*,#7495,.F.);
#3452=ORIENTED_EDGE('',*,*,#7496,.F.);
#3453=ORIENTED_EDGE('',*,*,#7497,.F.);
#3454=ORIENTED_EDGE('',*,*,#7498,.F.);
#3455=ORIENTED_EDGE('',*,*,#7499,.F.);
#3456=ORIENTED_EDGE('',*,*,#7500,.T.);
#3457=ORIENTED_EDGE('',*,*,#7501,.T.);
#3458=ORIENTED_EDGE('',*,*,#7502,.T.);
#3459=ORIENTED_EDGE('',*,*,#7503,.T.);
#3460=ORIENTED_EDGE('',*,*,#7504,.T.);
#3461=ORIENTED_EDGE('',*,*,#7505,.F.);
#3462=ORIENTED_EDGE('',*,*,#7506,.F.);
#3463=ORIENTED_EDGE('',*,*,#7507,.F.);
#3464=ORIENTED_EDGE('',*,*,#7508,.F.);
#3465=ORIENTED_EDGE('',*,*,#7509,.F.);
#3466=ORIENTED_EDGE('',*,*,#7510,.F.);
#3467=ORIENTED_EDGE('',*,*,#7511,.F.);
#3468=ORIENTED_EDGE('',*,*,#7512,.T.);
#3469=ORIENTED_EDGE('',*,*,#7513,.T.);
#3470=ORIENTED_EDGE('',*,*,#7514,.T.);
#3471=ORIENTED_EDGE('',*,*,#7515,.T.);
#3472=ORIENTED_EDGE('',*,*,#7516,.T.);
#3473=ORIENTED_EDGE('',*,*,#7517,.F.);
#3474=ORIENTED_EDGE('',*,*,#7518,.F.);
#3475=ORIENTED_EDGE('',*,*,#7519,.F.);
#3476=ORIENTED_EDGE('',*,*,#7520,.F.);
#3477=ORIENTED_EDGE('',*,*,#7521,.F.);
#3478=ORIENTED_EDGE('',*,*,#7522,.F.);
#3479=ORIENTED_EDGE('',*,*,#7523,.F.);
#3480=ORIENTED_EDGE('',*,*,#7524,.T.);
#3481=ORIENTED_EDGE('',*,*,#7525,.T.);
#3482=ORIENTED_EDGE('',*,*,#7526,.T.);
#3483=ORIENTED_EDGE('',*,*,#7527,.T.);
#3484=ORIENTED_EDGE('',*,*,#7528,.T.);
#3485=ORIENTED_EDGE('',*,*,#7529,.F.);
#3486=ORIENTED_EDGE('',*,*,#7530,.F.);
#3487=ORIENTED_EDGE('',*,*,#7531,.F.);
#3488=ORIENTED_EDGE('',*,*,#7532,.F.);
#3489=ORIENTED_EDGE('',*,*,#7533,.F.);
#3490=ORIENTED_EDGE('',*,*,#7534,.F.);
#3491=ORIENTED_EDGE('',*,*,#7535,.F.);
#3492=ORIENTED_EDGE('',*,*,#7432,.T.);
#3493=ORIENTED_EDGE('',*,*,#7536,.T.);
#3494=ORIENTED_EDGE('',*,*,#7426,.T.);
#3495=ORIENTED_EDGE('',*,*,#7537,.T.);
#3496=ORIENTED_EDGE('',*,*,#7422,.T.);
#3497=ORIENTED_EDGE('',*,*,#7538,.F.);
#3498=ORIENTED_EDGE('',*,*,#7456,.F.);
#3499=ORIENTED_EDGE('',*,*,#7539,.F.);
#3500=ORIENTED_EDGE('',*,*,#7540,.F.);
#3501=ORIENTED_EDGE('',*,*,#7541,.F.);
#3502=ORIENTED_EDGE('',*,*,#7460,.F.);
#3503=ORIENTED_EDGE('',*,*,#7433,.F.);
#3504=ORIENTED_EDGE('',*,*,#7418,.F.);
#3505=ORIENTED_EDGE('',*,*,#7542,.F.);
#3506=ORIENTED_EDGE('',*,*,#7543,.T.);
#3507=ORIENTED_EDGE('',*,*,#7544,.T.);
#3508=ORIENTED_EDGE('',*,*,#7545,.T.);
#3509=ORIENTED_EDGE('',*,*,#7435,.F.);
#3510=ORIENTED_EDGE('',*,*,#7546,.F.);
#3511=ORIENTED_EDGE('',*,*,#7547,.F.);
#3512=ORIENTED_EDGE('',*,*,#7548,.T.);
#3513=ORIENTED_EDGE('',*,*,#7549,.T.);
#3514=ORIENTED_EDGE('',*,*,#7550,.T.);
#3515=ORIENTED_EDGE('',*,*,#7438,.F.);
#3516=ORIENTED_EDGE('',*,*,#7551,.F.);
#3517=ORIENTED_EDGE('',*,*,#7552,.F.);
#3518=ORIENTED_EDGE('',*,*,#7553,.T.);
#3519=ORIENTED_EDGE('',*,*,#7554,.T.);
#3520=ORIENTED_EDGE('',*,*,#7555,.T.);
#3521=ORIENTED_EDGE('',*,*,#7441,.F.);
#3522=ORIENTED_EDGE('',*,*,#7556,.F.);
#3523=ORIENTED_EDGE('',*,*,#7557,.F.);
#3524=ORIENTED_EDGE('',*,*,#7558,.T.);
#3525=ORIENTED_EDGE('',*,*,#7559,.T.);
#3526=ORIENTED_EDGE('',*,*,#7560,.T.);
#3527=ORIENTED_EDGE('',*,*,#7444,.F.);
#3528=ORIENTED_EDGE('',*,*,#7561,.F.);
#3529=ORIENTED_EDGE('',*,*,#7562,.F.);
#3530=ORIENTED_EDGE('',*,*,#7563,.T.);
#3531=ORIENTED_EDGE('',*,*,#7564,.T.);
#3532=ORIENTED_EDGE('',*,*,#7565,.T.);
#3533=ORIENTED_EDGE('',*,*,#7450,.F.);
#3534=ORIENTED_EDGE('',*,*,#7566,.F.);
#3535=ORIENTED_EDGE('',*,*,#7567,.F.);
#3536=CARTESIAN_POINT('',(-10.825,-2.78,-4.285));
#3537=DIRECTION('',(0.0,0.0,-1.0));
#3538=DIRECTION('',(0.0,-1.0,0.0));
#3539=ORIENTED_EDGE('',*,*,#7568,.T.);
#3540=ORIENTED_EDGE('',*,*,#7569,.T.);
#3541=ORIENTED_EDGE('',*,*,#7570,.T.);
#3542=ORIENTED_EDGE('',*,*,#7477,.F.);
#3543=CARTESIAN_POINT('',(-7.18,0.0,0.0));
#3544=DIRECTION('',(1.0,0.0,0.0));
#3545=DIRECTION('',(0.0,1.0,0.0));
#3546=ORIENTED_EDGE('',*,*,#7571,.T.);
#3547=ORIENTED_EDGE('',*,*,#7572,.T.);
#3548=ORIENTED_EDGE('',*,*,#7573,.T.);
#3549=ORIENTED_EDGE('',*,*,#7574,.T.);
#3550=CARTESIAN_POINT('',(-7.18,0.0,0.0));
#3551=DIRECTION('',(1.0,0.0,0.0));
#3552=DIRECTION('',(0.0,1.0,0.0));
#3553=ORIENTED_EDGE('',*,*,#7575,.T.);
#3554=ORIENTED_EDGE('',*,*,#7576,.T.);
#3555=ORIENTED_EDGE('',*,*,#7577,.T.);
#3556=ORIENTED_EDGE('',*,*,#7578,.T.);
#3557=CARTESIAN_POINT('',(-7.18,0.0,0.0));
#3558=DIRECTION('',(1.0,0.0,0.0));
#3559=DIRECTION('',(0.0,1.0,0.0));
#3560=ORIENTED_EDGE('',*,*,#7579,.T.);
#3561=ORIENTED_EDGE('',*,*,#7580,.T.);
#3562=ORIENTED_EDGE('',*,*,#7479,.F.);
#3563=ORIENTED_EDGE('',*,*,#7581,.T.);
#3564=ORIENTED_EDGE('',*,*,#7582,.T.);
#3565=ORIENTED_EDGE('',*,*,#7583,.T.);
#3566=CARTESIAN_POINT('',(-7.18,0.0,0.0));
#3567=DIRECTION('',(1.0,0.0,0.0));
#3568=DIRECTION('',(0.0,1.0,0.0));
#3569=ORIENTED_EDGE('',*,*,#7567,.T.);
#3570=ORIENTED_EDGE('',*,*,#7584,.T.);
#3571=ORIENTED_EDGE('',*,*,#7585,.T.);
#3572=ORIENTED_EDGE('',*,*,#7586,.T.);
#3573=CARTESIAN_POINT('',(-7.18,0.0,0.0));
#3574=DIRECTION('',(1.0,0.0,0.0));
#3575=DIRECTION('',(0.0,1.0,0.0));
#3576=ORIENTED_EDGE('',*,*,#7587,.T.);
#3577=ORIENTED_EDGE('',*,*,#7588,.T.);
#3578=ORIENTED_EDGE('',*,*,#7570,.F.);
#3579=ORIENTED_EDGE('',*,*,#7589,.T.);
#3580=ORIENTED_EDGE('',*,*,#7590,.T.);
#3581=ORIENTED_EDGE('',*,*,#7591,.T.);
#3582=CARTESIAN_POINT('',(-7.18,0.32,-4.955));
#3583=DIRECTION('',(-0.0,1.0,0.0));
#3584=DIRECTION('',(1.0,0.0,0.0));
#3585=ORIENTED_EDGE('',*,*,#7470,.T.);
#3586=ORIENTED_EDGE('',*,*,#7592,.T.);
#3587=ORIENTED_EDGE('',*,*,#7408,.T.);
#3588=ORIENTED_EDGE('',*,*,#7593,.T.);
#3589=ORIENTED_EDGE('',*,*,#7594,.T.);
#3590=ORIENTED_EDGE('',*,*,#7595,.F.);
#3591=CARTESIAN_POINT('',(-7.82,3.43,-4.955));
#3592=DIRECTION('',(-1.0,0.0,0.0));
#3593=DIRECTION('',(0.0,0.0,1.0));
#3594=ORIENTED_EDGE('',*,*,#7596,.T.);
#3595=ORIENTED_EDGE('',*,*,#7591,.F.);
#3596=ORIENTED_EDGE('',*,*,#7472,.T.);
#3597=ORIENTED_EDGE('',*,*,#7597,.T.);
#3598=CARTESIAN_POINT('',(-7.82,3.43,-4.955));
#3599=DIRECTION('',(-1.0,0.0,0.0));
#3600=DIRECTION('',(0.0,0.0,1.0));
#3601=ORIENTED_EDGE('',*,*,#7598,.F.);
#3602=ORIENTED_EDGE('',*,*,#7404,.T.);
#3603=ORIENTED_EDGE('',*,*,#7449,.T.);
#3604=ORIENTED_EDGE('',*,*,#7463,.F.);
#3605=CARTESIAN_POINT('',(-7.82,3.43,-4.955));
#3606=DIRECTION('',(-1.0,0.0,0.0));
#3607=DIRECTION('',(0.0,0.0,1.0));
#3608=ORIENTED_EDGE('',*,*,#7474,.T.);
#3609=ORIENTED_EDGE('',*,*,#7599,.T.);
#3610=ORIENTED_EDGE('',*,*,#7600,.T.);
#3611=ORIENTED_EDGE('',*,*,#7601,.T.);
#3612=CARTESIAN_POINT('',(-7.82,3.43,-4.955));
#3613=DIRECTION('',(-1.0,0.0,0.0));
#3614=DIRECTION('',(0.0,0.0,1.0));
#3615=ORIENTED_EDGE('',*,*,#7602,.T.);
#3616=ORIENTED_EDGE('',*,*,#7603,.T.);
#3617=ORIENTED_EDGE('',*,*,#7580,.F.);
#3618=ORIENTED_EDGE('',*,*,#7604,.T.);
#3619=ORIENTED_EDGE('',*,*,#7605,.T.);
#3620=ORIENTED_EDGE('',*,*,#7595,.T.);
#3621=CARTESIAN_POINT('',(-7.18,1.589,-7.285));
#3622=DIRECTION('',(-0.0,1.0,0.0));
#3623=DIRECTION('',(1.0,0.0,0.0));
#3624=ORIENTED_EDGE('',*,*,#7590,.F.);
#3625=ORIENTED_EDGE('',*,*,#7606,.F.);
#3626=ORIENTED_EDGE('',*,*,#7607,.F.);
#3627=ORIENTED_EDGE('',*,*,#7473,.T.);
#3628=CARTESIAN_POINT('',(-7.82,0.0,0.0));
#3629=DIRECTION('',(1.0,0.0,0.0));
#3630=DIRECTION('',(0.0,1.0,0.0));
#3631=ORIENTED_EDGE('',*,*,#7608,.F.);
#3632=ORIENTED_EDGE('',*,*,#7609,.F.);
#3633=ORIENTED_EDGE('',*,*,#7610,.F.);
#3634=ORIENTED_EDGE('',*,*,#7611,.T.);
#3635=CARTESIAN_POINT('',(-7.82,0.0,0.0));
#3636=DIRECTION('',(1.0,0.0,0.0));
#3637=DIRECTION('',(0.0,1.0,0.0));
#3638=ORIENTED_EDGE('',*,*,#7612,.F.);
#3639=ORIENTED_EDGE('',*,*,#7613,.F.);
#3640=ORIENTED_EDGE('',*,*,#7614,.F.);
#3641=ORIENTED_EDGE('',*,*,#7615,.T.);
#3642=CARTESIAN_POINT('',(-7.82,0.0,0.0));
#3643=DIRECTION('',(1.0,0.0,0.0));
#3644=DIRECTION('',(0.0,1.0,0.0));
#3645=ORIENTED_EDGE('',*,*,#7616,.F.);
#3646=ORIENTED_EDGE('',*,*,#7617,.F.);
#3647=ORIENTED_EDGE('',*,*,#7471,.T.);
#3648=ORIENTED_EDGE('',*,*,#7605,.F.);
#3649=ORIENTED_EDGE('',*,*,#7618,.F.);
#3650=ORIENTED_EDGE('',*,*,#7619,.T.);
#3651=CARTESIAN_POINT('',(-7.82,0.0,0.0));
#3652=DIRECTION('',(1.0,0.0,0.0));
#3653=DIRECTION('',(0.0,1.0,0.0));
#3654=ORIENTED_EDGE('',*,*,#7620,.F.);
#3655=ORIENTED_EDGE('',*,*,#7621,.T.);
#3656=ORIENTED_EDGE('',*,*,#7462,.F.);
#3657=ORIENTED_EDGE('',*,*,#7622,.T.);
#3658=CARTESIAN_POINT('',(-7.82,0.0,0.0));
#3659=DIRECTION('',(1.0,0.0,0.0));
#3660=DIRECTION('',(0.0,1.0,0.0));
#3661=ORIENTED_EDGE('',*,*,#7607,.T.);
#3662=ORIENTED_EDGE('',*,*,#7623,.F.);
#3663=ORIENTED_EDGE('',*,*,#7568,.F.);
#3664=ORIENTED_EDGE('',*,*,#7624,.F.);
#3665=ORIENTED_EDGE('',*,*,#7625,.F.);
#3666=ORIENTED_EDGE('',*,*,#7599,.F.);
#3667=CARTESIAN_POINT('',(-7.18,-0.32,-3.655));
#3668=DIRECTION('',(0.0,-1.0,0.0));
#3669=DIRECTION('',(0.0,0.0,-1.0));
#3670=ORIENTED_EDGE('',*,*,#7594,.F.);
#3671=ORIENTED_EDGE('',*,*,#7626,.T.);
#3672=ORIENTED_EDGE('',*,*,#7627,.T.);
#3673=ORIENTED_EDGE('',*,*,#7602,.F.);
#3674=CARTESIAN_POINT('',(-7.82,3.43,-3.655));
#3675=DIRECTION('',(0.0,0.0,1.0));
#3676=DIRECTION('',(1.0,0.0,0.0));
#3677=ORIENTED_EDGE('',*,*,#7628,.T.);
#3678=ORIENTED_EDGE('',*,*,#7587,.F.);
#3679=ORIENTED_EDGE('',*,*,#7596,.F.);
#3680=ORIENTED_EDGE('',*,*,#7629,.T.);
#3681=CARTESIAN_POINT('',(-7.82,3.43,-3.655));
#3682=DIRECTION('',(0.0,0.0,1.0));
#3683=DIRECTION('',(1.0,0.0,0.0));
#3684=ORIENTED_EDGE('',*,*,#7600,.F.);
#3685=ORIENTED_EDGE('',*,*,#7625,.T.);
#3686=ORIENTED_EDGE('',*,*,#7630,.T.);
#3687=ORIENTED_EDGE('',*,*,#7631,.F.);
#3688=CARTESIAN_POINT('',(-7.82,3.43,-3.655));
#3689=DIRECTION('',(0.0,0.0,1.0));
#3690=DIRECTION('',(1.0,0.0,0.0));
#3691=ORIENTED_EDGE('',*,*,#7627,.F.);
#3692=ORIENTED_EDGE('',*,*,#7632,.F.);
#3693=ORIENTED_EDGE('',*,*,#7416,.F.);
#3694=ORIENTED_EDGE('',*,*,#7633,.F.);
#3695=ORIENTED_EDGE('',*,*,#7480,.F.);
#3696=ORIENTED_EDGE('',*,*,#7603,.F.);
#3697=CARTESIAN_POINT('',(-7.18,3.43,-3.655));
#3698=DIRECTION('',(1.0,0.0,0.0));
#3699=DIRECTION('',(0.0,1.0,0.0));
#3700=ORIENTED_EDGE('',*,*,#7478,.F.);
#3701=ORIENTED_EDGE('',*,*,#7588,.F.);
#3702=ORIENTED_EDGE('',*,*,#7628,.F.);
#3703=ORIENTED_EDGE('',*,*,#7634,.T.);
#3704=CARTESIAN_POINT('',(-7.18,3.43,-3.655));
#3705=DIRECTION('',(1.0,0.0,0.0));
#3706=DIRECTION('',(0.0,1.0,0.0));
#3707=ORIENTED_EDGE('',*,*,#7452,.F.);
#3708=ORIENTED_EDGE('',*,*,#7412,.F.);
#3709=ORIENTED_EDGE('',*,*,#7635,.T.);
#3710=ORIENTED_EDGE('',*,*,#7566,.T.);
#3711=CARTESIAN_POINT('',(-7.18,3.43,-3.655));
#3712=DIRECTION('',(1.0,0.0,0.0));
#3713=DIRECTION('',(0.0,1.0,0.0));
#3714=ORIENTED_EDGE('',*,*,#7630,.F.);
#3715=ORIENTED_EDGE('',*,*,#7624,.T.);
#3716=ORIENTED_EDGE('',*,*,#7476,.F.);
#3717=ORIENTED_EDGE('',*,*,#7636,.F.);
#3718=CARTESIAN_POINT('',(-7.18,3.43,-3.655));
#3719=DIRECTION('',(1.0,0.0,0.0));
#3720=DIRECTION('',(0.0,1.0,0.0));
#3721=ORIENTED_EDGE('',*,*,#7365,.F.);
#3722=ORIENTED_EDGE('',*,*,#7457,.T.);
#3723=ORIENTED_EDGE('',*,*,#7538,.T.);
#3724=ORIENTED_EDGE('',*,*,#7421,.T.);
#3725=CARTESIAN_POINT('',(-10.825,1.6,-4.285));
#3726=DIRECTION('',(0.0,-1.0,0.0));
#3727=DIRECTION('',(0.0,0.0,-1.0));
#3728=ORIENTED_EDGE('',*,*,#7373,.F.);
#3729=ORIENTED_EDGE('',*,*,#7637,.F.);
#3730=ORIENTED_EDGE('',*,*,#7529,.T.);
#3731=ORIENTED_EDGE('',*,*,#7638,.T.);
#3732=CARTESIAN_POINT('',(-10.825,1.6,-4.285));
#3733=DIRECTION('',(0.0,-1.0,0.0));
#3734=DIRECTION('',(0.0,0.0,-1.0));
#3735=ORIENTED_EDGE('',*,*,#7381,.F.);
#3736=ORIENTED_EDGE('',*,*,#7639,.F.);
#3737=ORIENTED_EDGE('',*,*,#7517,.T.);
#3738=ORIENTED_EDGE('',*,*,#7640,.T.);
#3739=CARTESIAN_POINT('',(-10.825,1.6,-4.285));
#3740=DIRECTION('',(0.0,-1.0,0.0));
#3741=DIRECTION('',(0.0,0.0,-1.0));
#3742=ORIENTED_EDGE('',*,*,#7389,.F.);
#3743=ORIENTED_EDGE('',*,*,#7641,.F.);
#3744=ORIENTED_EDGE('',*,*,#7505,.T.);
#3745=ORIENTED_EDGE('',*,*,#7642,.T.);
#3746=CARTESIAN_POINT('',(-10.825,1.6,-4.285));
#3747=DIRECTION('',(0.0,-1.0,0.0));
#3748=DIRECTION('',(0.0,0.0,-1.0));
#3749=ORIENTED_EDGE('',*,*,#7397,.F.);
#3750=ORIENTED_EDGE('',*,*,#7643,.F.);
#3751=ORIENTED_EDGE('',*,*,#7493,.T.);
#3752=ORIENTED_EDGE('',*,*,#7644,.T.);
#3753=CARTESIAN_POINT('',(-10.825,1.6,-4.285));
#3754=DIRECTION('',(0.0,-1.0,0.0));
#3755=DIRECTION('',(0.0,0.0,-1.0));
#3756=ORIENTED_EDGE('',*,*,#7469,.T.);
#3757=ORIENTED_EDGE('',*,*,#7645,.F.);
#3758=ORIENTED_EDGE('',*,*,#7405,.F.);
#3759=ORIENTED_EDGE('',*,*,#7592,.F.);
#3760=CARTESIAN_POINT('',(-10.825,1.6,-4.285));
#3761=DIRECTION('',(0.0,-1.0,0.0));
#3762=DIRECTION('',(0.0,0.0,-1.0));
#3763=ORIENTED_EDGE('',*,*,#7415,.F.);
#3764=ORIENTED_EDGE('',*,*,#7646,.F.);
#3765=ORIENTED_EDGE('',*,*,#7481,.T.);
#3766=ORIENTED_EDGE('',*,*,#7633,.T.);
#3767=CARTESIAN_POINT('',(-10.825,1.6,-4.285));
#3768=DIRECTION('',(0.0,-1.0,0.0));
#3769=DIRECTION('',(0.0,0.0,-1.0));
#3770=ORIENTED_EDGE('',*,*,#7437,.F.);
#3771=ORIENTED_EDGE('',*,*,#7370,.T.);
#3772=ORIENTED_EDGE('',*,*,#7647,.T.);
#3773=ORIENTED_EDGE('',*,*,#7546,.T.);
#3774=CARTESIAN_POINT('',(4.82,3.43,-3.655));
#3775=DIRECTION('',(1.0,0.0,0.0));
#3776=DIRECTION('',(0.0,1.0,0.0));
#3777=ORIENTED_EDGE('',*,*,#7648,.F.);
#3778=ORIENTED_EDGE('',*,*,#7649,.F.);
#3779=ORIENTED_EDGE('',*,*,#7650,.T.);
#3780=ORIENTED_EDGE('',*,*,#7524,.F.);
#3781=CARTESIAN_POINT('',(4.82,3.43,-3.655));
#3782=DIRECTION('',(1.0,0.0,0.0));
#3783=DIRECTION('',(0.0,1.0,0.0));
#3784=ORIENTED_EDGE('',*,*,#7651,.F.);
#3785=ORIENTED_EDGE('',*,*,#7374,.F.);
#3786=ORIENTED_EDGE('',*,*,#7638,.F.);
#3787=ORIENTED_EDGE('',*,*,#7528,.F.);
#3788=ORIENTED_EDGE('',*,*,#7652,.F.);
#3789=ORIENTED_EDGE('',*,*,#7653,.F.);
#3790=CARTESIAN_POINT('',(4.82,3.43,-3.655));
#3791=DIRECTION('',(1.0,0.0,0.0));
#3792=DIRECTION('',(0.0,1.0,0.0));
#3793=ORIENTED_EDGE('',*,*,#7654,.T.);
#3794=ORIENTED_EDGE('',*,*,#7526,.F.);
#3795=ORIENTED_EDGE('',*,*,#7655,.F.);
#3796=ORIENTED_EDGE('',*,*,#7656,.F.);
#3797=CARTESIAN_POINT('',(4.82,3.43,-3.655));
#3798=DIRECTION('',(1.0,0.0,0.0));
#3799=DIRECTION('',(0.0,1.0,0.0));
#3800=ORIENTED_EDGE('',*,*,#7657,.F.);
#3801=ORIENTED_EDGE('',*,*,#7393,.F.);
#3802=ORIENTED_EDGE('',*,*,#7658,.T.);
#3803=ORIENTED_EDGE('',*,*,#7659,.T.);
#3804=ORIENTED_EDGE('',*,*,#7660,.T.);
#3805=ORIENTED_EDGE('',*,*,#7661,.F.);
#3806=ORIENTED_EDGE('',*,*,#7662,.F.);
#3807=ORIENTED_EDGE('',*,*,#7385,.F.);
#3808=ORIENTED_EDGE('',*,*,#7663,.T.);
#3809=ORIENTED_EDGE('',*,*,#7664,.T.);
#3810=ORIENTED_EDGE('',*,*,#7665,.T.);
#3811=ORIENTED_EDGE('',*,*,#7666,.F.);
#3812=ORIENTED_EDGE('',*,*,#7667,.F.);
#3813=ORIENTED_EDGE('',*,*,#7377,.F.);
#3814=ORIENTED_EDGE('',*,*,#7668,.T.);
#3815=ORIENTED_EDGE('',*,*,#7669,.T.);
#3816=ORIENTED_EDGE('',*,*,#7670,.T.);
#3817=ORIENTED_EDGE('',*,*,#7671,.F.);
#3818=ORIENTED_EDGE('',*,*,#7647,.F.);
#3819=ORIENTED_EDGE('',*,*,#7369,.F.);
#3820=ORIENTED_EDGE('',*,*,#7672,.T.);
#3821=ORIENTED_EDGE('',*,*,#7673,.T.);
#3822=ORIENTED_EDGE('',*,*,#7674,.F.);
#3823=ORIENTED_EDGE('',*,*,#7675,.F.);
#3824=ORIENTED_EDGE('',*,*,#7417,.F.);
#3825=ORIENTED_EDGE('',*,*,#7360,.F.);
#3826=ORIENTED_EDGE('',*,*,#7676,.F.);
#3827=ORIENTED_EDGE('',*,*,#7677,.F.);
#3828=ORIENTED_EDGE('',*,*,#7319,.T.);
#3829=ORIENTED_EDGE('',*,*,#7678,.F.);
#3830=ORIENTED_EDGE('',*,*,#7326,.T.);
#3831=ORIENTED_EDGE('',*,*,#7679,.T.);
#3832=ORIENTED_EDGE('',*,*,#7680,.T.);
#3833=ORIENTED_EDGE('',*,*,#7681,.T.);
#3834=ORIENTED_EDGE('',*,*,#7399,.F.);
#3835=ORIENTED_EDGE('',*,*,#7598,.T.);
#3836=ORIENTED_EDGE('',*,*,#7621,.F.);
#3837=ORIENTED_EDGE('',*,*,#7682,.T.);
#3838=ORIENTED_EDGE('',*,*,#7584,.F.);
#3839=ORIENTED_EDGE('',*,*,#7635,.F.);
#3840=ORIENTED_EDGE('',*,*,#7411,.F.);
#3841=ORIENTED_EDGE('',*,*,#7683,.T.);
#3842=ORIENTED_EDGE('',*,*,#7684,.T.);
#3843=ORIENTED_EDGE('',*,*,#7685,.T.);
#3844=ORIENTED_EDGE('',*,*,#7686,.F.);
#3845=ORIENTED_EDGE('',*,*,#7687,.T.);
#3846=ORIENTED_EDGE('',*,*,#7688,.F.);
#3847=ORIENTED_EDGE('',*,*,#7689,.T.);
#3848=ORIENTED_EDGE('',*,*,#7690,.T.);
#3849=ORIENTED_EDGE('',*,*,#7691,.F.);
#3850=ORIENTED_EDGE('',*,*,#7692,.F.);
#3851=ORIENTED_EDGE('',*,*,#7693,.F.);
#3852=ORIENTED_EDGE('',*,*,#7694,.T.);
#3853=CARTESIAN_POINT('',(-10.825,-3.43,4.955));
#3854=DIRECTION('',(0.0,-1.0,0.0));
#3855=DIRECTION('',(0.0,0.0,-1.0));
#3856=ORIENTED_EDGE('',*,*,#7695,.T.);
#3857=ORIENTED_EDGE('',*,*,#7696,.F.);
#3858=ORIENTED_EDGE('',*,*,#7697,.F.);
#3859=ORIENTED_EDGE('',*,*,#7694,.F.);
#3860=ORIENTED_EDGE('',*,*,#7698,.T.);
#3861=ORIENTED_EDGE('',*,*,#7699,.F.);
#3862=ORIENTED_EDGE('',*,*,#7700,.F.);
#3863=ORIENTED_EDGE('',*,*,#7701,.F.);
#3864=ORIENTED_EDGE('',*,*,#7702,.F.);
#3865=ORIENTED_EDGE('',*,*,#7703,.F.);
#3866=ORIENTED_EDGE('',*,*,#7704,.F.);
#3867=ORIENTED_EDGE('',*,*,#7705,.T.);
#3868=ORIENTED_EDGE('',*,*,#7706,.T.);
#3869=ORIENTED_EDGE('',*,*,#7707,.T.);
#3870=CARTESIAN_POINT('',(5.85,-3.43,3.545));
#3871=DIRECTION('',(-1.0,0.0,0.0));
#3872=DIRECTION('',(0.0,0.0,1.0));
#3873=ORIENTED_EDGE('',*,*,#7708,.F.);
#3874=ORIENTED_EDGE('',*,*,#7709,.F.);
#3875=ORIENTED_EDGE('',*,*,#7710,.T.);
#3876=ORIENTED_EDGE('',*,*,#7707,.F.);
#3877=CARTESIAN_POINT('',(10.825,-7.12,1.355));
#3878=DIRECTION('',(0.0,0.0,-1.0));
#3879=DIRECTION('',(0.0,-1.0,0.0));
#3880=ORIENTED_EDGE('',*,*,#7711,.F.);
#3881=ORIENTED_EDGE('',*,*,#7712,.F.);
#3882=ORIENTED_EDGE('',*,*,#7713,.T.);
#3883=ORIENTED_EDGE('',*,*,#7714,.T.);
#3884=CARTESIAN_POINT('',(10.825,-7.12,1.355));
#3885=DIRECTION('',(0.0,0.0,-1.0));
#3886=DIRECTION('',(0.0,-1.0,0.0));
#3887=ORIENTED_EDGE('',*,*,#7715,.F.);
#3888=ORIENTED_EDGE('',*,*,#7716,.T.);
#3889=ORIENTED_EDGE('',*,*,#7717,.T.);
#3890=ORIENTED_EDGE('',*,*,#7710,.F.);
#3891=CARTESIAN_POINT('',(5.85,-5.69,0.355));
#3892=DIRECTION('',(0.0,-1.0,0.0));
#3893=DIRECTION('',(0.0,0.0,-1.0));
#3894=ORIENTED_EDGE('',*,*,#7700,.T.);
#3895=ORIENTED_EDGE('',*,*,#7718,.T.);
#3896=ORIENTED_EDGE('',*,*,#7719,.T.);
#3897=ORIENTED_EDGE('',*,*,#7695,.F.);
#3898=ORIENTED_EDGE('',*,*,#7717,.F.);
#3899=CARTESIAN_POINT('',(5.85,-3.2455,0.355));
#3900=DIRECTION('',(0.0,1.0,-0.0));
#3901=DIRECTION('',(0.0,0.0,1.0));
#3902=ORIENTED_EDGE('',*,*,#7699,.T.);
#3903=ORIENTED_EDGE('',*,*,#7720,.T.);
#3904=ORIENTED_EDGE('',*,*,#7721,.T.);
#3905=ORIENTED_EDGE('',*,*,#7718,.F.);
#3906=CARTESIAN_POINT('',(-10.825,-3.94,4.955));
#3907=DIRECTION('',(0.0,-1.0,0.0));
#3908=DIRECTION('',(0.0,0.0,-1.0));
#3909=ORIENTED_EDGE('',*,*,#7722,.T.);
#3910=ORIENTED_EDGE('',*,*,#7723,.T.);
#3911=ORIENTED_EDGE('',*,*,#7696,.T.);
#3912=ORIENTED_EDGE('',*,*,#7719,.F.);
#3913=CARTESIAN_POINT('',(-10.825,-3.94,4.955));
#3914=DIRECTION('',(0.0,-1.0,0.0));
#3915=DIRECTION('',(0.0,0.0,-1.0));
#3916=ORIENTED_EDGE('',*,*,#7724,.F.);
#3917=ORIENTED_EDGE('',*,*,#7692,.T.);
#3918=ORIENTED_EDGE('',*,*,#7725,.T.);
#3919=ORIENTED_EDGE('',*,*,#7722,.F.);
#3920=ORIENTED_EDGE('',*,*,#7721,.F.);
#3921=CARTESIAN_POINT('',(6.85,-3.43,-3.655));
#3922=DIRECTION('',(1.0,0.0,0.0));
#3923=DIRECTION('',(0.0,1.0,0.0));
#3924=ORIENTED_EDGE('',*,*,#7697,.T.);
#3925=ORIENTED_EDGE('',*,*,#7723,.F.);
#3926=ORIENTED_EDGE('',*,*,#7725,.F.);
#3927=ORIENTED_EDGE('',*,*,#7691,.T.);
#3928=CARTESIAN_POINT('',(6.85,-3.43,3.545));
#3929=DIRECTION('',(0.0,0.0,1.0));
#3930=DIRECTION('',(1.0,0.0,0.0));
#3931=ORIENTED_EDGE('',*,*,#7693,.T.);
#3932=ORIENTED_EDGE('',*,*,#7724,.T.);
#3933=ORIENTED_EDGE('',*,*,#7720,.F.);
#3934=ORIENTED_EDGE('',*,*,#7698,.F.);
#3935=CARTESIAN_POINT('',(5.85,-3.43,-3.655));
#3936=DIRECTION('',(0.0,0.0,-1.0));
#3937=DIRECTION('',(0.0,-1.0,0.0));
#3938=ORIENTED_EDGE('',*,*,#7716,.F.);
#3939=ORIENTED_EDGE('',*,*,#7726,.T.);
#3940=ORIENTED_EDGE('',*,*,#7727,.F.);
#3941=ORIENTED_EDGE('',*,*,#7701,.T.);
#3942=CARTESIAN_POINT('',(10.825,-3.94,-0.645));
#3943=DIRECTION('',(0.0,0.0,1.0));
#3944=DIRECTION('',(1.0,0.0,0.0));
#3945=ORIENTED_EDGE('',*,*,#7728,.T.);
#3946=ORIENTED_EDGE('',*,*,#7729,.T.);
#3947=ORIENTED_EDGE('',*,*,#7730,.T.);
#3948=ORIENTED_EDGE('',*,*,#7731,.F.);
#3949=CARTESIAN_POINT('',(10.825,-3.94,-0.645));
#3950=DIRECTION('',(0.0,0.0,1.0));
#3951=DIRECTION('',(1.0,0.0,0.0));
#3952=ORIENTED_EDGE('',*,*,#7706,.F.);
#3953=ORIENTED_EDGE('',*,*,#7732,.F.);
#3954=ORIENTED_EDGE('',*,*,#7702,.T.);
#3955=ORIENTED_EDGE('',*,*,#7727,.T.);
#3956=ORIENTED_EDGE('',*,*,#7733,.T.);
#3957=ORIENTED_EDGE('',*,*,#7708,.T.);
#3958=CARTESIAN_POINT('',(5.85,-6.5175,0.355));
#3959=DIRECTION('',(-0.0,1.0,0.0));
#3960=DIRECTION('',(0.0,0.0,-1.0));
#3961=ORIENTED_EDGE('',*,*,#7733,.F.);
#3962=ORIENTED_EDGE('',*,*,#7726,.F.);
#3963=ORIENTED_EDGE('',*,*,#7715,.T.);
#3964=ORIENTED_EDGE('',*,*,#7709,.T.);
#3965=CARTESIAN_POINT('',(5.85,-3.2455,0.355));
#3966=DIRECTION('',(0.0,1.0,-0.0));
#3967=DIRECTION('',(0.0,0.0,1.0));
#3968=ORIENTED_EDGE('',*,*,#7732,.T.);
#3969=ORIENTED_EDGE('',*,*,#7705,.F.);
#3970=ORIENTED_EDGE('',*,*,#7734,.F.);
#3971=ORIENTED_EDGE('',*,*,#7703,.T.);
#3972=CARTESIAN_POINT('',(5.85,-6.87,0.355));
#3973=DIRECTION('',(0.0,-1.0,0.0));
#3974=DIRECTION('',(0.0,0.0,1.0));
#3975=ORIENTED_EDGE('',*,*,#7734,.T.);
#3976=ORIENTED_EDGE('',*,*,#7704,.T.);
#3977=CARTESIAN_POINT('',(5.85,-7.12,0.355));
#3978=DIRECTION('',(0.0,-1.0,0.0));
#3979=DIRECTION('',(0.0,0.0,-1.0));
#3980=ORIENTED_EDGE('',*,*,#7735,.F.);
#3981=ORIENTED_EDGE('',*,*,#7736,.F.);
#3982=ORIENTED_EDGE('',*,*,#7737,.T.);
#3983=ORIENTED_EDGE('',*,*,#7738,.T.);
#3984=ORIENTED_EDGE('',*,*,#7739,.T.);
#3985=ORIENTED_EDGE('',*,*,#7731,.T.);
#3986=ORIENTED_EDGE('',*,*,#7740,.T.);
#3987=ORIENTED_EDGE('',*,*,#7741,.T.);
#3988=ORIENTED_EDGE('',*,*,#7742,.F.);
#3989=ORIENTED_EDGE('',*,*,#7690,.F.);
#3990=ORIENTED_EDGE('',*,*,#7743,.T.);
#3991=ORIENTED_EDGE('',*,*,#7744,.T.);
#3992=ORIENTED_EDGE('',*,*,#7745,.F.);
#3993=ORIENTED_EDGE('',*,*,#7714,.F.);
#3994=CARTESIAN_POINT('',(-5.85,-3.2455,0.355));
#3995=DIRECTION('',(1.0,0.0,0.0));
#3996=DIRECTION('',(0.0,1.0,0.0));
#3997=ORIENTED_EDGE('',*,*,#7745,.T.);
#3998=ORIENTED_EDGE('',*,*,#7746,.F.);
#3999=ORIENTED_EDGE('',*,*,#7747,.F.);
#4000=ORIENTED_EDGE('',*,*,#7740,.F.);
#4001=ORIENTED_EDGE('',*,*,#7748,.T.);
#4002=CARTESIAN_POINT('',(-5.85,-3.2455,0.355));
#4003=DIRECTION('',(0.0,-1.0,0.0));
#4004=DIRECTION('',(0.0,0.0,1.0));
#4005=ORIENTED_EDGE('',*,*,#7748,.F.);
#4006=ORIENTED_EDGE('',*,*,#7730,.F.);
#4007=ORIENTED_EDGE('',*,*,#7749,.T.);
#4008=ORIENTED_EDGE('',*,*,#7711,.T.);
#4009=CARTESIAN_POINT('',(-5.85,-5.69,0.355));
#4010=DIRECTION('',(-0.0,1.0,0.0));
#4011=DIRECTION('',(1.0,0.0,0.0));
#4012=ORIENTED_EDGE('',*,*,#7749,.F.);
#4013=ORIENTED_EDGE('',*,*,#7729,.F.);
#4014=ORIENTED_EDGE('',*,*,#7750,.T.);
#4015=ORIENTED_EDGE('',*,*,#7712,.T.);
#4016=CARTESIAN_POINT('',(-5.85,-3.2455,0.355));
#4017=DIRECTION('',(0.0,-1.0,0.0));
#4018=DIRECTION('',(0.0,0.0,1.0));
#4019=ORIENTED_EDGE('',*,*,#7750,.F.);
#4020=ORIENTED_EDGE('',*,*,#7728,.F.);
#4021=ORIENTED_EDGE('',*,*,#7739,.F.);
#4022=ORIENTED_EDGE('',*,*,#7751,.T.);
#4023=ORIENTED_EDGE('',*,*,#7735,.T.);
#4024=ORIENTED_EDGE('',*,*,#7713,.F.);
#4025=CARTESIAN_POINT('',(-5.85,-6.5175,0.355));
#4026=DIRECTION('',(-0.0,1.0,-0.0));
#4027=DIRECTION('',(0.0,0.0,1.0));
#4028=ORIENTED_EDGE('',*,*,#7752,.T.);
#4029=ORIENTED_EDGE('',*,*,#7736,.T.);
#4030=ORIENTED_EDGE('',*,*,#7751,.F.);
#4031=ORIENTED_EDGE('',*,*,#7738,.F.);
#4032=CARTESIAN_POINT('',(-5.85,-6.87,0.355));
#4033=DIRECTION('',(0.0,1.0,0.0));
#4034=DIRECTION('',(0.0,0.0,1.0));
#4035=ORIENTED_EDGE('',*,*,#7752,.F.);
#4036=ORIENTED_EDGE('',*,*,#7737,.F.);
#4037=CARTESIAN_POINT('',(-5.85,-7.12,0.355));
#4038=DIRECTION('',(-0.0,1.0,0.0));
#4039=DIRECTION('',(1.0,0.0,0.0));
#4040=ORIENTED_EDGE('',*,*,#7753,.F.);
#4041=ORIENTED_EDGE('',*,*,#7754,.F.);
#4042=ORIENTED_EDGE('',*,*,#7746,.T.);
#4043=ORIENTED_EDGE('',*,*,#7744,.F.);
#4044=CARTESIAN_POINT('',(10.825,-3.94,4.955));
#4045=DIRECTION('',(-0.0,1.0,0.0));
#4046=DIRECTION('',(1.0,0.0,0.0));
#4047=ORIENTED_EDGE('',*,*,#7747,.T.);
#4048=ORIENTED_EDGE('',*,*,#7755,.F.);
#4049=ORIENTED_EDGE('',*,*,#7756,.F.);
#4050=ORIENTED_EDGE('',*,*,#7741,.F.);
#4051=CARTESIAN_POINT('',(10.825,-3.94,4.955));
#4052=DIRECTION('',(-0.0,1.0,0.0));
#4053=DIRECTION('',(1.0,0.0,0.0));
#4054=ORIENTED_EDGE('',*,*,#7755,.T.);
#4055=ORIENTED_EDGE('',*,*,#7754,.T.);
#4056=ORIENTED_EDGE('',*,*,#7757,.F.);
#4057=ORIENTED_EDGE('',*,*,#7688,.T.);
#4058=ORIENTED_EDGE('',*,*,#7758,.T.);
#4059=CARTESIAN_POINT('',(-6.85,-3.43,-3.655));
#4060=DIRECTION('',(1.0,0.0,0.0));
#4061=DIRECTION('',(0.0,1.0,0.0));
#4062=ORIENTED_EDGE('',*,*,#7756,.T.);
#4063=ORIENTED_EDGE('',*,*,#7758,.F.);
#4064=ORIENTED_EDGE('',*,*,#7687,.F.);
#4065=ORIENTED_EDGE('',*,*,#7742,.T.);
#4066=CARTESIAN_POINT('',(-5.85,-3.43,-3.655));
#4067=DIRECTION('',(0.0,0.0,1.0));
#4068=DIRECTION('',(1.0,0.0,0.0));
#4069=ORIENTED_EDGE('',*,*,#7689,.F.);
#4070=ORIENTED_EDGE('',*,*,#7757,.T.);
#4071=ORIENTED_EDGE('',*,*,#7753,.T.);
#4072=ORIENTED_EDGE('',*,*,#7743,.F.);
#4073=CARTESIAN_POINT('',(-6.85,-3.43,3.545));
#4074=DIRECTION('',(0.0,0.0,-1.0));
#4075=DIRECTION('',(0.0,-1.0,0.0));
#4076=ORIENTED_EDGE('',*,*,#7759,.T.);
#4077=ORIENTED_EDGE('',*,*,#7760,.T.);
#4078=ORIENTED_EDGE('',*,*,#7761,.T.);
#4079=ORIENTED_EDGE('',*,*,#7489,.F.);
#4080=CARTESIAN_POINT('',(-4.18,0.0,0.0));
#4081=DIRECTION('',(1.0,0.0,0.0));
#4082=DIRECTION('',(0.0,1.0,0.0));
#4083=ORIENTED_EDGE('',*,*,#7762,.T.);
#4084=ORIENTED_EDGE('',*,*,#7763,.T.);
#4085=ORIENTED_EDGE('',*,*,#7764,.T.);
#4086=ORIENTED_EDGE('',*,*,#7765,.T.);
#4087=CARTESIAN_POINT('',(-4.18,0.0,0.0));
#4088=DIRECTION('',(1.0,0.0,0.0));
#4089=DIRECTION('',(0.0,1.0,0.0));
#4090=ORIENTED_EDGE('',*,*,#7766,.T.);
#4091=ORIENTED_EDGE('',*,*,#7767,.T.);
#4092=ORIENTED_EDGE('',*,*,#7768,.T.);
#4093=ORIENTED_EDGE('',*,*,#7769,.T.);
#4094=CARTESIAN_POINT('',(-4.18,0.0,0.0));
#4095=DIRECTION('',(1.0,0.0,0.0));
#4096=DIRECTION('',(0.0,1.0,0.0));
#4097=ORIENTED_EDGE('',*,*,#7770,.T.);
#4098=ORIENTED_EDGE('',*,*,#7771,.T.);
#4099=ORIENTED_EDGE('',*,*,#7491,.F.);
#4100=ORIENTED_EDGE('',*,*,#7772,.T.);
#4101=ORIENTED_EDGE('',*,*,#7773,.T.);
#4102=ORIENTED_EDGE('',*,*,#7774,.T.);
#4103=CARTESIAN_POINT('',(-4.18,0.0,0.0));
#4104=DIRECTION('',(1.0,0.0,0.0));
#4105=DIRECTION('',(0.0,1.0,0.0));
#4106=ORIENTED_EDGE('',*,*,#7775,.T.);
#4107=ORIENTED_EDGE('',*,*,#7562,.T.);
#4108=ORIENTED_EDGE('',*,*,#7686,.T.);
#4109=ORIENTED_EDGE('',*,*,#7776,.F.);
#4110=CARTESIAN_POINT('',(-4.18,0.0,0.0));
#4111=DIRECTION('',(1.0,0.0,0.0));
#4112=DIRECTION('',(0.0,1.0,0.0));
#4113=ORIENTED_EDGE('',*,*,#7777,.T.);
#4114=ORIENTED_EDGE('',*,*,#7778,.T.);
#4115=ORIENTED_EDGE('',*,*,#7779,.T.);
#4116=ORIENTED_EDGE('',*,*,#7780,.T.);
#4117=ORIENTED_EDGE('',*,*,#7781,.T.);
#4118=ORIENTED_EDGE('',*,*,#7761,.F.);
#4119=CARTESIAN_POINT('',(-4.18,0.32,-4.955));
#4120=DIRECTION('',(-0.0,1.0,0.0));
#4121=DIRECTION('',(1.0,0.0,0.0));
#4122=ORIENTED_EDGE('',*,*,#7446,.F.);
#4123=ORIENTED_EDGE('',*,*,#7394,.T.);
#4124=ORIENTED_EDGE('',*,*,#7657,.T.);
#4125=ORIENTED_EDGE('',*,*,#7561,.T.);
#4126=CARTESIAN_POINT('',(-4.18,3.43,-3.655));
#4127=DIRECTION('',(1.0,0.0,0.0));
#4128=DIRECTION('',(0.0,1.0,0.0));
#4129=ORIENTED_EDGE('',*,*,#7782,.F.);
#4130=ORIENTED_EDGE('',*,*,#7783,.F.);
#4131=ORIENTED_EDGE('',*,*,#7784,.T.);
#4132=ORIENTED_EDGE('',*,*,#7488,.F.);
#4133=CARTESIAN_POINT('',(-4.18,3.43,-3.655));
#4134=DIRECTION('',(1.0,0.0,0.0));
#4135=DIRECTION('',(0.0,1.0,0.0));
#4136=ORIENTED_EDGE('',*,*,#7785,.F.);
#4137=ORIENTED_EDGE('',*,*,#7398,.F.);
#4138=ORIENTED_EDGE('',*,*,#7644,.F.);
#4139=ORIENTED_EDGE('',*,*,#7492,.F.);
#4140=ORIENTED_EDGE('',*,*,#7786,.F.);
#4141=ORIENTED_EDGE('',*,*,#7787,.F.);
#4142=CARTESIAN_POINT('',(-4.18,3.43,-3.655));
#4143=DIRECTION('',(1.0,0.0,0.0));
#4144=DIRECTION('',(0.0,1.0,0.0));
#4145=ORIENTED_EDGE('',*,*,#7788,.T.);
#4146=ORIENTED_EDGE('',*,*,#7490,.F.);
#4147=ORIENTED_EDGE('',*,*,#7781,.F.);
#4148=ORIENTED_EDGE('',*,*,#7789,.F.);
#4149=CARTESIAN_POINT('',(-4.18,3.43,-3.655));
#4150=DIRECTION('',(1.0,0.0,0.0));
#4151=DIRECTION('',(0.0,1.0,0.0));
#4152=ORIENTED_EDGE('',*,*,#7784,.F.);
#4153=ORIENTED_EDGE('',*,*,#7790,.F.);
#4154=ORIENTED_EDGE('',*,*,#7791,.F.);
#4155=ORIENTED_EDGE('',*,*,#7792,.T.);
#4156=ORIENTED_EDGE('',*,*,#7793,.F.);
#4157=ORIENTED_EDGE('',*,*,#7759,.F.);
#4158=CARTESIAN_POINT('',(-4.18,-0.32,-3.655));
#4159=DIRECTION('',(0.0,-1.0,0.0));
#4160=DIRECTION('',(0.0,0.0,-1.0));
#4161=ORIENTED_EDGE('',*,*,#7793,.T.);
#4162=ORIENTED_EDGE('',*,*,#7794,.T.);
#4163=ORIENTED_EDGE('',*,*,#7777,.F.);
#4164=ORIENTED_EDGE('',*,*,#7760,.F.);
#4165=CARTESIAN_POINT('',(-4.18,-0.32,-4.955));
#4166=DIRECTION('',(0.0,0.0,-1.0));
#4167=DIRECTION('',(0.0,-1.0,0.0));
#4168=ORIENTED_EDGE('',*,*,#7778,.F.);
#4169=ORIENTED_EDGE('',*,*,#7794,.F.);
#4170=ORIENTED_EDGE('',*,*,#7792,.F.);
#4171=ORIENTED_EDGE('',*,*,#7485,.T.);
#4172=CARTESIAN_POINT('',(-4.82,0.0,0.0));
#4173=DIRECTION('',(1.0,0.0,0.0));
#4174=DIRECTION('',(0.0,1.0,0.0));
#4175=ORIENTED_EDGE('',*,*,#7795,.F.);
#4176=ORIENTED_EDGE('',*,*,#7796,.F.);
#4177=ORIENTED_EDGE('',*,*,#7797,.F.);
#4178=ORIENTED_EDGE('',*,*,#7798,.T.);
#4179=CARTESIAN_POINT('',(-4.82,0.0,0.0));
#4180=DIRECTION('',(1.0,0.0,0.0));
#4181=DIRECTION('',(0.0,1.0,0.0));
#4182=ORIENTED_EDGE('',*,*,#7799,.F.);
#4183=ORIENTED_EDGE('',*,*,#7800,.F.);
#4184=ORIENTED_EDGE('',*,*,#7801,.F.);
#4185=ORIENTED_EDGE('',*,*,#7802,.T.);
#4186=CARTESIAN_POINT('',(-4.82,0.0,0.0));
#4187=DIRECTION('',(1.0,0.0,0.0));
#4188=DIRECTION('',(0.0,1.0,0.0));
#4189=ORIENTED_EDGE('',*,*,#7803,.F.);
#4190=ORIENTED_EDGE('',*,*,#7804,.F.);
#4191=ORIENTED_EDGE('',*,*,#7483,.T.);
#4192=ORIENTED_EDGE('',*,*,#7805,.F.);
#4193=ORIENTED_EDGE('',*,*,#7806,.F.);
#4194=ORIENTED_EDGE('',*,*,#7807,.T.);
#4195=CARTESIAN_POINT('',(-4.82,0.0,0.0));
#4196=DIRECTION('',(1.0,0.0,0.0));
#4197=DIRECTION('',(0.0,1.0,0.0));
#4198=ORIENTED_EDGE('',*,*,#7684,.F.);
#4199=ORIENTED_EDGE('',*,*,#7564,.F.);
#4200=ORIENTED_EDGE('',*,*,#7808,.T.);
#4201=ORIENTED_EDGE('',*,*,#7809,.T.);
#4202=CARTESIAN_POINT('',(-4.82,0.0,0.0));
#4203=DIRECTION('',(1.0,0.0,0.0));
#4204=DIRECTION('',(0.0,1.0,0.0));
#4205=ORIENTED_EDGE('',*,*,#7810,.F.);
#4206=ORIENTED_EDGE('',*,*,#7811,.T.);
#4207=ORIENTED_EDGE('',*,*,#7812,.F.);
#4208=ORIENTED_EDGE('',*,*,#7798,.F.);
#4209=CARTESIAN_POINT('',(-4.73,1.5,2.055));
#4210=DIRECTION('',(-0.984183323973689,0.0,0.177152998315298));
#4211=DIRECTION('',(0.0,1.0,0.0));
#4212=ORIENTED_EDGE('',*,*,#7813,.T.);
#4213=ORIENTED_EDGE('',*,*,#7812,.T.);
#4214=ORIENTED_EDGE('',*,*,#7814,.F.);
#4215=ORIENTED_EDGE('',*,*,#7815,.T.);
#4216=CARTESIAN_POINT('',(-4.5,1.73,2.055));
#4217=DIRECTION('',(0.0,0.984183323973689,0.177152998315298));
#4218=DIRECTION('',(1.0,0.0,-0.0));
#4219=ORIENTED_EDGE('',*,*,#7816,.F.);
#4220=ORIENTED_EDGE('',*,*,#7765,.F.);
#4221=ORIENTED_EDGE('',*,*,#7815,.F.);
#4222=ORIENTED_EDGE('',*,*,#7817,.T.);
#4223=CARTESIAN_POINT('',(-4.27,1.5,2.055));
#4224=DIRECTION('',(0.984183323973689,0.0,0.177152998315298));
#4225=DIRECTION('',(0.0,-1.0,0.0));
#4226=ORIENTED_EDGE('',*,*,#7817,.F.);
#4227=ORIENTED_EDGE('',*,*,#7814,.T.);
#4228=ORIENTED_EDGE('',*,*,#7811,.F.);
#4229=ORIENTED_EDGE('',*,*,#7818,.F.);
#4230=CARTESIAN_POINT('',(-4.18,1.82,2.555));
#4231=DIRECTION('',(0.0,0.0,1.0));
#4232=DIRECTION('',(1.0,0.0,0.0));
#4233=ORIENTED_EDGE('',*,*,#7810,.T.);
#4234=ORIENTED_EDGE('',*,*,#7819,.F.);
#4235=ORIENTED_EDGE('',*,*,#7816,.T.);
#4236=ORIENTED_EDGE('',*,*,#7818,.T.);
#4237=CARTESIAN_POINT('',(-4.5,1.27,2.055));
#4238=DIRECTION('',(0.0,-0.984183323973689,0.177152998315298));
#4239=DIRECTION('',(-1.0,0.0,0.0));
#4240=ORIENTED_EDGE('',*,*,#7797,.T.);
#4241=ORIENTED_EDGE('',*,*,#7820,.T.);
#4242=ORIENTED_EDGE('',*,*,#7762,.F.);
#4243=ORIENTED_EDGE('',*,*,#7819,.T.);
#4244=CARTESIAN_POINT('',(-4.18,1.18,2.555));
#4245=DIRECTION('',(0.0,-1.0,0.0));
#4246=DIRECTION('',(0.0,0.0,-1.0));
#4247=ORIENTED_EDGE('',*,*,#7821,.T.);
#4248=ORIENTED_EDGE('',*,*,#7822,.T.);
#4249=ORIENTED_EDGE('',*,*,#7823,.T.);
#4250=ORIENTED_EDGE('',*,*,#7824,.T.);
#4251=ORIENTED_EDGE('',*,*,#7825,.T.);
#4252=ORIENTED_EDGE('',*,*,#7826,.F.);
#4253=ORIENTED_EDGE('',*,*,#7827,.T.);
#4254=ORIENTED_EDGE('',*,*,#7828,.T.);
#4255=ORIENTED_EDGE('',*,*,#7829,.F.);
#4256=CARTESIAN_POINT('',(-10.825,3.43,-1.645));
#4257=DIRECTION('',(0.0,0.0,1.0));
#4258=DIRECTION('',(1.0,0.0,0.0));
#4259=ORIENTED_EDGE('',*,*,#7830,.T.);
#4260=ORIENTED_EDGE('',*,*,#7831,.T.);
#4261=ORIENTED_EDGE('',*,*,#7832,.T.);
#4262=ORIENTED_EDGE('',*,*,#7833,.T.);
#4263=ORIENTED_EDGE('',*,*,#7834,.T.);
#4264=ORIENTED_EDGE('',*,*,#7835,.F.);
#4265=ORIENTED_EDGE('',*,*,#7836,.T.);
#4266=ORIENTED_EDGE('',*,*,#7837,.T.);
#4267=ORIENTED_EDGE('',*,*,#7838,.F.);
#4268=CARTESIAN_POINT('',(-10.825,3.43,-1.645));
#4269=DIRECTION('',(0.0,0.0,1.0));
#4270=DIRECTION('',(1.0,0.0,0.0));
#4271=ORIENTED_EDGE('',*,*,#7839,.T.);
#4272=ORIENTED_EDGE('',*,*,#7840,.T.);
#4273=ORIENTED_EDGE('',*,*,#7841,.T.);
#4274=ORIENTED_EDGE('',*,*,#7842,.T.);
#4275=ORIENTED_EDGE('',*,*,#7843,.T.);
#4276=ORIENTED_EDGE('',*,*,#7844,.F.);
#4277=ORIENTED_EDGE('',*,*,#7845,.T.);
#4278=ORIENTED_EDGE('',*,*,#7846,.T.);
#4279=ORIENTED_EDGE('',*,*,#7847,.F.);
#4280=CARTESIAN_POINT('',(-10.825,3.43,-1.645));
#4281=DIRECTION('',(0.0,0.0,1.0));
#4282=DIRECTION('',(1.0,0.0,0.0));
#4283=ORIENTED_EDGE('',*,*,#7848,.T.);
#4284=ORIENTED_EDGE('',*,*,#7849,.T.);
#4285=ORIENTED_EDGE('',*,*,#7850,.T.);
#4286=ORIENTED_EDGE('',*,*,#7851,.T.);
#4287=ORIENTED_EDGE('',*,*,#7852,.T.);
#4288=ORIENTED_EDGE('',*,*,#7853,.F.);
#4289=ORIENTED_EDGE('',*,*,#7854,.T.);
#4290=ORIENTED_EDGE('',*,*,#7855,.T.);
#4291=ORIENTED_EDGE('',*,*,#7856,.F.);
#4292=CARTESIAN_POINT('',(-10.825,3.43,-1.645));
#4293=DIRECTION('',(0.0,0.0,1.0));
#4294=DIRECTION('',(1.0,0.0,0.0));
#4295=ORIENTED_EDGE('',*,*,#7857,.T.);
#4296=ORIENTED_EDGE('',*,*,#7858,.T.);
#4297=ORIENTED_EDGE('',*,*,#7859,.T.);
#4298=ORIENTED_EDGE('',*,*,#7860,.T.);
#4299=ORIENTED_EDGE('',*,*,#7861,.F.);
#4300=ORIENTED_EDGE('',*,*,#7862,.T.);
#4301=ORIENTED_EDGE('',*,*,#7863,.T.);
#4302=ORIENTED_EDGE('',*,*,#7864,.F.);
#4303=CARTESIAN_POINT('',(-10.825,3.43,-1.645));
#4304=DIRECTION('',(0.0,0.0,1.0));
#4305=DIRECTION('',(1.0,0.0,0.0));
#4306=ORIENTED_EDGE('',*,*,#7865,.T.);
#4307=ORIENTED_EDGE('',*,*,#7866,.T.);
#4308=ORIENTED_EDGE('',*,*,#7867,.T.);
#4309=ORIENTED_EDGE('',*,*,#7868,.T.);
#4310=ORIENTED_EDGE('',*,*,#7869,.T.);
#4311=ORIENTED_EDGE('',*,*,#7870,.F.);
#4312=ORIENTED_EDGE('',*,*,#7871,.T.);
#4313=ORIENTED_EDGE('',*,*,#7872,.T.);
#4314=ORIENTED_EDGE('',*,*,#7873,.F.);
#4315=CARTESIAN_POINT('',(-10.825,3.43,-1.645));
#4316=DIRECTION('',(0.0,0.0,1.0));
#4317=DIRECTION('',(1.0,0.0,0.0));
#4318=ORIENTED_EDGE('',*,*,#7874,.T.);
#4319=ORIENTED_EDGE('',*,*,#7875,.T.);
#4320=ORIENTED_EDGE('',*,*,#7876,.T.);
#4321=ORIENTED_EDGE('',*,*,#7877,.T.);
#4322=ORIENTED_EDGE('',*,*,#7878,.T.);
#4323=ORIENTED_EDGE('',*,*,#7879,.F.);
#4324=ORIENTED_EDGE('',*,*,#7880,.T.);
#4325=ORIENTED_EDGE('',*,*,#7881,.T.);
#4326=ORIENTED_EDGE('',*,*,#7882,.F.);
#4327=CARTESIAN_POINT('',(-10.825,3.43,-1.645));
#4328=DIRECTION('',(0.0,0.0,1.0));
#4329=DIRECTION('',(1.0,0.0,0.0));
#4330=ORIENTED_EDGE('',*,*,#7883,.T.);
#4331=ORIENTED_EDGE('',*,*,#7884,.T.);
#4332=ORIENTED_EDGE('',*,*,#7885,.T.);
#4333=ORIENTED_EDGE('',*,*,#7886,.T.);
#4334=ORIENTED_EDGE('',*,*,#7887,.T.);
#4335=ORIENTED_EDGE('',*,*,#7888,.F.);
#4336=ORIENTED_EDGE('',*,*,#7889,.T.);
#4337=ORIENTED_EDGE('',*,*,#7890,.T.);
#4338=ORIENTED_EDGE('',*,*,#7891,.F.);
#4339=CARTESIAN_POINT('',(-10.825,3.43,-1.645));
#4340=DIRECTION('',(0.0,0.0,1.0));
#4341=DIRECTION('',(1.0,0.0,0.0));
#4342=ORIENTED_EDGE('',*,*,#7892,.T.);
#4343=ORIENTED_EDGE('',*,*,#7893,.T.);
#4344=ORIENTED_EDGE('',*,*,#7894,.T.);
#4345=ORIENTED_EDGE('',*,*,#7895,.T.);
#4346=ORIENTED_EDGE('',*,*,#7896,.T.);
#4347=ORIENTED_EDGE('',*,*,#7897,.F.);
#4348=ORIENTED_EDGE('',*,*,#7800,.T.);
#4349=ORIENTED_EDGE('',*,*,#7898,.T.);
#4350=ORIENTED_EDGE('',*,*,#7767,.F.);
#4351=CARTESIAN_POINT('',(-10.825,3.43,-1.645));
#4352=DIRECTION('',(0.0,0.0,1.0));
#4353=DIRECTION('',(1.0,0.0,0.0));
#4354=ORIENTED_EDGE('',*,*,#7899,.T.);
#4355=ORIENTED_EDGE('',*,*,#7900,.T.);
#4356=ORIENTED_EDGE('',*,*,#7901,.T.);
#4357=ORIENTED_EDGE('',*,*,#7902,.T.);
#4358=ORIENTED_EDGE('',*,*,#7903,.T.);
#4359=ORIENTED_EDGE('',*,*,#7820,.F.);
#4360=ORIENTED_EDGE('',*,*,#7796,.T.);
#4361=ORIENTED_EDGE('',*,*,#7904,.T.);
#4362=ORIENTED_EDGE('',*,*,#7763,.F.);
#4363=CARTESIAN_POINT('',(-10.825,3.43,-1.645));
#4364=DIRECTION('',(0.0,0.0,1.0));
#4365=DIRECTION('',(1.0,0.0,0.0));
#4366=ORIENTED_EDGE('',*,*,#7905,.T.);
#4367=ORIENTED_EDGE('',*,*,#7906,.T.);
#4368=ORIENTED_EDGE('',*,*,#7907,.T.);
#4369=ORIENTED_EDGE('',*,*,#7908,.T.);
#4370=ORIENTED_EDGE('',*,*,#7909,.T.);
#4371=ORIENTED_EDGE('',*,*,#7910,.F.);
#4372=ORIENTED_EDGE('',*,*,#7613,.T.);
#4373=ORIENTED_EDGE('',*,*,#7911,.T.);
#4374=ORIENTED_EDGE('',*,*,#7576,.F.);
#4375=CARTESIAN_POINT('',(-10.825,3.43,-1.645));
#4376=DIRECTION('',(0.0,0.0,1.0));
#4377=DIRECTION('',(1.0,0.0,0.0));
#4378=ORIENTED_EDGE('',*,*,#7912,.T.);
#4379=ORIENTED_EDGE('',*,*,#7913,.T.);
#4380=ORIENTED_EDGE('',*,*,#7914,.T.);
#4381=ORIENTED_EDGE('',*,*,#7915,.T.);
#4382=ORIENTED_EDGE('',*,*,#7916,.T.);
#4383=ORIENTED_EDGE('',*,*,#7917,.F.);
#4384=ORIENTED_EDGE('',*,*,#7609,.T.);
#4385=ORIENTED_EDGE('',*,*,#7918,.T.);
#4386=ORIENTED_EDGE('',*,*,#7572,.F.);
#4387=CARTESIAN_POINT('',(-10.825,3.43,-1.645));
#4388=DIRECTION('',(0.0,0.0,1.0));
#4389=DIRECTION('',(1.0,0.0,0.0));
#4390=ORIENTED_EDGE('',*,*,#7919,.T.);
#4391=ORIENTED_EDGE('',*,*,#7825,.F.);
#4392=ORIENTED_EDGE('',*,*,#7920,.F.);
#4393=ORIENTED_EDGE('',*,*,#7921,.T.);
#4394=CARTESIAN_POINT('',(6.23,2.77,4.955));
#4395=DIRECTION('',(-1.0,0.0,0.0));
#4396=DIRECTION('',(0.0,0.0,1.0));
#4397=ORIENTED_EDGE('',*,*,#7316,.F.);
#4398=ORIENTED_EDGE('',*,*,#7331,.F.);
#4399=ORIENTED_EDGE('',*,*,#7323,.T.);
#4400=ORIENTED_EDGE('',*,*,#7245,.F.);
#4401=ORIENTED_EDGE('',*,*,#7327,.T.);
#4402=ORIENTED_EDGE('',*,*,#7678,.T.);
#4403=ORIENTED_EDGE('',*,*,#7318,.F.);
#4404=ORIENTED_EDGE('',*,*,#7284,.T.);
#4405=ORIENTED_EDGE('',*,*,#7921,.F.);
#4406=ORIENTED_EDGE('',*,*,#7922,.F.);
#4407=ORIENTED_EDGE('',*,*,#7923,.F.);
#4408=ORIENTED_EDGE('',*,*,#7924,.F.);
#4409=ORIENTED_EDGE('',*,*,#7925,.F.);
#4410=ORIENTED_EDGE('',*,*,#7926,.F.);
#4411=ORIENTED_EDGE('',*,*,#7927,.F.);
#4412=ORIENTED_EDGE('',*,*,#7928,.F.);
#4413=ORIENTED_EDGE('',*,*,#7929,.F.);
#4414=ORIENTED_EDGE('',*,*,#7930,.F.);
#4415=ORIENTED_EDGE('',*,*,#7931,.F.);
#4416=ORIENTED_EDGE('',*,*,#7932,.F.);
#4417=ORIENTED_EDGE('',*,*,#7933,.F.);
#4418=ORIENTED_EDGE('',*,*,#7934,.F.);
#4419=ORIENTED_EDGE('',*,*,#7935,.F.);
#4420=ORIENTED_EDGE('',*,*,#7936,.F.);
#4421=ORIENTED_EDGE('',*,*,#7937,.F.);
#4422=ORIENTED_EDGE('',*,*,#7938,.F.);
#4423=ORIENTED_EDGE('',*,*,#7939,.F.);
#4424=ORIENTED_EDGE('',*,*,#7940,.F.);
#4425=ORIENTED_EDGE('',*,*,#7941,.F.);
#4426=ORIENTED_EDGE('',*,*,#7942,.F.);
#4427=ORIENTED_EDGE('',*,*,#7943,.F.);
#4428=ORIENTED_EDGE('',*,*,#7944,.F.);
#4429=ORIENTED_EDGE('',*,*,#7945,.F.);
#4430=ORIENTED_EDGE('',*,*,#7946,.F.);
#4431=ORIENTED_EDGE('',*,*,#7947,.F.);
#4432=ORIENTED_EDGE('',*,*,#7948,.F.);
#4433=ORIENTED_EDGE('',*,*,#7949,.F.);
#4434=ORIENTED_EDGE('',*,*,#7950,.F.);
#4435=ORIENTED_EDGE('',*,*,#7951,.F.);
#4436=ORIENTED_EDGE('',*,*,#7952,.F.);
#4437=ORIENTED_EDGE('',*,*,#7953,.F.);
#4438=ORIENTED_EDGE('',*,*,#7954,.F.);
#4439=ORIENTED_EDGE('',*,*,#7955,.F.);
#4440=ORIENTED_EDGE('',*,*,#7956,.F.);
#4441=ORIENTED_EDGE('',*,*,#7957,.F.);
#4442=ORIENTED_EDGE('',*,*,#7958,.F.);
#4443=ORIENTED_EDGE('',*,*,#7959,.F.);
#4444=ORIENTED_EDGE('',*,*,#7960,.F.);
#4445=ORIENTED_EDGE('',*,*,#7961,.F.);
#4446=ORIENTED_EDGE('',*,*,#7962,.F.);
#4447=ORIENTED_EDGE('',*,*,#7963,.F.);
#4448=ORIENTED_EDGE('',*,*,#7964,.F.);
#4449=ORIENTED_EDGE('',*,*,#7965,.F.);
#4450=ORIENTED_EDGE('',*,*,#7966,.F.);
#4451=ORIENTED_EDGE('',*,*,#7967,.F.);
#4452=ORIENTED_EDGE('',*,*,#7968,.F.);
#4453=ORIENTED_EDGE('',*,*,#7969,.F.);
#4454=ORIENTED_EDGE('',*,*,#7970,.F.);
#4455=ORIENTED_EDGE('',*,*,#7971,.F.);
#4456=ORIENTED_EDGE('',*,*,#7972,.F.);
#4457=ORIENTED_EDGE('',*,*,#7973,.F.);
#4458=ORIENTED_EDGE('',*,*,#7974,.F.);
#4459=ORIENTED_EDGE('',*,*,#7975,.F.);
#4460=ORIENTED_EDGE('',*,*,#7976,.F.);
#4461=ORIENTED_EDGE('',*,*,#7977,.F.);
#4462=ORIENTED_EDGE('',*,*,#7978,.F.);
#4463=ORIENTED_EDGE('',*,*,#7979,.F.);
#4464=CARTESIAN_POINT('',(-10.825,3.43,4.955));
#4465=DIRECTION('',(0.0,0.0,1.0));
#4466=DIRECTION('',(1.0,0.0,0.0));
#4467=ORIENTED_EDGE('',*,*,#7980,.T.);
#4468=ORIENTED_EDGE('',*,*,#7821,.F.);
#4469=ORIENTED_EDGE('',*,*,#7919,.F.);
#4470=ORIENTED_EDGE('',*,*,#7925,.T.);
#4471=CARTESIAN_POINT('',(6.23,0.23,4.955));
#4472=DIRECTION('',(0.0,-1.0,0.0));
#4473=DIRECTION('',(0.0,0.0,-1.0));
#4474=ORIENTED_EDGE('',*,*,#7981,.T.);
#4475=ORIENTED_EDGE('',*,*,#7822,.F.);
#4476=ORIENTED_EDGE('',*,*,#7980,.F.);
#4477=ORIENTED_EDGE('',*,*,#7924,.T.);
#4478=CARTESIAN_POINT('',(8.07,0.23,4.955));
#4479=DIRECTION('',(0.707106781186548,-0.707106781186548,0.0));
#4480=DIRECTION('',(0.0,0.0,-1.0));
#4481=ORIENTED_EDGE('',*,*,#7823,.F.);
#4482=ORIENTED_EDGE('',*,*,#7981,.F.);
#4483=ORIENTED_EDGE('',*,*,#7923,.T.);
#4484=ORIENTED_EDGE('',*,*,#7982,.T.);
#4485=CARTESIAN_POINT('',(8.77,0.93,4.955));
#4486=DIRECTION('',(1.0,0.0,0.0));
#4487=DIRECTION('',(0.0,1.0,0.0));
#4488=ORIENTED_EDGE('',*,*,#7920,.T.);
#4489=ORIENTED_EDGE('',*,*,#7824,.F.);
#4490=ORIENTED_EDGE('',*,*,#7982,.F.);
#4491=ORIENTED_EDGE('',*,*,#7922,.T.);
#4492=CARTESIAN_POINT('',(8.77,2.77,4.955));
#4493=DIRECTION('',(-0.0,1.0,0.0));
#4494=DIRECTION('',(1.0,0.0,0.0));
#4495=ORIENTED_EDGE('',*,*,#7983,.T.);
#4496=ORIENTED_EDGE('',*,*,#7834,.F.);
#4497=ORIENTED_EDGE('',*,*,#7984,.F.);
#4498=ORIENTED_EDGE('',*,*,#7930,.T.);
#4499=CARTESIAN_POINT('',(8.77,-0.23,4.955));
#4500=DIRECTION('',(-0.0,1.0,0.0));
#4501=DIRECTION('',(1.0,0.0,0.0));
#4502=ORIENTED_EDGE('',*,*,#7926,.T.);
#4503=ORIENTED_EDGE('',*,*,#7984,.T.);
#4504=ORIENTED_EDGE('',*,*,#7833,.F.);
#4505=ORIENTED_EDGE('',*,*,#7985,.F.);
#4506=CARTESIAN_POINT('',(8.77,-2.07,4.955));
#4507=DIRECTION('',(1.0,0.0,0.0));
#4508=DIRECTION('',(0.0,1.0,0.0));
#4509=ORIENTED_EDGE('',*,*,#7927,.T.);
#4510=ORIENTED_EDGE('',*,*,#7985,.T.);
#4511=ORIENTED_EDGE('',*,*,#7832,.F.);
#4512=ORIENTED_EDGE('',*,*,#7986,.F.);
#4513=CARTESIAN_POINT('',(8.07,-2.77,4.955));
#4514=DIRECTION('',(0.707106781186548,-0.707106781186548,0.0));
#4515=DIRECTION('',(0.0,0.0,-1.0));
#4516=ORIENTED_EDGE('',*,*,#7986,.T.);
#4517=ORIENTED_EDGE('',*,*,#7831,.F.);
#4518=ORIENTED_EDGE('',*,*,#7987,.F.);
#4519=ORIENTED_EDGE('',*,*,#7928,.T.);
#4520=CARTESIAN_POINT('',(6.23,-2.77,4.955));
#4521=DIRECTION('',(0.0,-1.0,0.0));
#4522=DIRECTION('',(0.0,0.0,-1.0));
#4523=ORIENTED_EDGE('',*,*,#7987,.T.);
#4524=ORIENTED_EDGE('',*,*,#7830,.F.);
#4525=ORIENTED_EDGE('',*,*,#7983,.F.);
#4526=ORIENTED_EDGE('',*,*,#7929,.T.);
#4527=CARTESIAN_POINT('',(6.23,-0.23,4.955));
#4528=DIRECTION('',(-1.0,0.0,0.0));
#4529=DIRECTION('',(0.0,0.0,1.0));
#4530=ORIENTED_EDGE('',*,*,#7988,.T.);
#4531=ORIENTED_EDGE('',*,*,#7905,.F.);
#4532=ORIENTED_EDGE('',*,*,#7989,.F.);
#4533=ORIENTED_EDGE('',*,*,#7935,.T.);
#4534=CARTESIAN_POINT('',(-6.23,-0.23,4.955));
#4535=DIRECTION('',(-0.0,1.0,0.0));
#4536=DIRECTION('',(1.0,0.0,0.0));
#4537=ORIENTED_EDGE('',*,*,#7989,.T.);
#4538=ORIENTED_EDGE('',*,*,#7909,.F.);
#4539=ORIENTED_EDGE('',*,*,#7990,.F.);
#4540=ORIENTED_EDGE('',*,*,#7931,.T.);
#4541=CARTESIAN_POINT('',(-6.23,-2.07,4.955));
#4542=DIRECTION('',(1.0,0.0,0.0));
#4543=DIRECTION('',(0.0,1.0,0.0));
#4544=ORIENTED_EDGE('',*,*,#7990,.T.);
#4545=ORIENTED_EDGE('',*,*,#7908,.F.);
#4546=ORIENTED_EDGE('',*,*,#7991,.F.);
#4547=ORIENTED_EDGE('',*,*,#7932,.T.);
#4548=CARTESIAN_POINT('',(-6.93,-2.77,4.955));
#4549=DIRECTION('',(0.707106781186548,-0.707106781186548,0.0));
#4550=DIRECTION('',(0.0,0.0,-1.0));
#4551=ORIENTED_EDGE('',*,*,#7991,.T.);
#4552=ORIENTED_EDGE('',*,*,#7907,.F.);
#4553=ORIENTED_EDGE('',*,*,#7992,.F.);
#4554=ORIENTED_EDGE('',*,*,#7933,.T.);
#4555=CARTESIAN_POINT('',(-8.77,-2.77,4.955));
#4556=DIRECTION('',(0.0,-1.0,0.0));
#4557=DIRECTION('',(0.0,0.0,-1.0));
#4558=ORIENTED_EDGE('',*,*,#7906,.F.);
#4559=ORIENTED_EDGE('',*,*,#7988,.F.);
#4560=ORIENTED_EDGE('',*,*,#7934,.T.);
#4561=ORIENTED_EDGE('',*,*,#7992,.T.);
#4562=CARTESIAN_POINT('',(-8.77,-0.23,4.955));
#4563=DIRECTION('',(-1.0,0.0,0.0));
#4564=DIRECTION('',(0.0,0.0,1.0));
#4565=ORIENTED_EDGE('',*,*,#7993,.T.);
#4566=ORIENTED_EDGE('',*,*,#7912,.F.);
#4567=ORIENTED_EDGE('',*,*,#7994,.F.);
#4568=ORIENTED_EDGE('',*,*,#7940,.T.);
#4569=CARTESIAN_POINT('',(-6.23,2.77,4.955));
#4570=DIRECTION('',(-0.0,1.0,0.0));
#4571=DIRECTION('',(1.0,0.0,0.0));
#4572=ORIENTED_EDGE('',*,*,#7994,.T.);
#4573=ORIENTED_EDGE('',*,*,#7916,.F.);
#4574=ORIENTED_EDGE('',*,*,#7995,.F.);
#4575=ORIENTED_EDGE('',*,*,#7936,.T.);
#4576=CARTESIAN_POINT('',(-6.23,0.93,4.955));
#4577=DIRECTION('',(1.0,0.0,0.0));
#4578=DIRECTION('',(0.0,1.0,0.0));
#4579=ORIENTED_EDGE('',*,*,#7995,.T.);
#4580=ORIENTED_EDGE('',*,*,#7915,.F.);
#4581=ORIENTED_EDGE('',*,*,#7996,.F.);
#4582=ORIENTED_EDGE('',*,*,#7937,.T.);
#4583=CARTESIAN_POINT('',(-6.93,0.23,4.955));
#4584=DIRECTION('',(0.707106781186548,-0.707106781186548,0.0));
#4585=DIRECTION('',(0.0,0.0,-1.0));
#4586=ORIENTED_EDGE('',*,*,#7996,.T.);
#4587=ORIENTED_EDGE('',*,*,#7914,.F.);
#4588=ORIENTED_EDGE('',*,*,#7997,.F.);
#4589=ORIENTED_EDGE('',*,*,#7938,.T.);
#4590=CARTESIAN_POINT('',(-8.77,0.23,4.955));
#4591=DIRECTION('',(0.0,-1.0,0.0));
#4592=DIRECTION('',(0.0,0.0,-1.0));
#4593=ORIENTED_EDGE('',*,*,#7939,.T.);
#4594=ORIENTED_EDGE('',*,*,#7997,.T.);
#4595=ORIENTED_EDGE('',*,*,#7913,.F.);
#4596=ORIENTED_EDGE('',*,*,#7993,.F.);
#4597=CARTESIAN_POINT('',(-8.77,2.77,4.955));
#4598=DIRECTION('',(-1.0,0.0,0.0));
#4599=DIRECTION('',(0.0,0.0,1.0));
#4600=ORIENTED_EDGE('',*,*,#7998,.T.);
#4601=ORIENTED_EDGE('',*,*,#7843,.F.);
#4602=ORIENTED_EDGE('',*,*,#7999,.F.);
#4603=ORIENTED_EDGE('',*,*,#7945,.T.);
#4604=CARTESIAN_POINT('',(3.23,-0.23,4.955));
#4605=DIRECTION('',(-1.0,0.0,0.0));
#4606=DIRECTION('',(0.0,0.0,1.0));
#4607=ORIENTED_EDGE('',*,*,#7999,.T.);
#4608=ORIENTED_EDGE('',*,*,#7842,.F.);
#4609=ORIENTED_EDGE('',*,*,#8000,.F.);
#4610=ORIENTED_EDGE('',*,*,#7941,.T.);
#4611=CARTESIAN_POINT('',(5.77,-0.23,4.955));
#4612=DIRECTION('',(-0.0,1.0,0.0));
#4613=DIRECTION('',(1.0,0.0,0.0));
#4614=ORIENTED_EDGE('',*,*,#8000,.T.);
#4615=ORIENTED_EDGE('',*,*,#7841,.F.);
#4616=ORIENTED_EDGE('',*,*,#8001,.F.);
#4617=ORIENTED_EDGE('',*,*,#7942,.T.);
#4618=CARTESIAN_POINT('',(5.77,-2.77,4.955));
#4619=DIRECTION('',(1.0,0.0,0.0));
#4620=DIRECTION('',(0.0,1.0,0.0));
#4621=ORIENTED_EDGE('',*,*,#8001,.T.);
#4622=ORIENTED_EDGE('',*,*,#7840,.F.);
#4623=ORIENTED_EDGE('',*,*,#8002,.F.);
#4624=ORIENTED_EDGE('',*,*,#7943,.T.);
#4625=CARTESIAN_POINT('',(3.93,-2.77,4.955));
#4626=DIRECTION('',(0.0,-1.0,0.0));
#4627=DIRECTION('',(0.0,0.0,-1.0));
#4628=ORIENTED_EDGE('',*,*,#8002,.T.);
#4629=ORIENTED_EDGE('',*,*,#7839,.F.);
#4630=ORIENTED_EDGE('',*,*,#7998,.F.);
#4631=ORIENTED_EDGE('',*,*,#7944,.T.);
#4632=CARTESIAN_POINT('',(3.23,-2.07,4.955));
#4633=DIRECTION('',(-0.707106781186548,-0.707106781186548,0.0));
#4634=DIRECTION('',(-0.707106781186548,0.707106781186548,0.0));
#4635=ORIENTED_EDGE('',*,*,#8003,.T.);
#4636=ORIENTED_EDGE('',*,*,#7852,.F.);
#4637=ORIENTED_EDGE('',*,*,#8004,.F.);
#4638=ORIENTED_EDGE('',*,*,#7950,.T.);
#4639=CARTESIAN_POINT('',(3.93,0.23,4.955));
#4640=DIRECTION('',(0.0,-1.0,0.0));
#4641=DIRECTION('',(0.0,0.0,-1.0));
#4642=ORIENTED_EDGE('',*,*,#8004,.T.);
#4643=ORIENTED_EDGE('',*,*,#7851,.F.);
#4644=ORIENTED_EDGE('',*,*,#8005,.F.);
#4645=ORIENTED_EDGE('',*,*,#7946,.T.);
#4646=CARTESIAN_POINT('',(3.23,0.93,4.955));
#4647=DIRECTION('',(-0.707106781186548,-0.707106781186548,0.0));
#4648=DIRECTION('',(-0.707106781186548,0.707106781186548,0.0));
#4649=ORIENTED_EDGE('',*,*,#8005,.T.);
#4650=ORIENTED_EDGE('',*,*,#7850,.F.);
#4651=ORIENTED_EDGE('',*,*,#8006,.F.);
#4652=ORIENTED_EDGE('',*,*,#7947,.T.);
#4653=CARTESIAN_POINT('',(3.23,2.77,4.955));
#4654=DIRECTION('',(-1.0,0.0,0.0));
#4655=DIRECTION('',(0.0,0.0,1.0));
#4656=ORIENTED_EDGE('',*,*,#8006,.T.);
#4657=ORIENTED_EDGE('',*,*,#7849,.F.);
#4658=ORIENTED_EDGE('',*,*,#8007,.F.);
#4659=ORIENTED_EDGE('',*,*,#7948,.T.);
#4660=CARTESIAN_POINT('',(5.77,2.77,4.955));
#4661=DIRECTION('',(-0.0,1.0,0.0));
#4662=DIRECTION('',(1.0,0.0,0.0));
#4663=ORIENTED_EDGE('',*,*,#8007,.T.);
#4664=ORIENTED_EDGE('',*,*,#7848,.F.);
#4665=ORIENTED_EDGE('',*,*,#8003,.F.);
#4666=ORIENTED_EDGE('',*,*,#7949,.T.);
#4667=CARTESIAN_POINT('',(5.77,0.23,4.955));
#4668=DIRECTION('',(1.0,0.0,0.0));
#4669=DIRECTION('',(0.0,1.0,0.0));
#4670=ORIENTED_EDGE('',*,*,#8008,.T.);
#4671=ORIENTED_EDGE('',*,*,#7860,.F.);
#4672=ORIENTED_EDGE('',*,*,#8009,.F.);
#4673=ORIENTED_EDGE('',*,*,#7954,.T.);
#4674=CARTESIAN_POINT('',(0.23,0.23,4.955));
#4675=DIRECTION('',(0.0,-1.0,0.0));
#4676=DIRECTION('',(0.0,0.0,-1.0));
#4677=ORIENTED_EDGE('',*,*,#8009,.T.);
#4678=ORIENTED_EDGE('',*,*,#7859,.F.);
#4679=ORIENTED_EDGE('',*,*,#8010,.F.);
#4680=ORIENTED_EDGE('',*,*,#7951,.T.);
#4681=CARTESIAN_POINT('',(0.23,2.77,4.955));
#4682=DIRECTION('',(-1.0,0.0,0.0));
#4683=DIRECTION('',(0.0,0.0,1.0));
#4684=ORIENTED_EDGE('',*,*,#8010,.T.);
#4685=ORIENTED_EDGE('',*,*,#7858,.F.);
#4686=ORIENTED_EDGE('',*,*,#8011,.F.);
#4687=ORIENTED_EDGE('',*,*,#7952,.T.);
#4688=CARTESIAN_POINT('',(2.77,2.77,4.955));
#4689=DIRECTION('',(-0.0,1.0,0.0));
#4690=DIRECTION('',(1.0,0.0,0.0));
#4691=ORIENTED_EDGE('',*,*,#8011,.T.);
#4692=ORIENTED_EDGE('',*,*,#7857,.F.);
#4693=ORIENTED_EDGE('',*,*,#8008,.F.);
#4694=ORIENTED_EDGE('',*,*,#7953,.T.);
#4695=CARTESIAN_POINT('',(2.77,0.23,4.955));
#4696=DIRECTION('',(1.0,0.0,0.0));
#4697=DIRECTION('',(0.0,1.0,0.0));
#4698=ORIENTED_EDGE('',*,*,#8012,.T.);
#4699=ORIENTED_EDGE('',*,*,#7869,.F.);
#4700=ORIENTED_EDGE('',*,*,#8013,.F.);
#4701=ORIENTED_EDGE('',*,*,#7959,.T.);
#4702=CARTESIAN_POINT('',(2.77,-0.23,4.955));
#4703=DIRECTION('',(-0.0,1.0,0.0));
#4704=DIRECTION('',(1.0,0.0,0.0));
#4705=ORIENTED_EDGE('',*,*,#8013,.T.);
#4706=ORIENTED_EDGE('',*,*,#7868,.F.);
#4707=ORIENTED_EDGE('',*,*,#8014,.F.);
#4708=ORIENTED_EDGE('',*,*,#7955,.T.);
#4709=CARTESIAN_POINT('',(2.77,-2.07,4.955));
#4710=DIRECTION('',(1.0,0.0,0.0));
#4711=DIRECTION('',(0.0,1.0,0.0));
#4712=ORIENTED_EDGE('',*,*,#8014,.T.);
#4713=ORIENTED_EDGE('',*,*,#7867,.F.);
#4714=ORIENTED_EDGE('',*,*,#8015,.F.);
#4715=ORIENTED_EDGE('',*,*,#7956,.T.);
#4716=CARTESIAN_POINT('',(2.07,-2.77,4.955));
#4717=DIRECTION('',(0.707106781186548,-0.707106781186548,0.0));
#4718=DIRECTION('',(0.0,0.0,-1.0));
#4719=ORIENTED_EDGE('',*,*,#8015,.T.);
#4720=ORIENTED_EDGE('',*,*,#7866,.F.);
#4721=ORIENTED_EDGE('',*,*,#8016,.F.);
#4722=ORIENTED_EDGE('',*,*,#7957,.T.);
#4723=CARTESIAN_POINT('',(0.23,-2.77,4.955));
#4724=DIRECTION('',(0.0,-1.0,0.0));
#4725=DIRECTION('',(0.0,0.0,-1.0));
#4726=ORIENTED_EDGE('',*,*,#8016,.T.);
#4727=ORIENTED_EDGE('',*,*,#7865,.F.);
#4728=ORIENTED_EDGE('',*,*,#8012,.F.);
#4729=ORIENTED_EDGE('',*,*,#7958,.T.);
#4730=CARTESIAN_POINT('',(0.23,-0.23,4.955));
#4731=DIRECTION('',(-1.0,0.0,0.0));
#4732=DIRECTION('',(0.0,0.0,1.0));
#4733=ORIENTED_EDGE('',*,*,#8017,.T.);
#4734=ORIENTED_EDGE('',*,*,#7878,.F.);
#4735=ORIENTED_EDGE('',*,*,#8018,.F.);
#4736=ORIENTED_EDGE('',*,*,#7964,.T.);
#4737=CARTESIAN_POINT('',(-2.77,-2.77,4.955));
#4738=DIRECTION('',(0.0,-1.0,0.0));
#4739=DIRECTION('',(0.0,0.0,-1.0));
#4740=ORIENTED_EDGE('',*,*,#8018,.T.);
#4741=ORIENTED_EDGE('',*,*,#7877,.F.);
#4742=ORIENTED_EDGE('',*,*,#8019,.F.);
#4743=ORIENTED_EDGE('',*,*,#7960,.T.);
#4744=CARTESIAN_POINT('',(-2.77,-0.23,4.955));
#4745=DIRECTION('',(-1.0,0.0,0.0));
#4746=DIRECTION('',(0.0,0.0,1.0));
#4747=ORIENTED_EDGE('',*,*,#8019,.T.);
#4748=ORIENTED_EDGE('',*,*,#7876,.F.);
#4749=ORIENTED_EDGE('',*,*,#8020,.F.);
#4750=ORIENTED_EDGE('',*,*,#7961,.T.);
#4751=CARTESIAN_POINT('',(-0.23,-0.23,4.955));
#4752=DIRECTION('',(-0.0,1.0,0.0));
#4753=DIRECTION('',(1.0,0.0,0.0));
#4754=ORIENTED_EDGE('',*,*,#8020,.T.);
#4755=ORIENTED_EDGE('',*,*,#7875,.F.);
#4756=ORIENTED_EDGE('',*,*,#8021,.F.);
#4757=ORIENTED_EDGE('',*,*,#7962,.T.);
#4758=CARTESIAN_POINT('',(-0.23,-2.07,4.955));
#4759=DIRECTION('',(1.0,0.0,0.0));
#4760=DIRECTION('',(0.0,1.0,0.0));
#4761=ORIENTED_EDGE('',*,*,#8021,.T.);
#4762=ORIENTED_EDGE('',*,*,#7874,.F.);
#4763=ORIENTED_EDGE('',*,*,#8017,.F.);
#4764=ORIENTED_EDGE('',*,*,#7963,.T.);
#4765=CARTESIAN_POINT('',(-0.9299999999999,-2.77,4.955));
#4766=DIRECTION('',(0.707106781186548,-0.707106781186548,0.0));
#4767=DIRECTION('',(0.0,0.0,-1.0));
#4768=ORIENTED_EDGE('',*,*,#8022,.T.);
#4769=ORIENTED_EDGE('',*,*,#7887,.F.);
#4770=ORIENTED_EDGE('',*,*,#8023,.F.);
#4771=ORIENTED_EDGE('',*,*,#7969,.T.);
#4772=CARTESIAN_POINT('',(-2.77,0.23,4.955));
#4773=DIRECTION('',(0.0,-1.0,0.0));
#4774=DIRECTION('',(0.0,0.0,-1.0));
#4775=ORIENTED_EDGE('',*,*,#8023,.T.);
#4776=ORIENTED_EDGE('',*,*,#7886,.F.);
#4777=ORIENTED_EDGE('',*,*,#8024,.F.);
#4778=ORIENTED_EDGE('',*,*,#7965,.T.);
#4779=CARTESIAN_POINT('',(-2.77,2.77,4.955));
#4780=DIRECTION('',(-1.0,0.0,0.0));
#4781=DIRECTION('',(0.0,0.0,1.0));
#4782=ORIENTED_EDGE('',*,*,#8024,.T.);
#4783=ORIENTED_EDGE('',*,*,#7885,.F.);
#4784=ORIENTED_EDGE('',*,*,#8025,.F.);
#4785=ORIENTED_EDGE('',*,*,#7966,.T.);
#4786=CARTESIAN_POINT('',(-0.23,2.77,4.955));
#4787=DIRECTION('',(-0.0,1.0,0.0));
#4788=DIRECTION('',(1.0,0.0,0.0));
#4789=ORIENTED_EDGE('',*,*,#8025,.T.);
#4790=ORIENTED_EDGE('',*,*,#7884,.F.);
#4791=ORIENTED_EDGE('',*,*,#8026,.F.);
#4792=ORIENTED_EDGE('',*,*,#7967,.T.);
#4793=CARTESIAN_POINT('',(-0.23,0.93,4.955));
#4794=DIRECTION('',(1.0,0.0,0.0));
#4795=DIRECTION('',(0.0,1.0,0.0));
#4796=ORIENTED_EDGE('',*,*,#8026,.T.);
#4797=ORIENTED_EDGE('',*,*,#7883,.F.);
#4798=ORIENTED_EDGE('',*,*,#8022,.F.);
#4799=ORIENTED_EDGE('',*,*,#7968,.T.);
#4800=CARTESIAN_POINT('',(-0.9299999999999,0.23,4.955));
#4801=DIRECTION('',(0.707106781186548,-0.707106781186548,0.0));
#4802=DIRECTION('',(0.0,0.0,-1.0));
#4803=ORIENTED_EDGE('',*,*,#8027,.T.);
#4804=ORIENTED_EDGE('',*,*,#7896,.F.);
#4805=ORIENTED_EDGE('',*,*,#8028,.F.);
#4806=ORIENTED_EDGE('',*,*,#7974,.T.);
#4807=CARTESIAN_POINT('',(-3.23,-0.23,4.955));
#4808=DIRECTION('',(-0.0,1.0,0.0));
#4809=DIRECTION('',(1.0,0.0,0.0));
#4810=ORIENTED_EDGE('',*,*,#8028,.T.);
#4811=ORIENTED_EDGE('',*,*,#7895,.F.);
#4812=ORIENTED_EDGE('',*,*,#8029,.F.);
#4813=ORIENTED_EDGE('',*,*,#7970,.T.);
#4814=CARTESIAN_POINT('',(-3.23,-2.07,4.955));
#4815=DIRECTION('',(1.0,0.0,0.0));
#4816=DIRECTION('',(0.0,1.0,0.0));
#4817=ORIENTED_EDGE('',*,*,#8029,.T.);
#4818=ORIENTED_EDGE('',*,*,#7894,.F.);
#4819=ORIENTED_EDGE('',*,*,#8030,.F.);
#4820=ORIENTED_EDGE('',*,*,#7971,.T.);
#4821=CARTESIAN_POINT('',(-3.93,-2.77,4.955));
#4822=DIRECTION('',(0.707106781186548,-0.707106781186548,0.0));
#4823=DIRECTION('',(0.0,0.0,-1.0));
#4824=ORIENTED_EDGE('',*,*,#8030,.T.);
#4825=ORIENTED_EDGE('',*,*,#7893,.F.);
#4826=ORIENTED_EDGE('',*,*,#8031,.F.);
#4827=ORIENTED_EDGE('',*,*,#7972,.T.);
#4828=CARTESIAN_POINT('',(-5.77,-2.77,4.955));
#4829=DIRECTION('',(0.0,-1.0,0.0));
#4830=DIRECTION('',(0.0,0.0,-1.0));
#4831=ORIENTED_EDGE('',*,*,#8031,.T.);
#4832=ORIENTED_EDGE('',*,*,#7892,.F.);
#4833=ORIENTED_EDGE('',*,*,#8027,.F.);
#4834=ORIENTED_EDGE('',*,*,#7973,.T.);
#4835=CARTESIAN_POINT('',(-5.77,-0.23,4.955));
#4836=DIRECTION('',(-1.0,0.0,0.0));
#4837=DIRECTION('',(0.0,0.0,1.0));
#4838=ORIENTED_EDGE('',*,*,#8032,.T.);
#4839=ORIENTED_EDGE('',*,*,#7903,.F.);
#4840=ORIENTED_EDGE('',*,*,#8033,.F.);
#4841=ORIENTED_EDGE('',*,*,#7979,.T.);
#4842=CARTESIAN_POINT('',(-5.77,0.23,4.955));
#4843=DIRECTION('',(0.0,-1.0,0.0));
#4844=DIRECTION('',(0.0,0.0,-1.0));
#4845=ORIENTED_EDGE('',*,*,#8033,.T.);
#4846=ORIENTED_EDGE('',*,*,#7902,.F.);
#4847=ORIENTED_EDGE('',*,*,#8034,.F.);
#4848=ORIENTED_EDGE('',*,*,#7975,.T.);
#4849=CARTESIAN_POINT('',(-5.77,2.77,4.955));
#4850=DIRECTION('',(-1.0,0.0,0.0));
#4851=DIRECTION('',(0.0,0.0,1.0));
#4852=ORIENTED_EDGE('',*,*,#8034,.T.);
#4853=ORIENTED_EDGE('',*,*,#7901,.F.);
#4854=ORIENTED_EDGE('',*,*,#8035,.F.);
#4855=ORIENTED_EDGE('',*,*,#7976,.T.);
#4856=CARTESIAN_POINT('',(-3.23,2.77,4.955));
#4857=DIRECTION('',(-0.0,1.0,0.0));
#4858=DIRECTION('',(1.0,0.0,0.0));
#4859=ORIENTED_EDGE('',*,*,#8035,.T.);
#4860=ORIENTED_EDGE('',*,*,#7900,.F.);
#4861=ORIENTED_EDGE('',*,*,#8036,.F.);
#4862=ORIENTED_EDGE('',*,*,#7977,.T.);
#4863=CARTESIAN_POINT('',(-3.23,0.93,4.955));
#4864=DIRECTION('',(1.0,0.0,0.0));
#4865=DIRECTION('',(0.0,1.0,0.0));
#4866=ORIENTED_EDGE('',*,*,#8036,.T.);
#4867=ORIENTED_EDGE('',*,*,#7899,.F.);
#4868=ORIENTED_EDGE('',*,*,#8032,.F.);
#4869=ORIENTED_EDGE('',*,*,#7978,.T.);
#4870=CARTESIAN_POINT('',(-3.93,0.23,4.955));
#4871=DIRECTION('',(0.707106781186548,-0.707106781186548,0.0));
#4872=DIRECTION('',(0.0,0.0,-1.0));
#4873=ORIENTED_EDGE('',*,*,#8037,.T.);
#4874=ORIENTED_EDGE('',*,*,#8038,.T.);
#4875=ORIENTED_EDGE('',*,*,#8039,.T.);
#4876=ORIENTED_EDGE('',*,*,#7536,.F.);
#4877=CARTESIAN_POINT('',(7.82,0.0,0.0));
#4878=DIRECTION('',(1.0,0.0,0.0));
#4879=DIRECTION('',(0.0,1.0,0.0));
#4880=ORIENTED_EDGE('',*,*,#8040,.T.);
#4881=ORIENTED_EDGE('',*,*,#7829,.T.);
#4882=ORIENTED_EDGE('',*,*,#8041,.T.);
#4883=ORIENTED_EDGE('',*,*,#8042,.T.);
#4884=CARTESIAN_POINT('',(7.82,0.0,0.0));
#4885=DIRECTION('',(1.0,0.0,0.0));
#4886=DIRECTION('',(0.0,1.0,0.0));
#4887=ORIENTED_EDGE('',*,*,#8043,.T.);
#4888=ORIENTED_EDGE('',*,*,#7838,.T.);
#4889=ORIENTED_EDGE('',*,*,#8044,.T.);
#4890=ORIENTED_EDGE('',*,*,#8045,.T.);
#4891=CARTESIAN_POINT('',(7.82,0.0,0.0));
#4892=DIRECTION('',(1.0,0.0,0.0));
#4893=DIRECTION('',(0.0,1.0,0.0));
#4894=ORIENTED_EDGE('',*,*,#8046,.T.);
#4895=ORIENTED_EDGE('',*,*,#8047,.T.);
#4896=ORIENTED_EDGE('',*,*,#7537,.F.);
#4897=ORIENTED_EDGE('',*,*,#8048,.T.);
#4898=ORIENTED_EDGE('',*,*,#8049,.T.);
#4899=ORIENTED_EDGE('',*,*,#8050,.T.);
#4900=CARTESIAN_POINT('',(7.82,0.0,0.0));
#4901=DIRECTION('',(1.0,0.0,0.0));
#4902=DIRECTION('',(0.0,1.0,0.0));
#4903=ORIENTED_EDGE('',*,*,#7542,.T.);
#4904=ORIENTED_EDGE('',*,*,#7675,.T.);
#4905=ORIENTED_EDGE('',*,*,#8051,.T.);
#4906=ORIENTED_EDGE('',*,*,#8052,.T.);
#4907=CARTESIAN_POINT('',(7.82,0.0,0.0));
#4908=DIRECTION('',(1.0,0.0,0.0));
#4909=DIRECTION('',(0.0,1.0,0.0));
#4910=ORIENTED_EDGE('',*,*,#8053,.T.);
#4911=ORIENTED_EDGE('',*,*,#8054,.T.);
#4912=ORIENTED_EDGE('',*,*,#8055,.T.);
#4913=ORIENTED_EDGE('',*,*,#8056,.T.);
#4914=ORIENTED_EDGE('',*,*,#7427,.T.);
#4915=ORIENTED_EDGE('',*,*,#8039,.F.);
#4916=CARTESIAN_POINT('',(7.82,0.32,-4.955));
#4917=DIRECTION('',(-0.0,1.0,0.0));
#4918=DIRECTION('',(1.0,0.0,0.0));
#4919=ORIENTED_EDGE('',*,*,#8057,.T.);
#4920=ORIENTED_EDGE('',*,*,#7424,.T.);
#4921=ORIENTED_EDGE('',*,*,#8058,.F.);
#4922=ORIENTED_EDGE('',*,*,#8059,.F.);
#4923=CARTESIAN_POINT('',(7.18,3.43,-3.655));
#4924=DIRECTION('',(0.0,0.0,1.0));
#4925=DIRECTION('',(1.0,0.0,0.0));
#4926=ORIENTED_EDGE('',*,*,#8060,.T.);
#4927=ORIENTED_EDGE('',*,*,#7428,.T.);
#4928=ORIENTED_EDGE('',*,*,#8056,.F.);
#4929=ORIENTED_EDGE('',*,*,#8061,.F.);
#4930=CARTESIAN_POINT('',(7.18,3.43,-3.655));
#4931=DIRECTION('',(0.0,0.0,1.0));
#4932=DIRECTION('',(1.0,0.0,0.0));
#4933=ORIENTED_EDGE('',*,*,#7430,.T.);
#4934=ORIENTED_EDGE('',*,*,#8062,.F.);
#4935=ORIENTED_EDGE('',*,*,#8063,.F.);
#4936=ORIENTED_EDGE('',*,*,#8064,.T.);
#4937=CARTESIAN_POINT('',(7.18,3.43,-3.655));
#4938=DIRECTION('',(0.0,0.0,1.0));
#4939=DIRECTION('',(1.0,0.0,0.0));
#4940=ORIENTED_EDGE('',*,*,#7545,.F.);
#4941=ORIENTED_EDGE('',*,*,#7672,.F.);
#4942=ORIENTED_EDGE('',*,*,#7368,.F.);
#4943=ORIENTED_EDGE('',*,*,#7436,.T.);
#4944=CARTESIAN_POINT('',(7.18,3.43,-4.955));
#4945=DIRECTION('',(-1.0,0.0,0.0));
#4946=DIRECTION('',(0.0,0.0,1.0));
#4947=ORIENTED_EDGE('',*,*,#8065,.F.);
#4948=ORIENTED_EDGE('',*,*,#7530,.T.);
#4949=ORIENTED_EDGE('',*,*,#7637,.T.);
#4950=ORIENTED_EDGE('',*,*,#7372,.T.);
#4951=ORIENTED_EDGE('',*,*,#8066,.T.);
#4952=ORIENTED_EDGE('',*,*,#8059,.T.);
#4953=CARTESIAN_POINT('',(7.18,3.43,-4.955));
#4954=DIRECTION('',(-1.0,0.0,0.0));
#4955=DIRECTION('',(0.0,0.0,1.0));
#4956=ORIENTED_EDGE('',*,*,#8055,.F.);
#4957=ORIENTED_EDGE('',*,*,#7532,.T.);
#4958=ORIENTED_EDGE('',*,*,#8067,.T.);
#4959=ORIENTED_EDGE('',*,*,#8061,.T.);
#4960=CARTESIAN_POINT('',(7.18,3.43,-4.955));
#4961=DIRECTION('',(-1.0,0.0,0.0));
#4962=DIRECTION('',(0.0,0.0,1.0));
#4963=ORIENTED_EDGE('',*,*,#8068,.T.);
#4964=ORIENTED_EDGE('',*,*,#8063,.T.);
#4965=ORIENTED_EDGE('',*,*,#8069,.T.);
#4966=ORIENTED_EDGE('',*,*,#7534,.T.);
#4967=CARTESIAN_POINT('',(7.18,3.43,-4.955));
#4968=DIRECTION('',(-1.0,0.0,0.0));
#4969=DIRECTION('',(0.0,0.0,1.0));
#4970=ORIENTED_EDGE('',*,*,#7407,.F.);
#4971=ORIENTED_EDGE('',*,*,#7354,.T.);
#4972=ORIENTED_EDGE('',*,*,#8070,.T.);
#4973=ORIENTED_EDGE('',*,*,#8071,.T.);
#4974=ORIENTED_EDGE('',*,*,#7362,.F.);
#4975=ORIENTED_EDGE('',*,*,#7420,.T.);
#4976=ORIENTED_EDGE('',*,*,#8057,.F.);
#4977=ORIENTED_EDGE('',*,*,#8066,.F.);
#4978=ORIENTED_EDGE('',*,*,#7371,.F.);
#4979=ORIENTED_EDGE('',*,*,#7651,.T.);
#4980=ORIENTED_EDGE('',*,*,#8072,.F.);
#4981=ORIENTED_EDGE('',*,*,#8073,.F.);
#4982=ORIENTED_EDGE('',*,*,#7379,.F.);
#4983=ORIENTED_EDGE('',*,*,#8074,.T.);
#4984=ORIENTED_EDGE('',*,*,#8075,.F.);
#4985=ORIENTED_EDGE('',*,*,#8076,.F.);
#4986=ORIENTED_EDGE('',*,*,#7387,.F.);
#4987=ORIENTED_EDGE('',*,*,#8077,.T.);
#4988=ORIENTED_EDGE('',*,*,#8078,.F.);
#4989=ORIENTED_EDGE('',*,*,#8079,.F.);
#4990=ORIENTED_EDGE('',*,*,#7395,.F.);
#4991=ORIENTED_EDGE('',*,*,#7785,.T.);
#4992=ORIENTED_EDGE('',*,*,#8080,.F.);
#4993=ORIENTED_EDGE('',*,*,#8081,.F.);
#4994=ORIENTED_EDGE('',*,*,#7413,.F.);
#4995=ORIENTED_EDGE('',*,*,#7632,.T.);
#4996=ORIENTED_EDGE('',*,*,#7626,.F.);
#4997=ORIENTED_EDGE('',*,*,#7593,.F.);
#4998=CARTESIAN_POINT('',(-10.825,3.175,-4.955));
#4999=DIRECTION('',(-0.0,1.0,0.0));
#5000=DIRECTION('',(1.0,0.0,0.0));
#5001=ORIENTED_EDGE('',*,*,#7683,.F.);
#5002=ORIENTED_EDGE('',*,*,#7410,.F.);
#5003=ORIENTED_EDGE('',*,*,#7451,.T.);
#5004=ORIENTED_EDGE('',*,*,#7565,.F.);
#5005=CARTESIAN_POINT('',(-4.82,3.43,-4.955));
#5006=DIRECTION('',(-1.0,0.0,0.0));
#5007=DIRECTION('',(0.0,0.0,1.0));
#5008=ORIENTED_EDGE('',*,*,#7791,.T.);
#5009=ORIENTED_EDGE('',*,*,#8082,.T.);
#5010=ORIENTED_EDGE('',*,*,#8083,.T.);
#5011=ORIENTED_EDGE('',*,*,#7486,.T.);
#5012=CARTESIAN_POINT('',(-4.82,3.43,-4.955));
#5013=DIRECTION('',(-1.0,0.0,0.0));
#5014=DIRECTION('',(0.0,0.0,1.0));
#5015=ORIENTED_EDGE('',*,*,#8084,.F.);
#5016=ORIENTED_EDGE('',*,*,#7482,.T.);
#5017=ORIENTED_EDGE('',*,*,#7646,.T.);
#5018=ORIENTED_EDGE('',*,*,#7414,.T.);
#5019=ORIENTED_EDGE('',*,*,#8081,.T.);
#5020=ORIENTED_EDGE('',*,*,#8085,.T.);
#5021=CARTESIAN_POINT('',(-4.82,3.43,-4.955));
#5022=DIRECTION('',(-1.0,0.0,0.0));
#5023=DIRECTION('',(0.0,0.0,1.0));
#5024=ORIENTED_EDGE('',*,*,#7779,.F.);
#5025=ORIENTED_EDGE('',*,*,#7484,.T.);
#5026=ORIENTED_EDGE('',*,*,#8086,.T.);
#5027=ORIENTED_EDGE('',*,*,#8087,.T.);
#5028=CARTESIAN_POINT('',(-4.82,3.43,-4.955));
#5029=DIRECTION('',(-1.0,0.0,0.0));
#5030=DIRECTION('',(0.0,0.0,1.0));
#5031=ORIENTED_EDGE('',*,*,#8088,.T.);
#5032=ORIENTED_EDGE('',*,*,#7782,.T.);
#5033=ORIENTED_EDGE('',*,*,#7487,.T.);
#5034=ORIENTED_EDGE('',*,*,#8083,.F.);
#5035=CARTESIAN_POINT('',(-4.18,-1.18,-4.285));
#5036=DIRECTION('',(-0.0,1.0,0.0));
#5037=DIRECTION('',(1.0,0.0,0.0));
#5038=ORIENTED_EDGE('',*,*,#7768,.F.);
#5039=ORIENTED_EDGE('',*,*,#7898,.F.);
#5040=ORIENTED_EDGE('',*,*,#7799,.T.);
#5041=ORIENTED_EDGE('',*,*,#8089,.F.);
#5042=CARTESIAN_POINT('',(-4.18,-1.18,-4.285));
#5043=DIRECTION('',(-0.0,1.0,0.0));
#5044=DIRECTION('',(1.0,0.0,0.0));
#5045=ORIENTED_EDGE('',*,*,#8080,.T.);
#5046=ORIENTED_EDGE('',*,*,#7787,.T.);
#5047=ORIENTED_EDGE('',*,*,#8090,.F.);
#5048=ORIENTED_EDGE('',*,*,#8085,.F.);
#5049=CARTESIAN_POINT('',(-4.82,3.43,-3.655));
#5050=DIRECTION('',(0.0,0.0,1.0));
#5051=DIRECTION('',(1.0,0.0,0.0));
#5052=ORIENTED_EDGE('',*,*,#8091,.T.);
#5053=ORIENTED_EDGE('',*,*,#7789,.T.);
#5054=ORIENTED_EDGE('',*,*,#7780,.F.);
#5055=ORIENTED_EDGE('',*,*,#8087,.F.);
#5056=CARTESIAN_POINT('',(-4.82,3.43,-3.655));
#5057=DIRECTION('',(0.0,0.0,1.0));
#5058=DIRECTION('',(1.0,0.0,0.0));
#5059=ORIENTED_EDGE('',*,*,#7783,.T.);
#5060=ORIENTED_EDGE('',*,*,#8088,.F.);
#5061=ORIENTED_EDGE('',*,*,#8082,.F.);
#5062=ORIENTED_EDGE('',*,*,#7790,.T.);
#5063=CARTESIAN_POINT('',(-4.82,3.43,-3.655));
#5064=DIRECTION('',(0.0,0.0,1.0));
#5065=DIRECTION('',(1.0,0.0,0.0));
#5066=ORIENTED_EDGE('',*,*,#8090,.T.);
#5067=ORIENTED_EDGE('',*,*,#7786,.T.);
#5068=ORIENTED_EDGE('',*,*,#7771,.F.);
#5069=ORIENTED_EDGE('',*,*,#8092,.T.);
#5070=ORIENTED_EDGE('',*,*,#7805,.T.);
#5071=ORIENTED_EDGE('',*,*,#8084,.T.);
#5072=CARTESIAN_POINT('',(-4.18,1.589,-7.285));
#5073=DIRECTION('',(-0.0,1.0,0.0));
#5074=DIRECTION('',(1.0,0.0,0.0));
#5075=ORIENTED_EDGE('',*,*,#7806,.T.);
#5076=ORIENTED_EDGE('',*,*,#8092,.F.);
#5077=ORIENTED_EDGE('',*,*,#7770,.F.);
#5078=ORIENTED_EDGE('',*,*,#8093,.T.);
#5079=CARTESIAN_POINT('',(-4.18,-7.12,-7.285));
#5080=DIRECTION('',(0.0,0.0,-1.0));
#5081=DIRECTION('',(0.0,-1.0,0.0));
#5082=ORIENTED_EDGE('',*,*,#8094,.T.);
#5083=ORIENTED_EDGE('',*,*,#8093,.F.);
#5084=ORIENTED_EDGE('',*,*,#8095,.T.);
#5085=ORIENTED_EDGE('',*,*,#8096,.T.);
#5086=CARTESIAN_POINT('',(-4.5,-6.62,-7.195));
#5087=DIRECTION('',(0.0,-0.177152998315298,-0.984183323973689));
#5088=DIRECTION('',(0.0,-0.984183323973689,0.177152998315298));
#5089=ORIENTED_EDGE('',*,*,#8097,.F.);
#5090=ORIENTED_EDGE('',*,*,#8098,.T.);
#5091=ORIENTED_EDGE('',*,*,#8099,.F.);
#5092=ORIENTED_EDGE('',*,*,#8096,.F.);
#5093=CARTESIAN_POINT('',(-4.18,-7.12,-6.645));
#5094=DIRECTION('',(0.0,-1.0,0.0));
#5095=DIRECTION('',(0.0,0.0,-1.0));
#5096=ORIENTED_EDGE('',*,*,#8094,.F.);
#5097=ORIENTED_EDGE('',*,*,#8099,.T.);
#5098=ORIENTED_EDGE('',*,*,#8100,.T.);
#5099=ORIENTED_EDGE('',*,*,#7807,.F.);
#5100=CARTESIAN_POINT('',(-4.73,-6.62,-6.965));
#5101=DIRECTION('',(-0.984183323973689,-0.177152998315298,0.0));
#5102=DIRECTION('',(-0.177152998315298,0.984183323973689,0.0));
#5103=ORIENTED_EDGE('',*,*,#8100,.F.);
#5104=ORIENTED_EDGE('',*,*,#8098,.F.);
#5105=ORIENTED_EDGE('',*,*,#8101,.T.);
#5106=ORIENTED_EDGE('',*,*,#8102,.T.);
#5107=CARTESIAN_POINT('',(-4.5,-6.62,-6.735));
#5108=DIRECTION('',(0.0,-0.177152998315298,0.984183323973689));
#5109=DIRECTION('',(-1.0,0.0,0.0));
#5110=ORIENTED_EDGE('',*,*,#7773,.F.);
#5111=ORIENTED_EDGE('',*,*,#8103,.T.);
#5112=ORIENTED_EDGE('',*,*,#7803,.T.);
#5113=ORIENTED_EDGE('',*,*,#8102,.F.);
#5114=CARTESIAN_POINT('',(-4.18,0.949,-6.645));
#5115=DIRECTION('',(0.0,0.0,1.0));
#5116=DIRECTION('',(1.0,0.0,0.0));
#5117=ORIENTED_EDGE('',*,*,#7804,.T.);
#5118=ORIENTED_EDGE('',*,*,#8103,.F.);
#5119=ORIENTED_EDGE('',*,*,#7772,.F.);
#5120=ORIENTED_EDGE('',*,*,#7788,.F.);
#5121=ORIENTED_EDGE('',*,*,#8091,.F.);
#5122=ORIENTED_EDGE('',*,*,#8086,.F.);
#5123=CARTESIAN_POINT('',(-4.18,0.949,-3.655));
#5124=DIRECTION('',(0.0,-1.0,0.0));
#5125=DIRECTION('',(0.0,0.0,-1.0));
#5126=ORIENTED_EDGE('',*,*,#8095,.F.);
#5127=ORIENTED_EDGE('',*,*,#7774,.F.);
#5128=ORIENTED_EDGE('',*,*,#8101,.F.);
#5129=ORIENTED_EDGE('',*,*,#8097,.T.);
#5130=CARTESIAN_POINT('',(-4.27,-6.62,-6.965));
#5131=DIRECTION('',(0.984183323973689,-0.177152998315298,0.0));
#5132=DIRECTION('',(0.0,0.0,-1.0));
#5133=ORIENTED_EDGE('',*,*,#8104,.F.);
#5134=ORIENTED_EDGE('',*,*,#8105,.F.);
#5135=ORIENTED_EDGE('',*,*,#8106,.T.);
#5136=ORIENTED_EDGE('',*,*,#8089,.T.);
#5137=CARTESIAN_POINT('',(-4.5,-1.27,2.055));
#5138=DIRECTION('',(0.0,0.984183323973689,0.177152998315298));
#5139=DIRECTION('',(1.0,0.0,-0.0));
#5140=ORIENTED_EDGE('',*,*,#8107,.F.);
#5141=ORIENTED_EDGE('',*,*,#7769,.F.);
#5142=ORIENTED_EDGE('',*,*,#8106,.F.);
#5143=ORIENTED_EDGE('',*,*,#8108,.T.);
#5144=CARTESIAN_POINT('',(-4.27,-1.5,2.055));
#5145=DIRECTION('',(0.984183323973689,0.0,0.177152998315298));
#5146=DIRECTION('',(0.0,-1.0,0.0));
#5147=ORIENTED_EDGE('',*,*,#8108,.F.);
#5148=ORIENTED_EDGE('',*,*,#8105,.T.);
#5149=ORIENTED_EDGE('',*,*,#8109,.F.);
#5150=ORIENTED_EDGE('',*,*,#8110,.F.);
#5151=CARTESIAN_POINT('',(-4.18,-1.18,2.555));
#5152=DIRECTION('',(0.0,0.0,1.0));
#5153=DIRECTION('',(1.0,0.0,0.0));
#5154=ORIENTED_EDGE('',*,*,#8111,.T.);
#5155=ORIENTED_EDGE('',*,*,#8112,.F.);
#5156=ORIENTED_EDGE('',*,*,#8107,.T.);
#5157=ORIENTED_EDGE('',*,*,#8110,.T.);
#5158=CARTESIAN_POINT('',(-4.5,-1.73,2.055));
#5159=DIRECTION('',(0.0,-0.984183323973689,0.177152998315298));
#5160=DIRECTION('',(-1.0,0.0,0.0));
#5161=ORIENTED_EDGE('',*,*,#7801,.T.);
#5162=ORIENTED_EDGE('',*,*,#7897,.T.);
#5163=ORIENTED_EDGE('',*,*,#7766,.F.);
#5164=ORIENTED_EDGE('',*,*,#8112,.T.);
#5165=CARTESIAN_POINT('',(-4.18,-1.82,2.555));
#5166=DIRECTION('',(0.0,-1.0,0.0));
#5167=DIRECTION('',(0.0,0.0,-1.0));
#5168=ORIENTED_EDGE('',*,*,#8111,.F.);
#5169=ORIENTED_EDGE('',*,*,#8109,.T.);
#5170=ORIENTED_EDGE('',*,*,#8104,.T.);
#5171=ORIENTED_EDGE('',*,*,#7802,.F.);
#5172=CARTESIAN_POINT('',(-4.73,-1.5,2.055));
#5173=DIRECTION('',(-0.984183323973689,0.0,0.177152998315298));
#5174=DIRECTION('',(0.0,1.0,0.0));
#5175=ORIENTED_EDGE('',*,*,#7658,.F.);
#5176=ORIENTED_EDGE('',*,*,#7392,.F.);
#5177=ORIENTED_EDGE('',*,*,#7445,.T.);
#5178=ORIENTED_EDGE('',*,*,#7560,.F.);
#5179=CARTESIAN_POINT('',(-1.82,3.43,-4.955));
#5180=DIRECTION('',(-1.0,0.0,0.0));
#5181=DIRECTION('',(0.0,0.0,1.0));
#5182=ORIENTED_EDGE('',*,*,#8113,.T.);
#5183=ORIENTED_EDGE('',*,*,#8114,.T.);
#5184=ORIENTED_EDGE('',*,*,#8115,.T.);
#5185=ORIENTED_EDGE('',*,*,#7498,.T.);
#5186=CARTESIAN_POINT('',(-1.82,3.43,-4.955));
#5187=DIRECTION('',(-1.0,0.0,0.0));
#5188=DIRECTION('',(0.0,0.0,1.0));
#5189=ORIENTED_EDGE('',*,*,#8116,.F.);
#5190=ORIENTED_EDGE('',*,*,#7494,.T.);
#5191=ORIENTED_EDGE('',*,*,#7643,.T.);
#5192=ORIENTED_EDGE('',*,*,#7396,.T.);
#5193=ORIENTED_EDGE('',*,*,#8079,.T.);
#5194=ORIENTED_EDGE('',*,*,#8117,.T.);
#5195=CARTESIAN_POINT('',(-1.82,3.43,-4.955));
#5196=DIRECTION('',(-1.0,0.0,0.0));
#5197=DIRECTION('',(0.0,0.0,1.0));
#5198=ORIENTED_EDGE('',*,*,#8118,.F.);
#5199=ORIENTED_EDGE('',*,*,#7496,.T.);
#5200=ORIENTED_EDGE('',*,*,#8119,.T.);
#5201=ORIENTED_EDGE('',*,*,#8120,.T.);
#5202=CARTESIAN_POINT('',(-1.82,3.43,-4.955));
#5203=DIRECTION('',(-1.0,0.0,0.0));
#5204=DIRECTION('',(0.0,0.0,1.0));
#5205=ORIENTED_EDGE('',*,*,#8121,.T.);
#5206=ORIENTED_EDGE('',*,*,#8122,.T.);
#5207=ORIENTED_EDGE('',*,*,#7499,.T.);
#5208=ORIENTED_EDGE('',*,*,#8115,.F.);
#5209=CARTESIAN_POINT('',(-1.18,-1.18,-4.285));
#5210=DIRECTION('',(-0.0,1.0,0.0));
#5211=DIRECTION('',(1.0,0.0,0.0));
#5212=ORIENTED_EDGE('',*,*,#8123,.F.);
#5213=ORIENTED_EDGE('',*,*,#7881,.F.);
#5214=ORIENTED_EDGE('',*,*,#8124,.T.);
#5215=ORIENTED_EDGE('',*,*,#8125,.F.);
#5216=CARTESIAN_POINT('',(-1.18,-1.18,-4.285));
#5217=DIRECTION('',(-0.0,1.0,0.0));
#5218=DIRECTION('',(1.0,0.0,0.0));
#5219=ORIENTED_EDGE('',*,*,#7443,.F.);
#5220=ORIENTED_EDGE('',*,*,#7386,.T.);
#5221=ORIENTED_EDGE('',*,*,#7662,.T.);
#5222=ORIENTED_EDGE('',*,*,#7556,.T.);
#5223=CARTESIAN_POINT('',(-1.18,3.43,-3.655));
#5224=DIRECTION('',(1.0,0.0,0.0));
#5225=DIRECTION('',(0.0,1.0,0.0));
#5226=ORIENTED_EDGE('',*,*,#8122,.F.);
#5227=ORIENTED_EDGE('',*,*,#8126,.F.);
#5228=ORIENTED_EDGE('',*,*,#8127,.T.);
#5229=ORIENTED_EDGE('',*,*,#7500,.F.);
#5230=CARTESIAN_POINT('',(-1.18,3.43,-3.655));
#5231=DIRECTION('',(1.0,0.0,0.0));
#5232=DIRECTION('',(0.0,1.0,0.0));
#5233=ORIENTED_EDGE('',*,*,#8077,.F.);
#5234=ORIENTED_EDGE('',*,*,#7390,.F.);
#5235=ORIENTED_EDGE('',*,*,#7642,.F.);
#5236=ORIENTED_EDGE('',*,*,#7504,.F.);
#5237=ORIENTED_EDGE('',*,*,#8128,.F.);
#5238=ORIENTED_EDGE('',*,*,#8129,.F.);
#5239=CARTESIAN_POINT('',(-1.18,3.43,-3.655));
#5240=DIRECTION('',(1.0,0.0,0.0));
#5241=DIRECTION('',(0.0,1.0,0.0));
#5242=ORIENTED_EDGE('',*,*,#8130,.T.);
#5243=ORIENTED_EDGE('',*,*,#7502,.F.);
#5244=ORIENTED_EDGE('',*,*,#8131,.F.);
#5245=ORIENTED_EDGE('',*,*,#8132,.F.);
#5246=CARTESIAN_POINT('',(-1.18,3.43,-3.655));
#5247=DIRECTION('',(1.0,0.0,0.0));
#5248=DIRECTION('',(0.0,1.0,0.0));
#5249=ORIENTED_EDGE('',*,*,#8127,.F.);
#5250=ORIENTED_EDGE('',*,*,#8133,.F.);
#5251=ORIENTED_EDGE('',*,*,#8113,.F.);
#5252=ORIENTED_EDGE('',*,*,#8134,.T.);
#5253=ORIENTED_EDGE('',*,*,#8135,.F.);
#5254=ORIENTED_EDGE('',*,*,#8136,.F.);
#5255=CARTESIAN_POINT('',(-1.18,-0.32,-3.655));
#5256=DIRECTION('',(0.0,-1.0,0.0));
#5257=DIRECTION('',(0.0,0.0,-1.0));
#5258=ORIENTED_EDGE('',*,*,#8136,.T.);
#5259=ORIENTED_EDGE('',*,*,#8137,.T.);
#5260=ORIENTED_EDGE('',*,*,#8138,.T.);
#5261=ORIENTED_EDGE('',*,*,#7501,.F.);
#5262=CARTESIAN_POINT('',(-1.18,0.0,0.0));
#5263=DIRECTION('',(1.0,0.0,0.0));
#5264=DIRECTION('',(0.0,1.0,0.0));
#5265=ORIENTED_EDGE('',*,*,#8139,.T.);
#5266=ORIENTED_EDGE('',*,*,#7891,.T.);
#5267=ORIENTED_EDGE('',*,*,#8140,.T.);
#5268=ORIENTED_EDGE('',*,*,#8141,.T.);
#5269=CARTESIAN_POINT('',(-1.18,0.0,0.0));
#5270=DIRECTION('',(1.0,0.0,0.0));
#5271=DIRECTION('',(0.0,1.0,0.0));
#5272=ORIENTED_EDGE('',*,*,#8142,.T.);
#5273=ORIENTED_EDGE('',*,*,#7882,.T.);
#5274=ORIENTED_EDGE('',*,*,#8123,.T.);
#5275=ORIENTED_EDGE('',*,*,#8143,.T.);
#5276=CARTESIAN_POINT('',(-1.18,0.0,0.0));
#5277=DIRECTION('',(1.0,0.0,0.0));
#5278=DIRECTION('',(0.0,1.0,0.0));
#5279=ORIENTED_EDGE('',*,*,#8144,.T.);
#5280=ORIENTED_EDGE('',*,*,#8145,.T.);
#5281=ORIENTED_EDGE('',*,*,#7503,.F.);
#5282=ORIENTED_EDGE('',*,*,#8146,.T.);
#5283=ORIENTED_EDGE('',*,*,#8147,.T.);
#5284=ORIENTED_EDGE('',*,*,#8148,.T.);
#5285=CARTESIAN_POINT('',(-1.18,0.0,0.0));
#5286=DIRECTION('',(1.0,0.0,0.0));
#5287=DIRECTION('',(0.0,1.0,0.0));
#5288=ORIENTED_EDGE('',*,*,#8149,.T.);
#5289=ORIENTED_EDGE('',*,*,#7557,.T.);
#5290=ORIENTED_EDGE('',*,*,#7661,.T.);
#5291=ORIENTED_EDGE('',*,*,#8150,.F.);
#5292=CARTESIAN_POINT('',(-1.18,0.0,0.0));
#5293=DIRECTION('',(1.0,0.0,0.0));
#5294=DIRECTION('',(0.0,1.0,0.0));
#5295=ORIENTED_EDGE('',*,*,#8151,.T.);
#5296=ORIENTED_EDGE('',*,*,#8152,.T.);
#5297=ORIENTED_EDGE('',*,*,#8118,.T.);
#5298=ORIENTED_EDGE('',*,*,#8153,.T.);
#5299=ORIENTED_EDGE('',*,*,#8131,.T.);
#5300=ORIENTED_EDGE('',*,*,#8138,.F.);
#5301=CARTESIAN_POINT('',(-1.18,0.32,-4.955));
#5302=DIRECTION('',(-0.0,1.0,0.0));
#5303=DIRECTION('',(1.0,0.0,0.0));
#5304=ORIENTED_EDGE('',*,*,#8078,.T.);
#5305=ORIENTED_EDGE('',*,*,#8129,.T.);
#5306=ORIENTED_EDGE('',*,*,#8154,.F.);
#5307=ORIENTED_EDGE('',*,*,#8117,.F.);
#5308=CARTESIAN_POINT('',(-1.82,3.43,-3.655));
#5309=DIRECTION('',(0.0,0.0,1.0));
#5310=DIRECTION('',(1.0,0.0,0.0));
#5311=ORIENTED_EDGE('',*,*,#8155,.T.);
#5312=ORIENTED_EDGE('',*,*,#8132,.T.);
#5313=ORIENTED_EDGE('',*,*,#8153,.F.);
#5314=ORIENTED_EDGE('',*,*,#8120,.F.);
#5315=CARTESIAN_POINT('',(-1.82,3.43,-3.655));
#5316=DIRECTION('',(0.0,0.0,1.0));
#5317=DIRECTION('',(1.0,0.0,0.0));
#5318=ORIENTED_EDGE('',*,*,#8126,.T.);
#5319=ORIENTED_EDGE('',*,*,#8121,.F.);
#5320=ORIENTED_EDGE('',*,*,#8114,.F.);
#5321=ORIENTED_EDGE('',*,*,#8133,.T.);
#5322=CARTESIAN_POINT('',(-1.82,3.43,-3.655));
#5323=DIRECTION('',(0.0,0.0,1.0));
#5324=DIRECTION('',(1.0,0.0,0.0));
#5325=ORIENTED_EDGE('',*,*,#8154,.T.);
#5326=ORIENTED_EDGE('',*,*,#8128,.T.);
#5327=ORIENTED_EDGE('',*,*,#8145,.F.);
#5328=ORIENTED_EDGE('',*,*,#8156,.T.);
#5329=ORIENTED_EDGE('',*,*,#8157,.T.);
#5330=ORIENTED_EDGE('',*,*,#8116,.T.);
#5331=CARTESIAN_POINT('',(-1.18,1.589,-7.285));
#5332=DIRECTION('',(-0.0,1.0,0.0));
#5333=DIRECTION('',(1.0,0.0,0.0));
#5334=ORIENTED_EDGE('',*,*,#8152,.F.);
#5335=ORIENTED_EDGE('',*,*,#8158,.F.);
#5336=ORIENTED_EDGE('',*,*,#8134,.F.);
#5337=ORIENTED_EDGE('',*,*,#7497,.T.);
#5338=CARTESIAN_POINT('',(-1.82,0.0,0.0));
#5339=DIRECTION('',(1.0,0.0,0.0));
#5340=DIRECTION('',(0.0,1.0,0.0));
#5341=ORIENTED_EDGE('',*,*,#8159,.F.);
#5342=ORIENTED_EDGE('',*,*,#7889,.F.);
#5343=ORIENTED_EDGE('',*,*,#8160,.F.);
#5344=ORIENTED_EDGE('',*,*,#8161,.T.);
#5345=CARTESIAN_POINT('',(-1.82,0.0,0.0));
#5346=DIRECTION('',(1.0,0.0,0.0));
#5347=DIRECTION('',(0.0,1.0,0.0));
#5348=ORIENTED_EDGE('',*,*,#8124,.F.);
#5349=ORIENTED_EDGE('',*,*,#7880,.F.);
#5350=ORIENTED_EDGE('',*,*,#8162,.F.);
#5351=ORIENTED_EDGE('',*,*,#8163,.T.);
#5352=CARTESIAN_POINT('',(-1.82,0.0,0.0));
#5353=DIRECTION('',(1.0,0.0,0.0));
#5354=DIRECTION('',(0.0,1.0,0.0));
#5355=ORIENTED_EDGE('',*,*,#8164,.F.);
#5356=ORIENTED_EDGE('',*,*,#8165,.F.);
#5357=ORIENTED_EDGE('',*,*,#7495,.T.);
#5358=ORIENTED_EDGE('',*,*,#8157,.F.);
#5359=ORIENTED_EDGE('',*,*,#8166,.F.);
#5360=ORIENTED_EDGE('',*,*,#8167,.T.);
#5361=CARTESIAN_POINT('',(-1.82,0.0,0.0));
#5362=DIRECTION('',(1.0,0.0,0.0));
#5363=DIRECTION('',(0.0,1.0,0.0));
#5364=ORIENTED_EDGE('',*,*,#7659,.F.);
#5365=ORIENTED_EDGE('',*,*,#7559,.F.);
#5366=ORIENTED_EDGE('',*,*,#8168,.T.);
#5367=ORIENTED_EDGE('',*,*,#8169,.T.);
#5368=CARTESIAN_POINT('',(-1.82,0.0,0.0));
#5369=DIRECTION('',(1.0,0.0,0.0));
#5370=DIRECTION('',(0.0,1.0,0.0));
#5371=ORIENTED_EDGE('',*,*,#8135,.T.);
#5372=ORIENTED_EDGE('',*,*,#8158,.T.);
#5373=ORIENTED_EDGE('',*,*,#8151,.F.);
#5374=ORIENTED_EDGE('',*,*,#8137,.F.);
#5375=CARTESIAN_POINT('',(-1.18,-0.32,-4.955));
#5376=DIRECTION('',(0.0,0.0,-1.0));
#5377=DIRECTION('',(0.0,-1.0,0.0));
#5378=ORIENTED_EDGE('',*,*,#8170,.F.);
#5379=ORIENTED_EDGE('',*,*,#8171,.T.);
#5380=ORIENTED_EDGE('',*,*,#8172,.F.);
#5381=ORIENTED_EDGE('',*,*,#8161,.F.);
#5382=CARTESIAN_POINT('',(-1.73,1.5,2.055));
#5383=DIRECTION('',(-0.984183323973689,0.0,0.177152998315298));
#5384=DIRECTION('',(0.0,1.0,0.0));
#5385=ORIENTED_EDGE('',*,*,#8173,.T.);
#5386=ORIENTED_EDGE('',*,*,#8172,.T.);
#5387=ORIENTED_EDGE('',*,*,#8174,.F.);
#5388=ORIENTED_EDGE('',*,*,#8175,.T.);
#5389=CARTESIAN_POINT('',(-1.5,1.73,2.055));
#5390=DIRECTION('',(0.0,0.984183323973689,0.177152998315298));
#5391=DIRECTION('',(1.0,0.0,-0.0));
#5392=ORIENTED_EDGE('',*,*,#8176,.F.);
#5393=ORIENTED_EDGE('',*,*,#8141,.F.);
#5394=ORIENTED_EDGE('',*,*,#8175,.F.);
#5395=ORIENTED_EDGE('',*,*,#8177,.T.);
#5396=CARTESIAN_POINT('',(-1.27,1.5,2.055));
#5397=DIRECTION('',(0.984183323973689,0.0,0.177152998315298));
#5398=DIRECTION('',(0.0,-1.0,0.0));
#5399=ORIENTED_EDGE('',*,*,#8177,.F.);
#5400=ORIENTED_EDGE('',*,*,#8174,.T.);
#5401=ORIENTED_EDGE('',*,*,#8171,.F.);
#5402=ORIENTED_EDGE('',*,*,#8178,.F.);
#5403=CARTESIAN_POINT('',(-1.18,1.82,2.555));
#5404=DIRECTION('',(0.0,0.0,1.0));
#5405=DIRECTION('',(1.0,0.0,0.0));
#5406=ORIENTED_EDGE('',*,*,#8170,.T.);
#5407=ORIENTED_EDGE('',*,*,#8179,.F.);
#5408=ORIENTED_EDGE('',*,*,#8176,.T.);
#5409=ORIENTED_EDGE('',*,*,#8178,.T.);
#5410=CARTESIAN_POINT('',(-1.5,1.27,2.055));
#5411=DIRECTION('',(0.0,-0.984183323973689,0.177152998315298));
#5412=DIRECTION('',(-1.0,0.0,0.0));
#5413=ORIENTED_EDGE('',*,*,#8160,.T.);
#5414=ORIENTED_EDGE('',*,*,#7888,.T.);
#5415=ORIENTED_EDGE('',*,*,#8139,.F.);
#5416=ORIENTED_EDGE('',*,*,#8179,.T.);
#5417=CARTESIAN_POINT('',(-1.18,1.18,2.555));
#5418=DIRECTION('',(0.0,-1.0,0.0));
#5419=DIRECTION('',(0.0,0.0,-1.0));
#5420=ORIENTED_EDGE('',*,*,#8140,.F.);
#5421=ORIENTED_EDGE('',*,*,#7890,.F.);
#5422=ORIENTED_EDGE('',*,*,#8159,.T.);
#5423=ORIENTED_EDGE('',*,*,#8173,.F.);
#5424=CARTESIAN_POINT('',(-1.18,1.82,-3.655));
#5425=DIRECTION('',(-0.0,1.0,0.0));
#5426=DIRECTION('',(1.0,0.0,0.0));
#5427=ORIENTED_EDGE('',*,*,#8180,.F.);
#5428=ORIENTED_EDGE('',*,*,#8181,.T.);
#5429=ORIENTED_EDGE('',*,*,#8182,.T.);
#5430=ORIENTED_EDGE('',*,*,#8163,.F.);
#5431=CARTESIAN_POINT('',(-1.73,-1.5,2.055));
#5432=DIRECTION('',(-0.984183323973689,0.0,0.177152998315298));
#5433=DIRECTION('',(0.0,1.0,0.0));
#5434=ORIENTED_EDGE('',*,*,#8182,.F.);
#5435=ORIENTED_EDGE('',*,*,#8183,.F.);
#5436=ORIENTED_EDGE('',*,*,#8184,.T.);
#5437=ORIENTED_EDGE('',*,*,#8125,.T.);
#5438=CARTESIAN_POINT('',(-1.5,-1.27,2.055));
#5439=DIRECTION('',(0.0,0.984183323973689,0.177152998315298));
#5440=DIRECTION('',(1.0,0.0,-0.0));
#5441=ORIENTED_EDGE('',*,*,#8185,.F.);
#5442=ORIENTED_EDGE('',*,*,#8143,.F.);
#5443=ORIENTED_EDGE('',*,*,#8184,.F.);
#5444=ORIENTED_EDGE('',*,*,#8186,.T.);
#5445=CARTESIAN_POINT('',(-1.27,-1.5,2.055));
#5446=DIRECTION('',(0.984183323973689,0.0,0.177152998315298));
#5447=DIRECTION('',(0.0,-1.0,0.0));
#5448=ORIENTED_EDGE('',*,*,#8186,.F.);
#5449=ORIENTED_EDGE('',*,*,#8183,.T.);
#5450=ORIENTED_EDGE('',*,*,#8181,.F.);
#5451=ORIENTED_EDGE('',*,*,#8187,.F.);
#5452=CARTESIAN_POINT('',(-1.18,-1.18,2.555));
#5453=DIRECTION('',(0.0,0.0,1.0));
#5454=DIRECTION('',(1.0,0.0,0.0));
#5455=ORIENTED_EDGE('',*,*,#8180,.T.);
#5456=ORIENTED_EDGE('',*,*,#8188,.F.);
#5457=ORIENTED_EDGE('',*,*,#8185,.T.);
#5458=ORIENTED_EDGE('',*,*,#8187,.T.);
#5459=CARTESIAN_POINT('',(-1.5,-1.73,2.055));
#5460=DIRECTION('',(0.0,-0.984183323973689,0.177152998315298));
#5461=DIRECTION('',(-1.0,0.0,0.0));
#5462=ORIENTED_EDGE('',*,*,#8162,.T.);
#5463=ORIENTED_EDGE('',*,*,#7879,.T.);
#5464=ORIENTED_EDGE('',*,*,#8142,.F.);
#5465=ORIENTED_EDGE('',*,*,#8188,.T.);
#5466=CARTESIAN_POINT('',(-1.18,-1.82,2.555));
#5467=DIRECTION('',(0.0,-1.0,0.0));
#5468=DIRECTION('',(0.0,0.0,-1.0));
#5469=ORIENTED_EDGE('',*,*,#8189,.F.);
#5470=ORIENTED_EDGE('',*,*,#8190,.T.);
#5471=ORIENTED_EDGE('',*,*,#8191,.T.);
#5472=ORIENTED_EDGE('',*,*,#8167,.F.);
#5473=CARTESIAN_POINT('',(-1.73,-6.62,-6.965));
#5474=DIRECTION('',(-0.984183323973689,-0.177152998315298,0.0));
#5475=DIRECTION('',(-0.177152998315298,0.984183323973689,0.0));
#5476=ORIENTED_EDGE('',*,*,#8191,.F.);
#5477=ORIENTED_EDGE('',*,*,#8192,.F.);
#5478=ORIENTED_EDGE('',*,*,#8193,.T.);
#5479=ORIENTED_EDGE('',*,*,#8194,.T.);
#5480=CARTESIAN_POINT('',(-1.5,-6.62,-6.735));
#5481=DIRECTION('',(0.0,-0.177152998315298,0.984183323973689));
#5482=DIRECTION('',(-1.0,0.0,0.0));
#5483=ORIENTED_EDGE('',*,*,#8147,.F.);
#5484=ORIENTED_EDGE('',*,*,#8195,.T.);
#5485=ORIENTED_EDGE('',*,*,#8164,.T.);
#5486=ORIENTED_EDGE('',*,*,#8194,.F.);
#5487=CARTESIAN_POINT('',(-1.18,0.949,-6.645));
#5488=DIRECTION('',(0.0,0.0,1.0));
#5489=DIRECTION('',(1.0,0.0,0.0));
#5490=ORIENTED_EDGE('',*,*,#8165,.T.);
#5491=ORIENTED_EDGE('',*,*,#8195,.F.);
#5492=ORIENTED_EDGE('',*,*,#8146,.F.);
#5493=ORIENTED_EDGE('',*,*,#8130,.F.);
#5494=ORIENTED_EDGE('',*,*,#8155,.F.);
#5495=ORIENTED_EDGE('',*,*,#8119,.F.);
#5496=CARTESIAN_POINT('',(-1.18,0.949,-3.655));
#5497=DIRECTION('',(0.0,-1.0,0.0));
#5498=DIRECTION('',(0.0,0.0,-1.0));
#5499=ORIENTED_EDGE('',*,*,#8196,.F.);
#5500=ORIENTED_EDGE('',*,*,#8148,.F.);
#5501=ORIENTED_EDGE('',*,*,#8193,.F.);
#5502=ORIENTED_EDGE('',*,*,#8197,.T.);
#5503=CARTESIAN_POINT('',(-1.27,-6.62,-6.965));
#5504=DIRECTION('',(0.984183323973689,-0.177152998315298,0.0));
#5505=DIRECTION('',(0.0,0.0,-1.0));
#5506=ORIENTED_EDGE('',*,*,#8197,.F.);
#5507=ORIENTED_EDGE('',*,*,#8192,.T.);
#5508=ORIENTED_EDGE('',*,*,#8190,.F.);
#5509=ORIENTED_EDGE('',*,*,#8198,.F.);
#5510=CARTESIAN_POINT('',(-1.18,-7.12,-6.645));
#5511=DIRECTION('',(0.0,-1.0,0.0));
#5512=DIRECTION('',(0.0,0.0,-1.0));
#5513=ORIENTED_EDGE('',*,*,#8189,.T.);
#5514=ORIENTED_EDGE('',*,*,#8199,.F.);
#5515=ORIENTED_EDGE('',*,*,#8196,.T.);
#5516=ORIENTED_EDGE('',*,*,#8198,.T.);
#5517=CARTESIAN_POINT('',(-1.5,-6.62,-7.195));
#5518=DIRECTION('',(0.0,-0.177152998315298,-0.984183323973689));
#5519=DIRECTION('',(0.0,-0.984183323973689,0.177152998315298));
#5520=ORIENTED_EDGE('',*,*,#8166,.T.);
#5521=ORIENTED_EDGE('',*,*,#8156,.F.);
#5522=ORIENTED_EDGE('',*,*,#8144,.F.);
#5523=ORIENTED_EDGE('',*,*,#8199,.T.);
#5524=CARTESIAN_POINT('',(-1.18,-7.12,-7.285));
#5525=DIRECTION('',(0.0,0.0,-1.0));
#5526=DIRECTION('',(0.0,-1.0,0.0));
#5527=ORIENTED_EDGE('',*,*,#7670,.F.);
#5528=ORIENTED_EDGE('',*,*,#8200,.F.);
#5529=ORIENTED_EDGE('',*,*,#8201,.T.);
#5530=ORIENTED_EDGE('',*,*,#8202,.F.);
#5531=ORIENTED_EDGE('',*,*,#8203,.F.);
#5532=ORIENTED_EDGE('',*,*,#8204,.T.);
#5533=CARTESIAN_POINT('',(-5.85,-3.43,-3.655));
#5534=DIRECTION('',(0.0,0.0,-1.0));
#5535=DIRECTION('',(0.0,-1.0,0.0));
#5536=ORIENTED_EDGE('',*,*,#7665,.F.);
#5537=ORIENTED_EDGE('',*,*,#8205,.F.);
#5538=ORIENTED_EDGE('',*,*,#8206,.T.);
#5539=ORIENTED_EDGE('',*,*,#8207,.F.);
#5540=ORIENTED_EDGE('',*,*,#8208,.F.);
#5541=ORIENTED_EDGE('',*,*,#8209,.T.);
#5542=CARTESIAN_POINT('',(-5.85,-3.43,-3.655));
#5543=DIRECTION('',(0.0,0.0,-1.0));
#5544=DIRECTION('',(0.0,-1.0,0.0));
#5545=ORIENTED_EDGE('',*,*,#7660,.F.);
#5546=ORIENTED_EDGE('',*,*,#8169,.F.);
#5547=ORIENTED_EDGE('',*,*,#8210,.T.);
#5548=ORIENTED_EDGE('',*,*,#8211,.F.);
#5549=ORIENTED_EDGE('',*,*,#8212,.F.);
#5550=ORIENTED_EDGE('',*,*,#8150,.T.);
#5551=CARTESIAN_POINT('',(-5.85,-3.43,-3.655));
#5552=DIRECTION('',(0.0,0.0,-1.0));
#5553=DIRECTION('',(0.0,-1.0,0.0));
#5554=ORIENTED_EDGE('',*,*,#7809,.F.);
#5555=ORIENTED_EDGE('',*,*,#8213,.T.);
#5556=ORIENTED_EDGE('',*,*,#8214,.F.);
#5557=ORIENTED_EDGE('',*,*,#8215,.F.);
#5558=ORIENTED_EDGE('',*,*,#7776,.T.);
#5559=ORIENTED_EDGE('',*,*,#7685,.F.);
#5560=CARTESIAN_POINT('',(-5.85,-3.43,-3.655));
#5561=DIRECTION('',(0.0,0.0,-1.0));
#5562=DIRECTION('',(0.0,-1.0,0.0));
#5563=ORIENTED_EDGE('',*,*,#8216,.T.);
#5564=ORIENTED_EDGE('',*,*,#8217,.T.);
#5565=ORIENTED_EDGE('',*,*,#8218,.T.);
#5566=ORIENTED_EDGE('',*,*,#7525,.F.);
#5567=CARTESIAN_POINT('',(4.82,0.0,0.0));
#5568=DIRECTION('',(1.0,0.0,0.0));
#5569=DIRECTION('',(0.0,1.0,0.0));
#5570=ORIENTED_EDGE('',*,*,#8219,.T.);
#5571=ORIENTED_EDGE('',*,*,#7856,.T.);
#5572=ORIENTED_EDGE('',*,*,#8220,.T.);
#5573=ORIENTED_EDGE('',*,*,#8221,.T.);
#5574=CARTESIAN_POINT('',(4.82,0.0,0.0));
#5575=DIRECTION('',(1.0,0.0,0.0));
#5576=DIRECTION('',(0.0,1.0,0.0));
#5577=ORIENTED_EDGE('',*,*,#8222,.T.);
#5578=ORIENTED_EDGE('',*,*,#7847,.T.);
#5579=ORIENTED_EDGE('',*,*,#8223,.T.);
#5580=ORIENTED_EDGE('',*,*,#8224,.T.);
#5581=CARTESIAN_POINT('',(4.82,0.0,0.0));
#5582=DIRECTION('',(1.0,0.0,0.0));
#5583=DIRECTION('',(0.0,1.0,0.0));
#5584=ORIENTED_EDGE('',*,*,#8225,.T.);
#5585=ORIENTED_EDGE('',*,*,#8226,.T.);
#5586=ORIENTED_EDGE('',*,*,#7527,.F.);
#5587=ORIENTED_EDGE('',*,*,#8227,.T.);
#5588=ORIENTED_EDGE('',*,*,#8228,.T.);
#5589=ORIENTED_EDGE('',*,*,#8229,.T.);
#5590=CARTESIAN_POINT('',(4.82,0.0,0.0));
#5591=DIRECTION('',(1.0,0.0,0.0));
#5592=DIRECTION('',(0.0,1.0,0.0));
#5593=ORIENTED_EDGE('',*,*,#8230,.T.);
#5594=ORIENTED_EDGE('',*,*,#7547,.T.);
#5595=ORIENTED_EDGE('',*,*,#7671,.T.);
#5596=ORIENTED_EDGE('',*,*,#8204,.F.);
#5597=CARTESIAN_POINT('',(4.82,0.0,0.0));
#5598=DIRECTION('',(1.0,0.0,0.0));
#5599=DIRECTION('',(0.0,1.0,0.0));
#5600=ORIENTED_EDGE('',*,*,#8231,.T.);
#5601=ORIENTED_EDGE('',*,*,#8232,.T.);
#5602=ORIENTED_EDGE('',*,*,#8233,.T.);
#5603=ORIENTED_EDGE('',*,*,#8234,.T.);
#5604=ORIENTED_EDGE('',*,*,#7655,.T.);
#5605=ORIENTED_EDGE('',*,*,#8218,.F.);
#5606=CARTESIAN_POINT('',(4.82,0.32,-4.955));
#5607=DIRECTION('',(-0.0,1.0,0.0));
#5608=DIRECTION('',(1.0,0.0,0.0));
#5609=ORIENTED_EDGE('',*,*,#8072,.T.);
#5610=ORIENTED_EDGE('',*,*,#7653,.T.);
#5611=ORIENTED_EDGE('',*,*,#8235,.F.);
#5612=ORIENTED_EDGE('',*,*,#8236,.F.);
#5613=CARTESIAN_POINT('',(4.18,3.43,-3.655));
#5614=DIRECTION('',(0.0,0.0,1.0));
#5615=DIRECTION('',(1.0,0.0,0.0));
#5616=ORIENTED_EDGE('',*,*,#8237,.T.);
#5617=ORIENTED_EDGE('',*,*,#7656,.T.);
#5618=ORIENTED_EDGE('',*,*,#8234,.F.);
#5619=ORIENTED_EDGE('',*,*,#8238,.F.);
#5620=CARTESIAN_POINT('',(4.18,3.43,-3.655));
#5621=DIRECTION('',(0.0,0.0,1.0));
#5622=DIRECTION('',(1.0,0.0,0.0));
#5623=ORIENTED_EDGE('',*,*,#7649,.T.);
#5624=ORIENTED_EDGE('',*,*,#8239,.F.);
#5625=ORIENTED_EDGE('',*,*,#8240,.F.);
#5626=ORIENTED_EDGE('',*,*,#8241,.T.);
#5627=CARTESIAN_POINT('',(4.18,3.43,-3.655));
#5628=DIRECTION('',(0.0,0.0,1.0));
#5629=DIRECTION('',(1.0,0.0,0.0));
#5630=ORIENTED_EDGE('',*,*,#7668,.F.);
#5631=ORIENTED_EDGE('',*,*,#7376,.F.);
#5632=ORIENTED_EDGE('',*,*,#7439,.T.);
#5633=ORIENTED_EDGE('',*,*,#7550,.F.);
#5634=CARTESIAN_POINT('',(4.18,3.43,-4.955));
#5635=DIRECTION('',(-1.0,0.0,0.0));
#5636=DIRECTION('',(0.0,0.0,1.0));
#5637=ORIENTED_EDGE('',*,*,#8242,.T.);
#5638=ORIENTED_EDGE('',*,*,#8240,.T.);
#5639=ORIENTED_EDGE('',*,*,#8243,.T.);
#5640=ORIENTED_EDGE('',*,*,#7522,.T.);
#5641=CARTESIAN_POINT('',(4.18,3.43,-4.955));
#5642=DIRECTION('',(-1.0,0.0,0.0));
#5643=DIRECTION('',(0.0,0.0,1.0));
#5644=ORIENTED_EDGE('',*,*,#8244,.F.);
#5645=ORIENTED_EDGE('',*,*,#7518,.T.);
#5646=ORIENTED_EDGE('',*,*,#7639,.T.);
#5647=ORIENTED_EDGE('',*,*,#7380,.T.);
#5648=ORIENTED_EDGE('',*,*,#8073,.T.);
#5649=ORIENTED_EDGE('',*,*,#8236,.T.);
#5650=CARTESIAN_POINT('',(4.18,3.43,-4.955));
#5651=DIRECTION('',(-1.0,0.0,0.0));
#5652=DIRECTION('',(0.0,0.0,1.0));
#5653=ORIENTED_EDGE('',*,*,#8233,.F.);
#5654=ORIENTED_EDGE('',*,*,#7520,.T.);
#5655=ORIENTED_EDGE('',*,*,#8245,.T.);
#5656=ORIENTED_EDGE('',*,*,#8238,.T.);
#5657=CARTESIAN_POINT('',(4.18,3.43,-4.955));
#5658=DIRECTION('',(-1.0,0.0,0.0));
#5659=DIRECTION('',(0.0,0.0,1.0));
#5660=ORIENTED_EDGE('',*,*,#8239,.T.);
#5661=ORIENTED_EDGE('',*,*,#7648,.T.);
#5662=ORIENTED_EDGE('',*,*,#7523,.T.);
#5663=ORIENTED_EDGE('',*,*,#8243,.F.);
#5664=CARTESIAN_POINT('',(4.82,-1.18,-4.285));
#5665=DIRECTION('',(-0.0,1.0,0.0));
#5666=DIRECTION('',(1.0,0.0,0.0));
#5667=ORIENTED_EDGE('',*,*,#8223,.F.);
#5668=ORIENTED_EDGE('',*,*,#7846,.F.);
#5669=ORIENTED_EDGE('',*,*,#8246,.T.);
#5670=ORIENTED_EDGE('',*,*,#8247,.F.);
#5671=CARTESIAN_POINT('',(4.82,-1.18,-4.285));
#5672=DIRECTION('',(-0.0,1.0,0.0));
#5673=DIRECTION('',(1.0,0.0,0.0));
#5674=ORIENTED_EDGE('',*,*,#8248,.F.);
#5675=ORIENTED_EDGE('',*,*,#8249,.F.);
#5676=ORIENTED_EDGE('',*,*,#8250,.T.);
#5677=ORIENTED_EDGE('',*,*,#8247,.T.);
#5678=CARTESIAN_POINT('',(4.5,-1.27,2.055));
#5679=DIRECTION('',(0.0,0.984183323973689,0.177152998315298));
#5680=DIRECTION('',(1.0,0.0,-0.0));
#5681=ORIENTED_EDGE('',*,*,#8251,.F.);
#5682=ORIENTED_EDGE('',*,*,#8224,.F.);
#5683=ORIENTED_EDGE('',*,*,#8250,.F.);
#5684=ORIENTED_EDGE('',*,*,#8252,.T.);
#5685=CARTESIAN_POINT('',(4.73,-1.5,2.055));
#5686=DIRECTION('',(0.984183323973689,0.0,0.177152998315298));
#5687=DIRECTION('',(0.0,-1.0,0.0));
#5688=ORIENTED_EDGE('',*,*,#8252,.F.);
#5689=ORIENTED_EDGE('',*,*,#8249,.T.);
#5690=ORIENTED_EDGE('',*,*,#8253,.F.);
#5691=ORIENTED_EDGE('',*,*,#8254,.F.);
#5692=CARTESIAN_POINT('',(4.82,-1.18,2.555));
#5693=DIRECTION('',(0.0,0.0,1.0));
#5694=DIRECTION('',(1.0,0.0,0.0));
#5695=ORIENTED_EDGE('',*,*,#8255,.T.);
#5696=ORIENTED_EDGE('',*,*,#8256,.F.);
#5697=ORIENTED_EDGE('',*,*,#8251,.T.);
#5698=ORIENTED_EDGE('',*,*,#8254,.T.);
#5699=CARTESIAN_POINT('',(4.5,-1.73,2.055));
#5700=DIRECTION('',(0.0,-0.984183323973689,0.177152998315298));
#5701=DIRECTION('',(-1.0,0.0,0.0));
#5702=ORIENTED_EDGE('',*,*,#8257,.T.);
#5703=ORIENTED_EDGE('',*,*,#7844,.T.);
#5704=ORIENTED_EDGE('',*,*,#8222,.F.);
#5705=ORIENTED_EDGE('',*,*,#8256,.T.);
#5706=CARTESIAN_POINT('',(4.82,-1.82,2.555));
#5707=DIRECTION('',(0.0,-1.0,0.0));
#5708=DIRECTION('',(0.0,0.0,-1.0));
#5709=ORIENTED_EDGE('',*,*,#8232,.F.);
#5710=ORIENTED_EDGE('',*,*,#8258,.F.);
#5711=ORIENTED_EDGE('',*,*,#8259,.F.);
#5712=ORIENTED_EDGE('',*,*,#7521,.T.);
#5713=CARTESIAN_POINT('',(4.18,0.0,0.0));
#5714=DIRECTION('',(1.0,0.0,0.0));
#5715=DIRECTION('',(0.0,1.0,0.0));
#5716=ORIENTED_EDGE('',*,*,#8260,.F.);
#5717=ORIENTED_EDGE('',*,*,#7854,.F.);
#5718=ORIENTED_EDGE('',*,*,#8261,.F.);
#5719=ORIENTED_EDGE('',*,*,#8262,.T.);
#5720=CARTESIAN_POINT('',(4.18,0.0,0.0));
#5721=DIRECTION('',(1.0,0.0,0.0));
#5722=DIRECTION('',(0.0,1.0,0.0));
#5723=ORIENTED_EDGE('',*,*,#8246,.F.);
#5724=ORIENTED_EDGE('',*,*,#7845,.F.);
#5725=ORIENTED_EDGE('',*,*,#8257,.F.);
#5726=ORIENTED_EDGE('',*,*,#8263,.T.);
#5727=CARTESIAN_POINT('',(4.18,0.0,0.0));
#5728=DIRECTION('',(1.0,0.0,0.0));
#5729=DIRECTION('',(0.0,1.0,0.0));
#5730=ORIENTED_EDGE('',*,*,#8264,.F.);
#5731=ORIENTED_EDGE('',*,*,#8265,.F.);
#5732=ORIENTED_EDGE('',*,*,#7519,.T.);
#5733=ORIENTED_EDGE('',*,*,#8266,.F.);
#5734=ORIENTED_EDGE('',*,*,#8267,.F.);
#5735=ORIENTED_EDGE('',*,*,#8268,.T.);
#5736=CARTESIAN_POINT('',(4.18,0.0,0.0));
#5737=DIRECTION('',(1.0,0.0,0.0));
#5738=DIRECTION('',(0.0,1.0,0.0));
#5739=ORIENTED_EDGE('',*,*,#7669,.F.);
#5740=ORIENTED_EDGE('',*,*,#7549,.F.);
#5741=ORIENTED_EDGE('',*,*,#8269,.T.);
#5742=ORIENTED_EDGE('',*,*,#8200,.T.);
#5743=CARTESIAN_POINT('',(4.18,0.0,0.0));
#5744=DIRECTION('',(1.0,0.0,0.0));
#5745=DIRECTION('',(0.0,1.0,0.0));
#5746=ORIENTED_EDGE('',*,*,#7650,.F.);
#5747=ORIENTED_EDGE('',*,*,#8241,.F.);
#5748=ORIENTED_EDGE('',*,*,#8242,.F.);
#5749=ORIENTED_EDGE('',*,*,#8259,.T.);
#5750=ORIENTED_EDGE('',*,*,#8270,.F.);
#5751=ORIENTED_EDGE('',*,*,#8216,.F.);
#5752=CARTESIAN_POINT('',(4.82,-0.32,-3.655));
#5753=DIRECTION('',(0.0,-1.0,0.0));
#5754=DIRECTION('',(0.0,0.0,-1.0));
#5755=ORIENTED_EDGE('',*,*,#8270,.T.);
#5756=ORIENTED_EDGE('',*,*,#8258,.T.);
#5757=ORIENTED_EDGE('',*,*,#8231,.F.);
#5758=ORIENTED_EDGE('',*,*,#8217,.F.);
#5759=CARTESIAN_POINT('',(4.82,-0.32,-4.955));
#5760=DIRECTION('',(0.0,0.0,-1.0));
#5761=DIRECTION('',(0.0,-1.0,0.0));
#5762=ORIENTED_EDGE('',*,*,#8271,.F.);
#5763=ORIENTED_EDGE('',*,*,#8272,.T.);
#5764=ORIENTED_EDGE('',*,*,#8273,.F.);
#5765=ORIENTED_EDGE('',*,*,#8262,.F.);
#5766=CARTESIAN_POINT('',(4.27,1.5,2.055));
#5767=DIRECTION('',(-0.984183323973689,0.0,0.177152998315298));
#5768=DIRECTION('',(0.0,1.0,0.0));
#5769=ORIENTED_EDGE('',*,*,#8274,.T.);
#5770=ORIENTED_EDGE('',*,*,#8273,.T.);
#5771=ORIENTED_EDGE('',*,*,#8275,.F.);
#5772=ORIENTED_EDGE('',*,*,#8276,.T.);
#5773=CARTESIAN_POINT('',(4.5,1.73,2.055));
#5774=DIRECTION('',(0.0,0.984183323973689,0.177152998315298));
#5775=DIRECTION('',(1.0,0.0,-0.0));
#5776=ORIENTED_EDGE('',*,*,#8277,.F.);
#5777=ORIENTED_EDGE('',*,*,#8221,.F.);
#5778=ORIENTED_EDGE('',*,*,#8276,.F.);
#5779=ORIENTED_EDGE('',*,*,#8278,.T.);
#5780=CARTESIAN_POINT('',(4.73,1.5,2.055));
#5781=DIRECTION('',(0.984183323973689,0.0,0.177152998315298));
#5782=DIRECTION('',(0.0,-1.0,0.0));
#5783=ORIENTED_EDGE('',*,*,#8278,.F.);
#5784=ORIENTED_EDGE('',*,*,#8275,.T.);
#5785=ORIENTED_EDGE('',*,*,#8272,.F.);
#5786=ORIENTED_EDGE('',*,*,#8279,.F.);
#5787=CARTESIAN_POINT('',(4.82,1.82,2.555));
#5788=DIRECTION('',(0.0,0.0,1.0));
#5789=DIRECTION('',(1.0,0.0,0.0));
#5790=ORIENTED_EDGE('',*,*,#8271,.T.);
#5791=ORIENTED_EDGE('',*,*,#8280,.F.);
#5792=ORIENTED_EDGE('',*,*,#8277,.T.);
#5793=ORIENTED_EDGE('',*,*,#8279,.T.);
#5794=CARTESIAN_POINT('',(4.5,1.27,2.055));
#5795=DIRECTION('',(0.0,-0.984183323973689,0.177152998315298));
#5796=DIRECTION('',(-1.0,0.0,0.0));
#5797=ORIENTED_EDGE('',*,*,#8261,.T.);
#5798=ORIENTED_EDGE('',*,*,#7853,.T.);
#5799=ORIENTED_EDGE('',*,*,#8219,.F.);
#5800=ORIENTED_EDGE('',*,*,#8280,.T.);
#5801=CARTESIAN_POINT('',(4.82,1.18,2.555));
#5802=DIRECTION('',(0.0,-1.0,0.0));
#5803=DIRECTION('',(0.0,0.0,-1.0));
#5804=ORIENTED_EDGE('',*,*,#8220,.F.);
#5805=ORIENTED_EDGE('',*,*,#7855,.F.);
#5806=ORIENTED_EDGE('',*,*,#8260,.T.);
#5807=ORIENTED_EDGE('',*,*,#8274,.F.);
#5808=CARTESIAN_POINT('',(4.82,1.82,-3.655));
#5809=DIRECTION('',(-0.0,1.0,0.0));
#5810=DIRECTION('',(1.0,0.0,0.0));
#5811=ORIENTED_EDGE('',*,*,#8255,.F.);
#5812=ORIENTED_EDGE('',*,*,#8253,.T.);
#5813=ORIENTED_EDGE('',*,*,#8248,.T.);
#5814=ORIENTED_EDGE('',*,*,#8263,.F.);
#5815=CARTESIAN_POINT('',(4.27,-1.5,2.055));
#5816=DIRECTION('',(-0.984183323973689,0.0,0.177152998315298));
#5817=DIRECTION('',(0.0,1.0,0.0));
#5818=ORIENTED_EDGE('',*,*,#8281,.F.);
#5819=ORIENTED_EDGE('',*,*,#8282,.T.);
#5820=ORIENTED_EDGE('',*,*,#8283,.T.);
#5821=ORIENTED_EDGE('',*,*,#8268,.F.);
#5822=CARTESIAN_POINT('',(4.27,-6.62,-6.965));
#5823=DIRECTION('',(-0.984183323973689,-0.177152998315298,0.0));
#5824=DIRECTION('',(-0.177152998315298,0.984183323973689,0.0));
#5825=ORIENTED_EDGE('',*,*,#8283,.F.);
#5826=ORIENTED_EDGE('',*,*,#8284,.F.);
#5827=ORIENTED_EDGE('',*,*,#8285,.T.);
#5828=ORIENTED_EDGE('',*,*,#8286,.T.);
#5829=CARTESIAN_POINT('',(4.5,-6.62,-6.735));
#5830=DIRECTION('',(0.0,-0.177152998315298,0.984183323973689));
#5831=DIRECTION('',(-1.0,0.0,0.0));
#5832=ORIENTED_EDGE('',*,*,#8228,.F.);
#5833=ORIENTED_EDGE('',*,*,#8287,.T.);
#5834=ORIENTED_EDGE('',*,*,#8264,.T.);
#5835=ORIENTED_EDGE('',*,*,#8286,.F.);
#5836=CARTESIAN_POINT('',(4.82,0.949,-6.645));
#5837=DIRECTION('',(0.0,0.0,1.0));
#5838=DIRECTION('',(1.0,0.0,0.0));
#5839=ORIENTED_EDGE('',*,*,#8265,.T.);
#5840=ORIENTED_EDGE('',*,*,#8287,.F.);
#5841=ORIENTED_EDGE('',*,*,#8227,.F.);
#5842=ORIENTED_EDGE('',*,*,#7654,.F.);
#5843=ORIENTED_EDGE('',*,*,#8237,.F.);
#5844=ORIENTED_EDGE('',*,*,#8245,.F.);
#5845=CARTESIAN_POINT('',(4.82,0.949,-3.655));
#5846=DIRECTION('',(0.0,-1.0,0.0));
#5847=DIRECTION('',(0.0,0.0,-1.0));
#5848=ORIENTED_EDGE('',*,*,#8288,.F.);
#5849=ORIENTED_EDGE('',*,*,#8229,.F.);
#5850=ORIENTED_EDGE('',*,*,#8285,.F.);
#5851=ORIENTED_EDGE('',*,*,#8289,.T.);
#5852=CARTESIAN_POINT('',(4.73,-6.62,-6.965));
#5853=DIRECTION('',(0.984183323973689,-0.177152998315298,0.0));
#5854=DIRECTION('',(0.0,0.0,-1.0));
#5855=ORIENTED_EDGE('',*,*,#8289,.F.);
#5856=ORIENTED_EDGE('',*,*,#8284,.T.);
#5857=ORIENTED_EDGE('',*,*,#8282,.F.);
#5858=ORIENTED_EDGE('',*,*,#8290,.F.);
#5859=CARTESIAN_POINT('',(4.82,-7.12,-6.645));
#5860=DIRECTION('',(0.0,-1.0,0.0));
#5861=DIRECTION('',(0.0,0.0,-1.0));
#5862=ORIENTED_EDGE('',*,*,#8281,.T.);
#5863=ORIENTED_EDGE('',*,*,#8291,.F.);
#5864=ORIENTED_EDGE('',*,*,#8288,.T.);
#5865=ORIENTED_EDGE('',*,*,#8290,.T.);
#5866=CARTESIAN_POINT('',(4.5,-6.62,-7.195));
#5867=DIRECTION('',(0.0,-0.177152998315298,-0.984183323973689));
#5868=DIRECTION('',(0.0,-0.984183323973689,0.177152998315298));
#5869=ORIENTED_EDGE('',*,*,#8267,.T.);
#5870=ORIENTED_EDGE('',*,*,#8292,.F.);
#5871=ORIENTED_EDGE('',*,*,#8225,.F.);
#5872=ORIENTED_EDGE('',*,*,#8291,.T.);
#5873=CARTESIAN_POINT('',(4.82,-7.12,-7.285));
#5874=DIRECTION('',(0.0,0.0,-1.0));
#5875=DIRECTION('',(0.0,-1.0,0.0));
#5876=ORIENTED_EDGE('',*,*,#8235,.T.);
#5877=ORIENTED_EDGE('',*,*,#7652,.T.);
#5878=ORIENTED_EDGE('',*,*,#8226,.F.);
#5879=ORIENTED_EDGE('',*,*,#8292,.T.);
#5880=ORIENTED_EDGE('',*,*,#8266,.T.);
#5881=ORIENTED_EDGE('',*,*,#8244,.T.);
#5882=CARTESIAN_POINT('',(4.82,1.589,-7.285));
#5883=DIRECTION('',(-0.0,1.0,0.0));
#5884=DIRECTION('',(1.0,0.0,0.0));
#5885=ORIENTED_EDGE('',*,*,#8269,.F.);
#5886=ORIENTED_EDGE('',*,*,#8293,.F.);
#5887=ORIENTED_EDGE('',*,*,#8294,.T.);
#5888=ORIENTED_EDGE('',*,*,#8295,.T.);
#5889=ORIENTED_EDGE('',*,*,#8201,.F.);
#5890=CARTESIAN_POINT('',(4.27,-6.62,-3.965));
#5891=DIRECTION('',(-0.984183323973689,-0.177152998315298,0.0));
#5892=DIRECTION('',(-0.177152998315298,0.984183323973689,0.0));
#5893=ORIENTED_EDGE('',*,*,#8295,.F.);
#5894=ORIENTED_EDGE('',*,*,#8296,.F.);
#5895=ORIENTED_EDGE('',*,*,#8297,.T.);
#5896=ORIENTED_EDGE('',*,*,#8202,.T.);
#5897=CARTESIAN_POINT('',(4.5,-6.62,-3.735));
#5898=DIRECTION('',(0.0,-0.177152998315298,0.984183323973689));
#5899=DIRECTION('',(-1.0,0.0,0.0));
#5900=ORIENTED_EDGE('',*,*,#8297,.F.);
#5901=ORIENTED_EDGE('',*,*,#8298,.T.);
#5902=ORIENTED_EDGE('',*,*,#8299,.F.);
#5903=ORIENTED_EDGE('',*,*,#8230,.F.);
#5904=ORIENTED_EDGE('',*,*,#8203,.T.);
#5905=CARTESIAN_POINT('',(4.73,-6.62,-3.965));
#5906=DIRECTION('',(0.984183323973689,-0.177152998315298,0.0));
#5907=DIRECTION('',(0.0,0.0,-1.0));
#5908=ORIENTED_EDGE('',*,*,#8300,.T.);
#5909=ORIENTED_EDGE('',*,*,#8293,.T.);
#5910=ORIENTED_EDGE('',*,*,#7548,.F.);
#5911=ORIENTED_EDGE('',*,*,#8299,.T.);
#5912=CARTESIAN_POINT('',(4.5,-6.62,-4.195));
#5913=DIRECTION('',(0.0,-0.177152998315298,-0.984183323973689));
#5914=DIRECTION('',(0.0,-0.984183323973689,0.177152998315298));
#5915=ORIENTED_EDGE('',*,*,#8300,.F.);
#5916=ORIENTED_EDGE('',*,*,#8298,.F.);
#5917=ORIENTED_EDGE('',*,*,#8296,.T.);
#5918=ORIENTED_EDGE('',*,*,#8294,.F.);
#5919=CARTESIAN_POINT('',(4.82,-7.12,-3.645));
#5920=DIRECTION('',(0.0,-1.0,0.0));
#5921=DIRECTION('',(0.0,0.0,-1.0));
#5922=ORIENTED_EDGE('',*,*,#8301,.T.);
#5923=ORIENTED_EDGE('',*,*,#8302,.T.);
#5924=ORIENTED_EDGE('',*,*,#8303,.T.);
#5925=ORIENTED_EDGE('',*,*,#7513,.F.);
#5926=CARTESIAN_POINT('',(1.82,0.0,0.0));
#5927=DIRECTION('',(1.0,0.0,0.0));
#5928=DIRECTION('',(0.0,1.0,0.0));
#5929=ORIENTED_EDGE('',*,*,#8304,.T.);
#5930=ORIENTED_EDGE('',*,*,#7864,.T.);
#5931=ORIENTED_EDGE('',*,*,#8305,.T.);
#5932=ORIENTED_EDGE('',*,*,#8306,.T.);
#5933=CARTESIAN_POINT('',(1.82,0.0,0.0));
#5934=DIRECTION('',(1.0,0.0,0.0));
#5935=DIRECTION('',(0.0,1.0,0.0));
#5936=ORIENTED_EDGE('',*,*,#8307,.T.);
#5937=ORIENTED_EDGE('',*,*,#7873,.T.);
#5938=ORIENTED_EDGE('',*,*,#8308,.T.);
#5939=ORIENTED_EDGE('',*,*,#8309,.T.);
#5940=CARTESIAN_POINT('',(1.82,0.0,0.0));
#5941=DIRECTION('',(1.0,0.0,0.0));
#5942=DIRECTION('',(0.0,1.0,0.0));
#5943=ORIENTED_EDGE('',*,*,#8310,.T.);
#5944=ORIENTED_EDGE('',*,*,#8311,.T.);
#5945=ORIENTED_EDGE('',*,*,#7515,.F.);
#5946=ORIENTED_EDGE('',*,*,#8312,.T.);
#5947=ORIENTED_EDGE('',*,*,#8313,.T.);
#5948=ORIENTED_EDGE('',*,*,#8314,.T.);
#5949=CARTESIAN_POINT('',(1.82,0.0,0.0));
#5950=DIRECTION('',(1.0,0.0,0.0));
#5951=DIRECTION('',(0.0,1.0,0.0));
#5952=ORIENTED_EDGE('',*,*,#8315,.T.);
#5953=ORIENTED_EDGE('',*,*,#7552,.T.);
#5954=ORIENTED_EDGE('',*,*,#7666,.T.);
#5955=ORIENTED_EDGE('',*,*,#8209,.F.);
#5956=CARTESIAN_POINT('',(1.82,0.0,0.0));
#5957=DIRECTION('',(1.0,0.0,0.0));
#5958=DIRECTION('',(0.0,1.0,0.0));
#5959=ORIENTED_EDGE('',*,*,#8316,.T.);
#5960=ORIENTED_EDGE('',*,*,#8317,.T.);
#5961=ORIENTED_EDGE('',*,*,#8318,.T.);
#5962=ORIENTED_EDGE('',*,*,#8319,.T.);
#5963=ORIENTED_EDGE('',*,*,#8320,.T.);
#5964=ORIENTED_EDGE('',*,*,#8303,.F.);
#5965=CARTESIAN_POINT('',(1.82,0.32,-4.955));
#5966=DIRECTION('',(-0.0,1.0,0.0));
#5967=DIRECTION('',(1.0,0.0,0.0));
#5968=ORIENTED_EDGE('',*,*,#7440,.F.);
#5969=ORIENTED_EDGE('',*,*,#7378,.T.);
#5970=ORIENTED_EDGE('',*,*,#7667,.T.);
#5971=ORIENTED_EDGE('',*,*,#7551,.T.);
#5972=CARTESIAN_POINT('',(1.82,3.43,-3.655));
#5973=DIRECTION('',(1.0,0.0,0.0));
#5974=DIRECTION('',(0.0,1.0,0.0));
#5975=ORIENTED_EDGE('',*,*,#8321,.F.);
#5976=ORIENTED_EDGE('',*,*,#8322,.F.);
#5977=ORIENTED_EDGE('',*,*,#8323,.T.);
#5978=ORIENTED_EDGE('',*,*,#7512,.F.);
#5979=CARTESIAN_POINT('',(1.82,3.43,-3.655));
#5980=DIRECTION('',(1.0,0.0,0.0));
#5981=DIRECTION('',(0.0,1.0,0.0));
#5982=ORIENTED_EDGE('',*,*,#8074,.F.);
#5983=ORIENTED_EDGE('',*,*,#7382,.F.);
#5984=ORIENTED_EDGE('',*,*,#7640,.F.);
#5985=ORIENTED_EDGE('',*,*,#7516,.F.);
#5986=ORIENTED_EDGE('',*,*,#8324,.F.);
#5987=ORIENTED_EDGE('',*,*,#8325,.F.);
#5988=CARTESIAN_POINT('',(1.82,3.43,-3.655));
#5989=DIRECTION('',(1.0,0.0,0.0));
#5990=DIRECTION('',(0.0,1.0,0.0));
#5991=ORIENTED_EDGE('',*,*,#8326,.T.);
#5992=ORIENTED_EDGE('',*,*,#7514,.F.);
#5993=ORIENTED_EDGE('',*,*,#8320,.F.);
#5994=ORIENTED_EDGE('',*,*,#8327,.F.);
#5995=CARTESIAN_POINT('',(1.82,3.43,-3.655));
#5996=DIRECTION('',(1.0,0.0,0.0));
#5997=DIRECTION('',(0.0,1.0,0.0));
#5998=ORIENTED_EDGE('',*,*,#8323,.F.);
#5999=ORIENTED_EDGE('',*,*,#8328,.F.);
#6000=ORIENTED_EDGE('',*,*,#8329,.F.);
#6001=ORIENTED_EDGE('',*,*,#8330,.T.);
#6002=ORIENTED_EDGE('',*,*,#8331,.F.);
#6003=ORIENTED_EDGE('',*,*,#8301,.F.);
#6004=CARTESIAN_POINT('',(1.82,-0.32,-3.655));
#6005=DIRECTION('',(0.0,-1.0,0.0));
#6006=DIRECTION('',(0.0,0.0,-1.0));
#6007=ORIENTED_EDGE('',*,*,#8331,.T.);
#6008=ORIENTED_EDGE('',*,*,#8332,.T.);
#6009=ORIENTED_EDGE('',*,*,#8316,.F.);
#6010=ORIENTED_EDGE('',*,*,#8302,.F.);
#6011=CARTESIAN_POINT('',(1.82,-0.32,-4.955));
#6012=DIRECTION('',(0.0,0.0,-1.0));
#6013=DIRECTION('',(0.0,-1.0,0.0));
#6014=ORIENTED_EDGE('',*,*,#8317,.F.);
#6015=ORIENTED_EDGE('',*,*,#8332,.F.);
#6016=ORIENTED_EDGE('',*,*,#8330,.F.);
#6017=ORIENTED_EDGE('',*,*,#7509,.T.);
#6018=CARTESIAN_POINT('',(1.18,0.0,0.0));
#6019=DIRECTION('',(1.0,0.0,0.0));
#6020=DIRECTION('',(0.0,1.0,0.0));
#6021=ORIENTED_EDGE('',*,*,#8333,.F.);
#6022=ORIENTED_EDGE('',*,*,#7862,.F.);
#6023=ORIENTED_EDGE('',*,*,#8334,.F.);
#6024=ORIENTED_EDGE('',*,*,#8335,.T.);
#6025=CARTESIAN_POINT('',(1.18,0.0,0.0));
#6026=DIRECTION('',(1.0,0.0,0.0));
#6027=DIRECTION('',(0.0,1.0,0.0));
#6028=ORIENTED_EDGE('',*,*,#8336,.F.);
#6029=ORIENTED_EDGE('',*,*,#7871,.F.);
#6030=ORIENTED_EDGE('',*,*,#8337,.F.);
#6031=ORIENTED_EDGE('',*,*,#8338,.T.);
#6032=CARTESIAN_POINT('',(1.18,0.0,0.0));
#6033=DIRECTION('',(1.0,0.0,0.0));
#6034=DIRECTION('',(0.0,1.0,0.0));
#6035=ORIENTED_EDGE('',*,*,#8339,.F.);
#6036=ORIENTED_EDGE('',*,*,#8340,.F.);
#6037=ORIENTED_EDGE('',*,*,#7507,.T.);
#6038=ORIENTED_EDGE('',*,*,#8341,.F.);
#6039=ORIENTED_EDGE('',*,*,#8342,.F.);
#6040=ORIENTED_EDGE('',*,*,#8343,.T.);
#6041=CARTESIAN_POINT('',(1.18,0.0,0.0));
#6042=DIRECTION('',(1.0,0.0,0.0));
#6043=DIRECTION('',(0.0,1.0,0.0));
#6044=ORIENTED_EDGE('',*,*,#7664,.F.);
#6045=ORIENTED_EDGE('',*,*,#7554,.F.);
#6046=ORIENTED_EDGE('',*,*,#8344,.T.);
#6047=ORIENTED_EDGE('',*,*,#8205,.T.);
#6048=CARTESIAN_POINT('',(1.18,0.0,0.0));
#6049=DIRECTION('',(1.0,0.0,0.0));
#6050=DIRECTION('',(0.0,1.0,0.0));
#6051=ORIENTED_EDGE('',*,*,#8345,.F.);
#6052=ORIENTED_EDGE('',*,*,#8346,.T.);
#6053=ORIENTED_EDGE('',*,*,#8347,.F.);
#6054=ORIENTED_EDGE('',*,*,#8335,.F.);
#6055=CARTESIAN_POINT('',(1.27,1.5,2.055));
#6056=DIRECTION('',(-0.984183323973689,0.0,0.177152998315298));
#6057=DIRECTION('',(0.0,1.0,0.0));
#6058=ORIENTED_EDGE('',*,*,#8348,.T.);
#6059=ORIENTED_EDGE('',*,*,#8347,.T.);
#6060=ORIENTED_EDGE('',*,*,#8349,.F.);
#6061=ORIENTED_EDGE('',*,*,#8350,.T.);
#6062=CARTESIAN_POINT('',(1.5,1.73,2.055));
#6063=DIRECTION('',(0.0,0.984183323973689,0.177152998315298));
#6064=DIRECTION('',(1.0,0.0,-0.0));
#6065=ORIENTED_EDGE('',*,*,#8351,.F.);
#6066=ORIENTED_EDGE('',*,*,#8306,.F.);
#6067=ORIENTED_EDGE('',*,*,#8350,.F.);
#6068=ORIENTED_EDGE('',*,*,#8352,.T.);
#6069=CARTESIAN_POINT('',(1.73,1.5,2.055));
#6070=DIRECTION('',(0.984183323973689,0.0,0.177152998315298));
#6071=DIRECTION('',(0.0,-1.0,0.0));
#6072=ORIENTED_EDGE('',*,*,#8352,.F.);
#6073=ORIENTED_EDGE('',*,*,#8349,.T.);
#6074=ORIENTED_EDGE('',*,*,#8346,.F.);
#6075=ORIENTED_EDGE('',*,*,#8353,.F.);
#6076=CARTESIAN_POINT('',(1.82,1.82,2.555));
#6077=DIRECTION('',(0.0,0.0,1.0));
#6078=DIRECTION('',(1.0,0.0,0.0));
#6079=ORIENTED_EDGE('',*,*,#8345,.T.);
#6080=ORIENTED_EDGE('',*,*,#8354,.F.);
#6081=ORIENTED_EDGE('',*,*,#8351,.T.);
#6082=ORIENTED_EDGE('',*,*,#8353,.T.);
#6083=CARTESIAN_POINT('',(1.5,1.27,2.055));
#6084=DIRECTION('',(0.0,-0.984183323973689,0.177152998315298));
#6085=DIRECTION('',(-1.0,0.0,0.0));
#6086=ORIENTED_EDGE('',*,*,#8334,.T.);
#6087=ORIENTED_EDGE('',*,*,#7861,.T.);
#6088=ORIENTED_EDGE('',*,*,#8304,.F.);
#6089=ORIENTED_EDGE('',*,*,#8354,.T.);
#6090=CARTESIAN_POINT('',(1.82,1.18,2.555));
#6091=DIRECTION('',(0.0,-1.0,0.0));
#6092=DIRECTION('',(0.0,0.0,-1.0));
#6093=ORIENTED_EDGE('',*,*,#8305,.F.);
#6094=ORIENTED_EDGE('',*,*,#7863,.F.);
#6095=ORIENTED_EDGE('',*,*,#8333,.T.);
#6096=ORIENTED_EDGE('',*,*,#8348,.F.);
#6097=CARTESIAN_POINT('',(1.82,1.82,-3.655));
#6098=DIRECTION('',(-0.0,1.0,0.0));
#6099=DIRECTION('',(1.0,0.0,0.0));
#6100=ORIENTED_EDGE('',*,*,#8355,.F.);
#6101=ORIENTED_EDGE('',*,*,#8356,.T.);
#6102=ORIENTED_EDGE('',*,*,#8357,.T.);
#6103=ORIENTED_EDGE('',*,*,#8338,.F.);
#6104=CARTESIAN_POINT('',(1.27,-1.5,2.055));
#6105=DIRECTION('',(-0.984183323973689,0.0,0.177152998315298));
#6106=DIRECTION('',(0.0,1.0,0.0));
#6107=ORIENTED_EDGE('',*,*,#8357,.F.);
#6108=ORIENTED_EDGE('',*,*,#8358,.F.);
#6109=ORIENTED_EDGE('',*,*,#8359,.T.);
#6110=ORIENTED_EDGE('',*,*,#8360,.T.);
#6111=CARTESIAN_POINT('',(1.5,-1.27,2.055));
#6112=DIRECTION('',(0.0,0.984183323973689,0.177152998315298));
#6113=DIRECTION('',(1.0,0.0,-0.0));
#6114=ORIENTED_EDGE('',*,*,#8361,.T.);
#6115=ORIENTED_EDGE('',*,*,#8321,.T.);
#6116=ORIENTED_EDGE('',*,*,#7511,.T.);
#6117=ORIENTED_EDGE('',*,*,#8362,.F.);
#6118=CARTESIAN_POINT('',(1.82,-1.18,-4.285));
#6119=DIRECTION('',(-0.0,1.0,0.0));
#6120=DIRECTION('',(1.0,0.0,0.0));
#6121=ORIENTED_EDGE('',*,*,#8308,.F.);
#6122=ORIENTED_EDGE('',*,*,#7872,.F.);
#6123=ORIENTED_EDGE('',*,*,#8336,.T.);
#6124=ORIENTED_EDGE('',*,*,#8360,.F.);
#6125=CARTESIAN_POINT('',(1.82,-1.18,-4.285));
#6126=DIRECTION('',(-0.0,1.0,0.0));
#6127=DIRECTION('',(1.0,0.0,0.0));
#6128=ORIENTED_EDGE('',*,*,#7663,.F.);
#6129=ORIENTED_EDGE('',*,*,#7384,.F.);
#6130=ORIENTED_EDGE('',*,*,#7442,.T.);
#6131=ORIENTED_EDGE('',*,*,#7555,.F.);
#6132=CARTESIAN_POINT('',(1.18,3.43,-4.955));
#6133=DIRECTION('',(-1.0,0.0,0.0));
#6134=DIRECTION('',(0.0,0.0,1.0));
#6135=ORIENTED_EDGE('',*,*,#8329,.T.);
#6136=ORIENTED_EDGE('',*,*,#8363,.T.);
#6137=ORIENTED_EDGE('',*,*,#8362,.T.);
#6138=ORIENTED_EDGE('',*,*,#7510,.T.);
#6139=CARTESIAN_POINT('',(1.18,3.43,-4.955));
#6140=DIRECTION('',(-1.0,0.0,0.0));
#6141=DIRECTION('',(0.0,0.0,1.0));
#6142=ORIENTED_EDGE('',*,*,#8364,.F.);
#6143=ORIENTED_EDGE('',*,*,#7506,.T.);
#6144=ORIENTED_EDGE('',*,*,#7641,.T.);
#6145=ORIENTED_EDGE('',*,*,#7388,.T.);
#6146=ORIENTED_EDGE('',*,*,#8076,.T.);
#6147=ORIENTED_EDGE('',*,*,#8365,.T.);
#6148=CARTESIAN_POINT('',(1.18,3.43,-4.955));
#6149=DIRECTION('',(-1.0,0.0,0.0));
#6150=DIRECTION('',(0.0,0.0,1.0));
#6151=ORIENTED_EDGE('',*,*,#8318,.F.);
#6152=ORIENTED_EDGE('',*,*,#7508,.T.);
#6153=ORIENTED_EDGE('',*,*,#8366,.T.);
#6154=ORIENTED_EDGE('',*,*,#8367,.T.);
#6155=CARTESIAN_POINT('',(1.18,3.43,-4.955));
#6156=DIRECTION('',(-1.0,0.0,0.0));
#6157=DIRECTION('',(0.0,0.0,1.0));
#6158=ORIENTED_EDGE('',*,*,#8075,.T.);
#6159=ORIENTED_EDGE('',*,*,#8325,.T.);
#6160=ORIENTED_EDGE('',*,*,#8368,.F.);
#6161=ORIENTED_EDGE('',*,*,#8365,.F.);
#6162=CARTESIAN_POINT('',(1.18,3.43,-3.655));
#6163=DIRECTION('',(0.0,0.0,1.0));
#6164=DIRECTION('',(1.0,0.0,0.0));
#6165=ORIENTED_EDGE('',*,*,#8369,.T.);
#6166=ORIENTED_EDGE('',*,*,#8327,.T.);
#6167=ORIENTED_EDGE('',*,*,#8319,.F.);
#6168=ORIENTED_EDGE('',*,*,#8367,.F.);
#6169=CARTESIAN_POINT('',(1.18,3.43,-3.655));
#6170=DIRECTION('',(0.0,0.0,1.0));
#6171=DIRECTION('',(1.0,0.0,0.0));
#6172=ORIENTED_EDGE('',*,*,#8322,.T.);
#6173=ORIENTED_EDGE('',*,*,#8361,.F.);
#6174=ORIENTED_EDGE('',*,*,#8363,.F.);
#6175=ORIENTED_EDGE('',*,*,#8328,.T.);
#6176=CARTESIAN_POINT('',(1.18,3.43,-3.655));
#6177=DIRECTION('',(0.0,0.0,1.0));
#6178=DIRECTION('',(1.0,0.0,0.0));
#6179=ORIENTED_EDGE('',*,*,#8368,.T.);
#6180=ORIENTED_EDGE('',*,*,#8324,.T.);
#6181=ORIENTED_EDGE('',*,*,#8311,.F.);
#6182=ORIENTED_EDGE('',*,*,#8370,.T.);
#6183=ORIENTED_EDGE('',*,*,#8341,.T.);
#6184=ORIENTED_EDGE('',*,*,#8364,.T.);
#6185=CARTESIAN_POINT('',(1.82,1.589,-7.285));
#6186=DIRECTION('',(-0.0,1.0,0.0));
#6187=DIRECTION('',(1.0,0.0,0.0));
#6188=ORIENTED_EDGE('',*,*,#8342,.T.);
#6189=ORIENTED_EDGE('',*,*,#8370,.F.);
#6190=ORIENTED_EDGE('',*,*,#8310,.F.);
#6191=ORIENTED_EDGE('',*,*,#8371,.T.);
#6192=CARTESIAN_POINT('',(1.82,-7.12,-7.285));
#6193=DIRECTION('',(0.0,0.0,-1.0));
#6194=DIRECTION('',(0.0,-1.0,0.0));
#6195=ORIENTED_EDGE('',*,*,#8372,.T.);
#6196=ORIENTED_EDGE('',*,*,#8371,.F.);
#6197=ORIENTED_EDGE('',*,*,#8373,.T.);
#6198=ORIENTED_EDGE('',*,*,#8374,.T.);
#6199=CARTESIAN_POINT('',(1.5,-6.62,-7.195));
#6200=DIRECTION('',(0.0,-0.177152998315298,-0.984183323973689));
#6201=DIRECTION('',(0.0,-0.984183323973689,0.177152998315298));
#6202=ORIENTED_EDGE('',*,*,#8375,.F.);
#6203=ORIENTED_EDGE('',*,*,#8376,.T.);
#6204=ORIENTED_EDGE('',*,*,#8377,.F.);
#6205=ORIENTED_EDGE('',*,*,#8374,.F.);
#6206=CARTESIAN_POINT('',(1.82,-7.12,-6.645));
#6207=DIRECTION('',(0.0,-1.0,0.0));
#6208=DIRECTION('',(0.0,0.0,-1.0));
#6209=ORIENTED_EDGE('',*,*,#8372,.F.);
#6210=ORIENTED_EDGE('',*,*,#8377,.T.);
#6211=ORIENTED_EDGE('',*,*,#8378,.T.);
#6212=ORIENTED_EDGE('',*,*,#8343,.F.);
#6213=CARTESIAN_POINT('',(1.27,-6.62,-6.965));
#6214=DIRECTION('',(-0.984183323973689,-0.177152998315298,0.0));
#6215=DIRECTION('',(-0.177152998315298,0.984183323973689,0.0));
#6216=ORIENTED_EDGE('',*,*,#8378,.F.);
#6217=ORIENTED_EDGE('',*,*,#8376,.F.);
#6218=ORIENTED_EDGE('',*,*,#8379,.T.);
#6219=ORIENTED_EDGE('',*,*,#8380,.T.);
#6220=CARTESIAN_POINT('',(1.5,-6.62,-6.735));
#6221=DIRECTION('',(0.0,-0.177152998315298,0.984183323973689));
#6222=DIRECTION('',(-1.0,0.0,0.0));
#6223=ORIENTED_EDGE('',*,*,#8313,.F.);
#6224=ORIENTED_EDGE('',*,*,#8381,.T.);
#6225=ORIENTED_EDGE('',*,*,#8339,.T.);
#6226=ORIENTED_EDGE('',*,*,#8380,.F.);
#6227=CARTESIAN_POINT('',(1.82,0.949,-6.645));
#6228=DIRECTION('',(0.0,0.0,1.0));
#6229=DIRECTION('',(1.0,0.0,0.0));
#6230=ORIENTED_EDGE('',*,*,#8340,.T.);
#6231=ORIENTED_EDGE('',*,*,#8381,.F.);
#6232=ORIENTED_EDGE('',*,*,#8312,.F.);
#6233=ORIENTED_EDGE('',*,*,#8326,.F.);
#6234=ORIENTED_EDGE('',*,*,#8369,.F.);
#6235=ORIENTED_EDGE('',*,*,#8366,.F.);
#6236=CARTESIAN_POINT('',(1.82,0.949,-3.655));
#6237=DIRECTION('',(0.0,-1.0,0.0));
#6238=DIRECTION('',(0.0,0.0,-1.0));
#6239=ORIENTED_EDGE('',*,*,#8373,.F.);
#6240=ORIENTED_EDGE('',*,*,#8314,.F.);
#6241=ORIENTED_EDGE('',*,*,#8379,.F.);
#6242=ORIENTED_EDGE('',*,*,#8375,.T.);
#6243=CARTESIAN_POINT('',(1.73,-6.62,-6.965));
#6244=DIRECTION('',(0.984183323973689,-0.177152998315298,0.0));
#6245=DIRECTION('',(0.0,0.0,-1.0));
#6246=ORIENTED_EDGE('',*,*,#8382,.F.);
#6247=ORIENTED_EDGE('',*,*,#8309,.F.);
#6248=ORIENTED_EDGE('',*,*,#8359,.F.);
#6249=ORIENTED_EDGE('',*,*,#8383,.T.);
#6250=CARTESIAN_POINT('',(1.73,-1.5,2.055));
#6251=DIRECTION('',(0.984183323973689,0.0,0.177152998315298));
#6252=DIRECTION('',(0.0,-1.0,0.0));
#6253=ORIENTED_EDGE('',*,*,#8383,.F.);
#6254=ORIENTED_EDGE('',*,*,#8358,.T.);
#6255=ORIENTED_EDGE('',*,*,#8356,.F.);
#6256=ORIENTED_EDGE('',*,*,#8384,.F.);
#6257=CARTESIAN_POINT('',(1.82,-1.18,2.555));
#6258=DIRECTION('',(0.0,0.0,1.0));
#6259=DIRECTION('',(1.0,0.0,0.0));
#6260=ORIENTED_EDGE('',*,*,#8355,.T.);
#6261=ORIENTED_EDGE('',*,*,#8385,.F.);
#6262=ORIENTED_EDGE('',*,*,#8382,.T.);
#6263=ORIENTED_EDGE('',*,*,#8384,.T.);
#6264=CARTESIAN_POINT('',(1.5,-1.73,2.055));
#6265=DIRECTION('',(0.0,-0.984183323973689,0.177152998315298));
#6266=DIRECTION('',(-1.0,0.0,0.0));
#6267=ORIENTED_EDGE('',*,*,#8337,.T.);
#6268=ORIENTED_EDGE('',*,*,#7870,.T.);
#6269=ORIENTED_EDGE('',*,*,#8307,.F.);
#6270=ORIENTED_EDGE('',*,*,#8385,.T.);
#6271=CARTESIAN_POINT('',(1.82,-1.82,2.555));
#6272=DIRECTION('',(0.0,-1.0,0.0));
#6273=DIRECTION('',(0.0,0.0,-1.0));
#6274=ORIENTED_EDGE('',*,*,#8344,.F.);
#6275=ORIENTED_EDGE('',*,*,#8386,.F.);
#6276=ORIENTED_EDGE('',*,*,#8387,.T.);
#6277=ORIENTED_EDGE('',*,*,#8388,.T.);
#6278=ORIENTED_EDGE('',*,*,#8206,.F.);
#6279=CARTESIAN_POINT('',(1.27,-6.62,-3.965));
#6280=DIRECTION('',(-0.984183323973689,-0.177152998315298,0.0));
#6281=DIRECTION('',(-0.177152998315298,0.984183323973689,0.0));
#6282=ORIENTED_EDGE('',*,*,#8388,.F.);
#6283=ORIENTED_EDGE('',*,*,#8389,.F.);
#6284=ORIENTED_EDGE('',*,*,#8390,.T.);
#6285=ORIENTED_EDGE('',*,*,#8207,.T.);
#6286=CARTESIAN_POINT('',(1.5,-6.62,-3.735));
#6287=DIRECTION('',(0.0,-0.177152998315298,0.984183323973689));
#6288=DIRECTION('',(-1.0,0.0,0.0));
#6289=ORIENTED_EDGE('',*,*,#8390,.F.);
#6290=ORIENTED_EDGE('',*,*,#8391,.T.);
#6291=ORIENTED_EDGE('',*,*,#8392,.F.);
#6292=ORIENTED_EDGE('',*,*,#8315,.F.);
#6293=ORIENTED_EDGE('',*,*,#8208,.T.);
#6294=CARTESIAN_POINT('',(1.73,-6.62,-3.965));
#6295=DIRECTION('',(0.984183323973689,-0.177152998315298,0.0));
#6296=DIRECTION('',(0.0,0.0,-1.0));
#6297=ORIENTED_EDGE('',*,*,#8393,.T.);
#6298=ORIENTED_EDGE('',*,*,#8386,.T.);
#6299=ORIENTED_EDGE('',*,*,#7553,.F.);
#6300=ORIENTED_EDGE('',*,*,#8392,.T.);
#6301=CARTESIAN_POINT('',(1.5,-6.62,-4.195));
#6302=DIRECTION('',(0.0,-0.177152998315298,-0.984183323973689));
#6303=DIRECTION('',(0.0,-0.984183323973689,0.177152998315298));
#6304=ORIENTED_EDGE('',*,*,#8393,.F.);
#6305=ORIENTED_EDGE('',*,*,#8391,.F.);
#6306=ORIENTED_EDGE('',*,*,#8389,.T.);
#6307=ORIENTED_EDGE('',*,*,#8387,.F.);
#6308=CARTESIAN_POINT('',(1.82,-7.12,-3.645));
#6309=DIRECTION('',(0.0,-1.0,0.0));
#6310=DIRECTION('',(0.0,0.0,-1.0));
#6311=ORIENTED_EDGE('',*,*,#8394,.F.);
#6312=ORIENTED_EDGE('',*,*,#8395,.T.);
#6313=ORIENTED_EDGE('',*,*,#8396,.F.);
#6314=ORIENTED_EDGE('',*,*,#8149,.F.);
#6315=ORIENTED_EDGE('',*,*,#8212,.T.);
#6316=CARTESIAN_POINT('',(-1.27,-6.62,-3.965));
#6317=DIRECTION('',(0.984183323973689,-0.177152998315298,0.0));
#6318=DIRECTION('',(0.0,0.0,-1.0));
#6319=ORIENTED_EDGE('',*,*,#8397,.T.);
#6320=ORIENTED_EDGE('',*,*,#8398,.T.);
#6321=ORIENTED_EDGE('',*,*,#7558,.F.);
#6322=ORIENTED_EDGE('',*,*,#8396,.T.);
#6323=CARTESIAN_POINT('',(-1.5,-6.62,-4.195));
#6324=DIRECTION('',(0.0,-0.177152998315298,-0.984183323973689));
#6325=DIRECTION('',(0.0,-0.984183323973689,0.177152998315298));
#6326=ORIENTED_EDGE('',*,*,#8168,.F.);
#6327=ORIENTED_EDGE('',*,*,#8398,.F.);
#6328=ORIENTED_EDGE('',*,*,#8399,.T.);
#6329=ORIENTED_EDGE('',*,*,#8400,.T.);
#6330=ORIENTED_EDGE('',*,*,#8210,.F.);
#6331=CARTESIAN_POINT('',(-1.73,-6.62,-3.965));
#6332=DIRECTION('',(-0.984183323973689,-0.177152998315298,0.0));
#6333=DIRECTION('',(-0.177152998315298,0.984183323973689,0.0));
#6334=ORIENTED_EDGE('',*,*,#8400,.F.);
#6335=ORIENTED_EDGE('',*,*,#8401,.F.);
#6336=ORIENTED_EDGE('',*,*,#8394,.T.);
#6337=ORIENTED_EDGE('',*,*,#8211,.T.);
#6338=CARTESIAN_POINT('',(-1.5,-6.62,-3.735));
#6339=DIRECTION('',(0.0,-0.177152998315298,0.984183323973689));
#6340=DIRECTION('',(-1.0,0.0,0.0));
#6341=ORIENTED_EDGE('',*,*,#8397,.F.);
#6342=ORIENTED_EDGE('',*,*,#8395,.F.);
#6343=ORIENTED_EDGE('',*,*,#8401,.T.);
#6344=ORIENTED_EDGE('',*,*,#8399,.F.);
#6345=CARTESIAN_POINT('',(-1.18,-7.12,-3.645));
#6346=DIRECTION('',(0.0,-1.0,0.0));
#6347=DIRECTION('',(0.0,0.0,-1.0));
#6348=ORIENTED_EDGE('',*,*,#8402,.F.);
#6349=ORIENTED_EDGE('',*,*,#8403,.T.);
#6350=ORIENTED_EDGE('',*,*,#8404,.F.);
#6351=ORIENTED_EDGE('',*,*,#7775,.F.);
#6352=ORIENTED_EDGE('',*,*,#8215,.T.);
#6353=CARTESIAN_POINT('',(-4.27,-6.62,-3.965));
#6354=DIRECTION('',(0.984183323973689,-0.177152998315298,0.0));
#6355=DIRECTION('',(0.0,0.0,-1.0));
#6356=ORIENTED_EDGE('',*,*,#8405,.T.);
#6357=ORIENTED_EDGE('',*,*,#8406,.T.);
#6358=ORIENTED_EDGE('',*,*,#7563,.F.);
#6359=ORIENTED_EDGE('',*,*,#8404,.T.);
#6360=CARTESIAN_POINT('',(-4.5,-6.62,-4.195));
#6361=DIRECTION('',(0.0,-0.177152998315298,-0.984183323973689));
#6362=DIRECTION('',(0.0,-0.984183323973689,0.177152998315298));
#6363=ORIENTED_EDGE('',*,*,#7808,.F.);
#6364=ORIENTED_EDGE('',*,*,#8406,.F.);
#6365=ORIENTED_EDGE('',*,*,#8407,.T.);
#6366=ORIENTED_EDGE('',*,*,#8408,.T.);
#6367=ORIENTED_EDGE('',*,*,#8213,.F.);
#6368=CARTESIAN_POINT('',(-4.73,-6.62,-3.965));
#6369=DIRECTION('',(-0.984183323973689,-0.177152998315298,0.0));
#6370=DIRECTION('',(-0.177152998315298,0.984183323973689,0.0));
#6371=ORIENTED_EDGE('',*,*,#8408,.F.);
#6372=ORIENTED_EDGE('',*,*,#8409,.F.);
#6373=ORIENTED_EDGE('',*,*,#8402,.T.);
#6374=ORIENTED_EDGE('',*,*,#8214,.T.);
#6375=CARTESIAN_POINT('',(-4.5,-6.62,-3.735));
#6376=DIRECTION('',(0.0,-0.177152998315298,0.984183323973689));
#6377=DIRECTION('',(-1.0,0.0,0.0));
#6378=ORIENTED_EDGE('',*,*,#8405,.F.);
#6379=ORIENTED_EDGE('',*,*,#8403,.F.);
#6380=ORIENTED_EDGE('',*,*,#8409,.T.);
#6381=ORIENTED_EDGE('',*,*,#8407,.F.);
#6382=CARTESIAN_POINT('',(-4.18,-7.12,-3.645));
#6383=DIRECTION('',(0.0,-1.0,0.0));
#6384=DIRECTION('',(0.0,0.0,-1.0));
#6385=ORIENTED_EDGE('',*,*,#8071,.F.);
#6386=ORIENTED_EDGE('',*,*,#8410,.F.);
#6387=ORIENTED_EDGE('',*,*,#7335,.F.);
#6388=ORIENTED_EDGE('',*,*,#7363,.F.);
#6389=CARTESIAN_POINT('',(9.325,3.43,-3.205));
#6390=DIRECTION('',(1.0,0.0,0.0));
#6391=DIRECTION('',(0.0,1.0,0.0));
#6392=ORIENTED_EDGE('',*,*,#8410,.T.);
#6393=ORIENTED_EDGE('',*,*,#8070,.F.);
#6394=ORIENTED_EDGE('',*,*,#7353,.F.);
#6395=ORIENTED_EDGE('',*,*,#7336,.T.);
#6396=CARTESIAN_POINT('',(-9.325,3.43,-3.205));
#6397=DIRECTION('',(0.0,0.0,1.0));
#6398=DIRECTION('',(1.0,0.0,0.0));
#6399=ORIENTED_EDGE('',*,*,#8058,.T.);
#6400=ORIENTED_EDGE('',*,*,#7423,.T.);
#6401=ORIENTED_EDGE('',*,*,#8047,.F.);
#6402=ORIENTED_EDGE('',*,*,#8411,.T.);
#6403=ORIENTED_EDGE('',*,*,#8412,.T.);
#6404=ORIENTED_EDGE('',*,*,#8065,.T.);
#6405=CARTESIAN_POINT('',(7.82,1.589,-7.285));
#6406=DIRECTION('',(-0.0,1.0,0.0));
#6407=DIRECTION('',(1.0,0.0,0.0));
#6408=ORIENTED_EDGE('',*,*,#8054,.F.);
#6409=ORIENTED_EDGE('',*,*,#8413,.F.);
#6410=ORIENTED_EDGE('',*,*,#8414,.F.);
#6411=ORIENTED_EDGE('',*,*,#7533,.T.);
#6412=CARTESIAN_POINT('',(7.18,0.0,0.0));
#6413=DIRECTION('',(1.0,0.0,0.0));
#6414=DIRECTION('',(0.0,1.0,0.0));
#6415=ORIENTED_EDGE('',*,*,#8415,.F.);
#6416=ORIENTED_EDGE('',*,*,#7827,.F.);
#6417=ORIENTED_EDGE('',*,*,#8416,.F.);
#6418=ORIENTED_EDGE('',*,*,#8417,.T.);
#6419=CARTESIAN_POINT('',(7.18,0.0,0.0));
#6420=DIRECTION('',(1.0,0.0,0.0));
#6421=DIRECTION('',(0.0,1.0,0.0));
#6422=ORIENTED_EDGE('',*,*,#8418,.F.);
#6423=ORIENTED_EDGE('',*,*,#7836,.F.);
#6424=ORIENTED_EDGE('',*,*,#8419,.F.);
#6425=ORIENTED_EDGE('',*,*,#8420,.T.);
#6426=CARTESIAN_POINT('',(7.18,0.0,0.0));
#6427=DIRECTION('',(1.0,0.0,0.0));
#6428=DIRECTION('',(0.0,1.0,0.0));
#6429=ORIENTED_EDGE('',*,*,#8421,.F.);
#6430=ORIENTED_EDGE('',*,*,#8422,.F.);
#6431=ORIENTED_EDGE('',*,*,#7531,.T.);
#6432=ORIENTED_EDGE('',*,*,#8412,.F.);
#6433=ORIENTED_EDGE('',*,*,#8423,.F.);
#6434=ORIENTED_EDGE('',*,*,#8424,.T.);
#6435=CARTESIAN_POINT('',(7.18,0.0,0.0));
#6436=DIRECTION('',(1.0,0.0,0.0));
#6437=DIRECTION('',(0.0,1.0,0.0));
#6438=ORIENTED_EDGE('',*,*,#8425,.F.);
#6439=ORIENTED_EDGE('',*,*,#7673,.F.);
#6440=ORIENTED_EDGE('',*,*,#7544,.F.);
#6441=ORIENTED_EDGE('',*,*,#8426,.T.);
#6442=CARTESIAN_POINT('',(7.18,0.0,0.0));
#6443=DIRECTION('',(1.0,0.0,0.0));
#6444=DIRECTION('',(0.0,1.0,0.0));
#6445=ORIENTED_EDGE('',*,*,#7431,.F.);
#6446=ORIENTED_EDGE('',*,*,#8064,.F.);
#6447=ORIENTED_EDGE('',*,*,#8068,.F.);
#6448=ORIENTED_EDGE('',*,*,#8414,.T.);
#6449=ORIENTED_EDGE('',*,*,#8427,.F.);
#6450=ORIENTED_EDGE('',*,*,#8037,.F.);
#6451=CARTESIAN_POINT('',(7.82,-0.32,-3.655));
#6452=DIRECTION('',(0.0,-1.0,0.0));
#6453=DIRECTION('',(0.0,0.0,-1.0));
#6454=ORIENTED_EDGE('',*,*,#8427,.T.);
#6455=ORIENTED_EDGE('',*,*,#8413,.T.);
#6456=ORIENTED_EDGE('',*,*,#8053,.F.);
#6457=ORIENTED_EDGE('',*,*,#8038,.F.);
#6458=CARTESIAN_POINT('',(7.82,-0.32,-4.955));
#6459=DIRECTION('',(0.0,0.0,-1.0));
#6460=DIRECTION('',(0.0,-1.0,0.0));
#6461=ORIENTED_EDGE('',*,*,#8428,.F.);
#6462=ORIENTED_EDGE('',*,*,#8429,.T.);
#6463=ORIENTED_EDGE('',*,*,#8430,.F.);
#6464=ORIENTED_EDGE('',*,*,#8417,.F.);
#6465=CARTESIAN_POINT('',(7.27,1.5,2.055));
#6466=DIRECTION('',(-0.984183323973689,0.0,0.177152998315298));
#6467=DIRECTION('',(0.0,1.0,0.0));
#6468=ORIENTED_EDGE('',*,*,#8431,.T.);
#6469=ORIENTED_EDGE('',*,*,#8430,.T.);
#6470=ORIENTED_EDGE('',*,*,#8432,.F.);
#6471=ORIENTED_EDGE('',*,*,#8433,.T.);
#6472=CARTESIAN_POINT('',(7.5,1.73,2.055));
#6473=DIRECTION('',(0.0,0.984183323973689,0.177152998315298));
#6474=DIRECTION('',(1.0,0.0,-0.0));
#6475=ORIENTED_EDGE('',*,*,#8434,.F.);
#6476=ORIENTED_EDGE('',*,*,#8042,.F.);
#6477=ORIENTED_EDGE('',*,*,#8433,.F.);
#6478=ORIENTED_EDGE('',*,*,#8435,.T.);
#6479=CARTESIAN_POINT('',(7.73,1.5,2.055));
#6480=DIRECTION('',(0.984183323973689,0.0,0.177152998315298));
#6481=DIRECTION('',(0.0,-1.0,0.0));
#6482=ORIENTED_EDGE('',*,*,#8435,.F.);
#6483=ORIENTED_EDGE('',*,*,#8432,.T.);
#6484=ORIENTED_EDGE('',*,*,#8429,.F.);
#6485=ORIENTED_EDGE('',*,*,#8436,.F.);
#6486=CARTESIAN_POINT('',(7.82,1.82,2.555));
#6487=DIRECTION('',(0.0,0.0,1.0));
#6488=DIRECTION('',(1.0,0.0,0.0));
#6489=ORIENTED_EDGE('',*,*,#8428,.T.);
#6490=ORIENTED_EDGE('',*,*,#8437,.F.);
#6491=ORIENTED_EDGE('',*,*,#8434,.T.);
#6492=ORIENTED_EDGE('',*,*,#8436,.T.);
#6493=CARTESIAN_POINT('',(7.5,1.27,2.055));
#6494=DIRECTION('',(0.0,-0.984183323973689,0.177152998315298));
#6495=DIRECTION('',(-1.0,0.0,0.0));
#6496=ORIENTED_EDGE('',*,*,#8416,.T.);
#6497=ORIENTED_EDGE('',*,*,#7826,.T.);
#6498=ORIENTED_EDGE('',*,*,#8040,.F.);
#6499=ORIENTED_EDGE('',*,*,#8437,.T.);
#6500=CARTESIAN_POINT('',(7.82,1.18,2.555));
#6501=DIRECTION('',(0.0,-1.0,0.0));
#6502=DIRECTION('',(0.0,0.0,-1.0));
#6503=ORIENTED_EDGE('',*,*,#8041,.F.);
#6504=ORIENTED_EDGE('',*,*,#7828,.F.);
#6505=ORIENTED_EDGE('',*,*,#8415,.T.);
#6506=ORIENTED_EDGE('',*,*,#8431,.F.);
#6507=CARTESIAN_POINT('',(7.82,1.82,-3.655));
#6508=DIRECTION('',(-0.0,1.0,0.0));
#6509=DIRECTION('',(1.0,0.0,0.0));
#6510=ORIENTED_EDGE('',*,*,#8438,.F.);
#6511=ORIENTED_EDGE('',*,*,#8439,.T.);
#6512=ORIENTED_EDGE('',*,*,#8440,.T.);
#6513=ORIENTED_EDGE('',*,*,#8420,.F.);
#6514=CARTESIAN_POINT('',(7.27,-1.5,2.055));
#6515=DIRECTION('',(-0.984183323973689,0.0,0.177152998315298));
#6516=DIRECTION('',(0.0,1.0,0.0));
#6517=ORIENTED_EDGE('',*,*,#8440,.F.);
#6518=ORIENTED_EDGE('',*,*,#8441,.F.);
#6519=ORIENTED_EDGE('',*,*,#8442,.T.);
#6520=ORIENTED_EDGE('',*,*,#8443,.T.);
#6521=CARTESIAN_POINT('',(7.5,-1.27,2.055));
#6522=DIRECTION('',(0.0,0.984183323973689,0.177152998315298));
#6523=DIRECTION('',(1.0,0.0,-0.0));
#6524=ORIENTED_EDGE('',*,*,#8062,.T.);
#6525=ORIENTED_EDGE('',*,*,#7429,.T.);
#6526=ORIENTED_EDGE('',*,*,#7535,.T.);
#6527=ORIENTED_EDGE('',*,*,#8069,.F.);
#6528=CARTESIAN_POINT('',(7.82,-1.18,-4.285));
#6529=DIRECTION('',(-0.0,1.0,0.0));
#6530=DIRECTION('',(1.0,0.0,0.0));
#6531=ORIENTED_EDGE('',*,*,#8044,.F.);
#6532=ORIENTED_EDGE('',*,*,#7837,.F.);
#6533=ORIENTED_EDGE('',*,*,#8418,.T.);
#6534=ORIENTED_EDGE('',*,*,#8443,.F.);
#6535=CARTESIAN_POINT('',(7.82,-1.18,-4.285));
#6536=DIRECTION('',(-0.0,1.0,0.0));
#6537=DIRECTION('',(1.0,0.0,0.0));
#6538=ORIENTED_EDGE('',*,*,#8444,.F.);
#6539=ORIENTED_EDGE('',*,*,#8045,.F.);
#6540=ORIENTED_EDGE('',*,*,#8442,.F.);
#6541=ORIENTED_EDGE('',*,*,#8445,.T.);
#6542=CARTESIAN_POINT('',(7.73,-1.5,2.055));
#6543=DIRECTION('',(0.984183323973689,0.0,0.177152998315298));
#6544=DIRECTION('',(0.0,-1.0,0.0));
#6545=ORIENTED_EDGE('',*,*,#8445,.F.);
#6546=ORIENTED_EDGE('',*,*,#8441,.T.);
#6547=ORIENTED_EDGE('',*,*,#8439,.F.);
#6548=ORIENTED_EDGE('',*,*,#8446,.F.);
#6549=CARTESIAN_POINT('',(7.82,-1.18,2.555));
#6550=DIRECTION('',(0.0,0.0,1.0));
#6551=DIRECTION('',(1.0,0.0,0.0));
#6552=ORIENTED_EDGE('',*,*,#8438,.T.);
#6553=ORIENTED_EDGE('',*,*,#8447,.F.);
#6554=ORIENTED_EDGE('',*,*,#8444,.T.);
#6555=ORIENTED_EDGE('',*,*,#8446,.T.);
#6556=CARTESIAN_POINT('',(7.5,-1.73,2.055));
#6557=DIRECTION('',(0.0,-0.984183323973689,0.177152998315298));
#6558=DIRECTION('',(-1.0,0.0,0.0));
#6559=ORIENTED_EDGE('',*,*,#8419,.T.);
#6560=ORIENTED_EDGE('',*,*,#7835,.T.);
#6561=ORIENTED_EDGE('',*,*,#8043,.F.);
#6562=ORIENTED_EDGE('',*,*,#8447,.T.);
#6563=CARTESIAN_POINT('',(7.82,-1.82,2.555));
#6564=DIRECTION('',(0.0,-1.0,0.0));
#6565=DIRECTION('',(0.0,0.0,-1.0));
#6566=ORIENTED_EDGE('',*,*,#8448,.F.);
#6567=ORIENTED_EDGE('',*,*,#8449,.T.);
#6568=ORIENTED_EDGE('',*,*,#8450,.T.);
#6569=ORIENTED_EDGE('',*,*,#8424,.F.);
#6570=CARTESIAN_POINT('',(7.27,-6.62,-6.965));
#6571=DIRECTION('',(-0.984183323973689,-0.177152998315298,0.0));
#6572=DIRECTION('',(-0.177152998315298,0.984183323973689,0.0));
#6573=ORIENTED_EDGE('',*,*,#8450,.F.);
#6574=ORIENTED_EDGE('',*,*,#8451,.F.);
#6575=ORIENTED_EDGE('',*,*,#8452,.T.);
#6576=ORIENTED_EDGE('',*,*,#8453,.T.);
#6577=CARTESIAN_POINT('',(7.5,-6.62,-6.735));
#6578=DIRECTION('',(0.0,-0.177152998315298,0.984183323973689));
#6579=DIRECTION('',(-1.0,0.0,0.0));
#6580=ORIENTED_EDGE('',*,*,#8049,.F.);
#6581=ORIENTED_EDGE('',*,*,#8454,.T.);
#6582=ORIENTED_EDGE('',*,*,#8421,.T.);
#6583=ORIENTED_EDGE('',*,*,#8453,.F.);
#6584=CARTESIAN_POINT('',(7.82,0.949,-6.645));
#6585=DIRECTION('',(0.0,0.0,1.0));
#6586=DIRECTION('',(1.0,0.0,0.0));
#6587=ORIENTED_EDGE('',*,*,#8422,.T.);
#6588=ORIENTED_EDGE('',*,*,#8454,.F.);
#6589=ORIENTED_EDGE('',*,*,#8048,.F.);
#6590=ORIENTED_EDGE('',*,*,#7425,.F.);
#6591=ORIENTED_EDGE('',*,*,#8060,.F.);
#6592=ORIENTED_EDGE('',*,*,#8067,.F.);
#6593=CARTESIAN_POINT('',(7.82,0.949,-3.655));
#6594=DIRECTION('',(0.0,-1.0,0.0));
#6595=DIRECTION('',(0.0,0.0,-1.0));
#6596=ORIENTED_EDGE('',*,*,#8455,.F.);
#6597=ORIENTED_EDGE('',*,*,#8050,.F.);
#6598=ORIENTED_EDGE('',*,*,#8452,.F.);
#6599=ORIENTED_EDGE('',*,*,#8456,.T.);
#6600=CARTESIAN_POINT('',(7.73,-6.62,-6.965));
#6601=DIRECTION('',(0.984183323973689,-0.177152998315298,0.0));
#6602=DIRECTION('',(0.0,0.0,-1.0));
#6603=ORIENTED_EDGE('',*,*,#8456,.F.);
#6604=ORIENTED_EDGE('',*,*,#8451,.T.);
#6605=ORIENTED_EDGE('',*,*,#8449,.F.);
#6606=ORIENTED_EDGE('',*,*,#8457,.F.);
#6607=CARTESIAN_POINT('',(7.82,-7.12,-6.645));
#6608=DIRECTION('',(0.0,-1.0,0.0));
#6609=DIRECTION('',(0.0,0.0,-1.0));
#6610=ORIENTED_EDGE('',*,*,#8448,.T.);
#6611=ORIENTED_EDGE('',*,*,#8458,.F.);
#6612=ORIENTED_EDGE('',*,*,#8455,.T.);
#6613=ORIENTED_EDGE('',*,*,#8457,.T.);
#6614=CARTESIAN_POINT('',(7.5,-6.62,-7.195));
#6615=DIRECTION('',(0.0,-0.177152998315298,-0.984183323973689));
#6616=DIRECTION('',(0.0,-0.984183323973689,0.177152998315298));
#6617=ORIENTED_EDGE('',*,*,#8423,.T.);
#6618=ORIENTED_EDGE('',*,*,#8411,.F.);
#6619=ORIENTED_EDGE('',*,*,#8046,.F.);
#6620=ORIENTED_EDGE('',*,*,#8458,.T.);
#6621=CARTESIAN_POINT('',(7.82,-7.12,-7.285));
#6622=DIRECTION('',(0.0,0.0,-1.0));
#6623=DIRECTION('',(0.0,-1.0,0.0));
#6624=ORIENTED_EDGE('',*,*,#8459,.F.);
#6625=ORIENTED_EDGE('',*,*,#8460,.T.);
#6626=ORIENTED_EDGE('',*,*,#8461,.T.);
#6627=ORIENTED_EDGE('',*,*,#8426,.F.);
#6628=CARTESIAN_POINT('',(7.27,-6.62,-3.965));
#6629=DIRECTION('',(-0.984183323973689,-0.177152998315298,0.0));
#6630=DIRECTION('',(-0.177152998315298,0.984183323973689,0.0));
#6631=ORIENTED_EDGE('',*,*,#8461,.F.);
#6632=ORIENTED_EDGE('',*,*,#8462,.F.);
#6633=ORIENTED_EDGE('',*,*,#8463,.T.);
#6634=ORIENTED_EDGE('',*,*,#8464,.T.);
#6635=CARTESIAN_POINT('',(7.5,-6.62,-3.735));
#6636=DIRECTION('',(0.0,-0.177152998315298,0.984183323973689));
#6637=DIRECTION('',(-1.0,0.0,0.0));
#6638=ORIENTED_EDGE('',*,*,#8051,.F.);
#6639=ORIENTED_EDGE('',*,*,#7674,.T.);
#6640=ORIENTED_EDGE('',*,*,#8425,.T.);
#6641=ORIENTED_EDGE('',*,*,#8464,.F.);
#6642=CARTESIAN_POINT('',(7.82,-1.82,-3.645));
#6643=DIRECTION('',(0.0,0.0,1.0));
#6644=DIRECTION('',(1.0,0.0,0.0));
#6645=ORIENTED_EDGE('',*,*,#8465,.F.);
#6646=ORIENTED_EDGE('',*,*,#8052,.F.);
#6647=ORIENTED_EDGE('',*,*,#8463,.F.);
#6648=ORIENTED_EDGE('',*,*,#8466,.T.);
#6649=CARTESIAN_POINT('',(7.73,-6.62,-3.965));
#6650=DIRECTION('',(0.984183323973689,-0.177152998315298,0.0));
#6651=DIRECTION('',(0.0,0.0,-1.0));
#6652=ORIENTED_EDGE('',*,*,#8467,.F.);
#6653=ORIENTED_EDGE('',*,*,#8466,.F.);
#6654=ORIENTED_EDGE('',*,*,#8462,.T.);
#6655=ORIENTED_EDGE('',*,*,#8460,.F.);
#6656=CARTESIAN_POINT('',(7.82,-7.12,-3.645));
#6657=DIRECTION('',(0.0,-1.0,0.0));
#6658=DIRECTION('',(0.0,0.0,-1.0));
#6659=ORIENTED_EDGE('',*,*,#8467,.T.);
#6660=ORIENTED_EDGE('',*,*,#8459,.T.);
#6661=ORIENTED_EDGE('',*,*,#7543,.F.);
#6662=ORIENTED_EDGE('',*,*,#8465,.T.);
#6663=CARTESIAN_POINT('',(7.5,-6.62,-4.195));
#6664=DIRECTION('',(0.0,-0.177152998315298,-0.984183323973689));
#6665=DIRECTION('',(0.0,-0.984183323973689,0.177152998315298));
#6666=ORIENTED_EDGE('',*,*,#7764,.F.);
#6667=ORIENTED_EDGE('',*,*,#7904,.F.);
#6668=ORIENTED_EDGE('',*,*,#7795,.T.);
#6669=ORIENTED_EDGE('',*,*,#7813,.F.);
#6670=CARTESIAN_POINT('',(-4.18,1.82,-3.655));
#6671=DIRECTION('',(-0.0,1.0,0.0));
#6672=DIRECTION('',(1.0,0.0,0.0));
#6673=ORIENTED_EDGE('',*,*,#7631,.T.);
#6674=ORIENTED_EDGE('',*,*,#7636,.T.);
#6675=ORIENTED_EDGE('',*,*,#7475,.T.);
#6676=ORIENTED_EDGE('',*,*,#7601,.F.);
#6677=CARTESIAN_POINT('',(-7.18,-1.18,-4.285));
#6678=DIRECTION('',(-0.0,1.0,0.0));
#6679=DIRECTION('',(1.0,0.0,0.0));
#6680=ORIENTED_EDGE('',*,*,#7577,.F.);
#6681=ORIENTED_EDGE('',*,*,#7911,.F.);
#6682=ORIENTED_EDGE('',*,*,#7612,.T.);
#6683=ORIENTED_EDGE('',*,*,#8468,.F.);
#6684=CARTESIAN_POINT('',(-7.18,-1.18,-4.285));
#6685=DIRECTION('',(-0.0,1.0,0.0));
#6686=DIRECTION('',(1.0,0.0,0.0));
#6687=ORIENTED_EDGE('',*,*,#8468,.T.);
#6688=ORIENTED_EDGE('',*,*,#8469,.F.);
#6689=ORIENTED_EDGE('',*,*,#8470,.F.);
#6690=ORIENTED_EDGE('',*,*,#8471,.T.);
#6691=CARTESIAN_POINT('',(-7.5,-1.27,2.055));
#6692=DIRECTION('',(0.0,0.984183323973689,0.177152998315298));
#6693=DIRECTION('',(1.0,0.0,-0.0));
#6694=ORIENTED_EDGE('',*,*,#8472,.T.);
#6695=ORIENTED_EDGE('',*,*,#8473,.F.);
#6696=ORIENTED_EDGE('',*,*,#7578,.F.);
#6697=ORIENTED_EDGE('',*,*,#8471,.F.);
#6698=CARTESIAN_POINT('',(-7.27,-1.5,2.055));
#6699=DIRECTION('',(0.984183323973689,0.0,0.177152998315298));
#6700=DIRECTION('',(0.0,-1.0,0.0));
#6701=ORIENTED_EDGE('',*,*,#8474,.T.);
#6702=ORIENTED_EDGE('',*,*,#8475,.T.);
#6703=ORIENTED_EDGE('',*,*,#8476,.F.);
#6704=ORIENTED_EDGE('',*,*,#8473,.T.);
#6705=CARTESIAN_POINT('',(-7.5,-1.73,2.055));
#6706=DIRECTION('',(0.0,-0.984183323973689,0.177152998315298));
#6707=DIRECTION('',(-1.0,0.0,0.0));
#6708=ORIENTED_EDGE('',*,*,#7614,.T.);
#6709=ORIENTED_EDGE('',*,*,#7910,.T.);
#6710=ORIENTED_EDGE('',*,*,#7575,.F.);
#6711=ORIENTED_EDGE('',*,*,#8476,.T.);
#6712=CARTESIAN_POINT('',(-7.18,-1.82,2.555));
#6713=DIRECTION('',(0.0,-1.0,0.0));
#6714=DIRECTION('',(0.0,0.0,-1.0));
#6715=ORIENTED_EDGE('',*,*,#7615,.F.);
#6716=ORIENTED_EDGE('',*,*,#8475,.F.);
#6717=ORIENTED_EDGE('',*,*,#8477,.T.);
#6718=ORIENTED_EDGE('',*,*,#8469,.T.);
#6719=CARTESIAN_POINT('',(-7.73,-1.5,2.055));
#6720=DIRECTION('',(-0.984183323973689,0.0,0.177152998315298));
#6721=DIRECTION('',(0.0,1.0,0.0));
#6722=ORIENTED_EDGE('',*,*,#8472,.F.);
#6723=ORIENTED_EDGE('',*,*,#8470,.T.);
#6724=ORIENTED_EDGE('',*,*,#8477,.F.);
#6725=ORIENTED_EDGE('',*,*,#8474,.F.);
#6726=CARTESIAN_POINT('',(-7.18,-1.18,2.555));
#6727=DIRECTION('',(0.0,0.0,1.0));
#6728=DIRECTION('',(1.0,0.0,0.0));
#6729=ORIENTED_EDGE('',*,*,#7573,.F.);
#6730=ORIENTED_EDGE('',*,*,#7918,.F.);
#6731=ORIENTED_EDGE('',*,*,#7608,.T.);
#6732=ORIENTED_EDGE('',*,*,#8478,.F.);
#6733=CARTESIAN_POINT('',(-7.18,1.82,-3.655));
#6734=DIRECTION('',(-0.0,1.0,0.0));
#6735=DIRECTION('',(1.0,0.0,0.0));
#6736=ORIENTED_EDGE('',*,*,#8478,.T.);
#6737=ORIENTED_EDGE('',*,*,#8479,.F.);
#6738=ORIENTED_EDGE('',*,*,#8480,.F.);
#6739=ORIENTED_EDGE('',*,*,#8481,.T.);
#6740=CARTESIAN_POINT('',(-7.5,1.73,2.055));
#6741=DIRECTION('',(0.0,0.984183323973689,0.177152998315298));
#6742=DIRECTION('',(1.0,0.0,-0.0));
#6743=ORIENTED_EDGE('',*,*,#8482,.T.);
#6744=ORIENTED_EDGE('',*,*,#8483,.F.);
#6745=ORIENTED_EDGE('',*,*,#7574,.F.);
#6746=ORIENTED_EDGE('',*,*,#8481,.F.);
#6747=CARTESIAN_POINT('',(-7.27,1.5,2.055));
#6748=DIRECTION('',(0.984183323973689,0.0,0.177152998315298));
#6749=DIRECTION('',(0.0,-1.0,0.0));
#6750=ORIENTED_EDGE('',*,*,#8484,.T.);
#6751=ORIENTED_EDGE('',*,*,#8485,.T.);
#6752=ORIENTED_EDGE('',*,*,#8486,.F.);
#6753=ORIENTED_EDGE('',*,*,#8483,.T.);
#6754=CARTESIAN_POINT('',(-7.5,1.27,2.055));
#6755=DIRECTION('',(0.0,-0.984183323973689,0.177152998315298));
#6756=DIRECTION('',(-1.0,0.0,0.0));
#6757=ORIENTED_EDGE('',*,*,#7610,.T.);
#6758=ORIENTED_EDGE('',*,*,#7917,.T.);
#6759=ORIENTED_EDGE('',*,*,#7571,.F.);
#6760=ORIENTED_EDGE('',*,*,#8486,.T.);
#6761=CARTESIAN_POINT('',(-7.18,1.18,2.555));
#6762=DIRECTION('',(0.0,-1.0,0.0));
#6763=DIRECTION('',(0.0,0.0,-1.0));
#6764=ORIENTED_EDGE('',*,*,#8487,.T.);
#6765=ORIENTED_EDGE('',*,*,#8479,.T.);
#6766=ORIENTED_EDGE('',*,*,#7611,.F.);
#6767=ORIENTED_EDGE('',*,*,#8485,.F.);
#6768=CARTESIAN_POINT('',(-7.73,1.5,2.055));
#6769=DIRECTION('',(-0.984183323973689,0.0,0.177152998315298));
#6770=DIRECTION('',(0.0,1.0,0.0));
#6771=ORIENTED_EDGE('',*,*,#8482,.F.);
#6772=ORIENTED_EDGE('',*,*,#8480,.T.);
#6773=ORIENTED_EDGE('',*,*,#8487,.F.);
#6774=ORIENTED_EDGE('',*,*,#8484,.F.);
#6775=CARTESIAN_POINT('',(-7.18,1.82,2.555));
#6776=DIRECTION('',(0.0,0.0,1.0));
#6777=DIRECTION('',(1.0,0.0,0.0));
#6778=ORIENTED_EDGE('',*,*,#7585,.F.);
#6779=ORIENTED_EDGE('',*,*,#7682,.F.);
#6780=ORIENTED_EDGE('',*,*,#7620,.T.);
#6781=ORIENTED_EDGE('',*,*,#8488,.F.);
#6782=CARTESIAN_POINT('',(-7.18,-1.82,-3.645));
#6783=DIRECTION('',(0.0,0.0,1.0));
#6784=DIRECTION('',(1.0,0.0,0.0));
#6785=ORIENTED_EDGE('',*,*,#8488,.T.);
#6786=ORIENTED_EDGE('',*,*,#8489,.F.);
#6787=ORIENTED_EDGE('',*,*,#8490,.F.);
#6788=ORIENTED_EDGE('',*,*,#8491,.T.);
#6789=CARTESIAN_POINT('',(-7.5,-6.62,-3.735));
#6790=DIRECTION('',(0.0,-0.177152998315298,0.984183323973689));
#6791=DIRECTION('',(-1.0,0.0,0.0));
#6792=ORIENTED_EDGE('',*,*,#8492,.T.);
#6793=ORIENTED_EDGE('',*,*,#8493,.T.);
#6794=ORIENTED_EDGE('',*,*,#7586,.F.);
#6795=ORIENTED_EDGE('',*,*,#8491,.F.);
#6796=CARTESIAN_POINT('',(-7.27,-6.62,-3.965));
#6797=DIRECTION('',(0.984183323973689,-0.177152998315298,0.0));
#6798=DIRECTION('',(0.0,0.0,-1.0));
#6799=ORIENTED_EDGE('',*,*,#8494,.T.);
#6800=ORIENTED_EDGE('',*,*,#8495,.T.);
#6801=ORIENTED_EDGE('',*,*,#7461,.F.);
#6802=ORIENTED_EDGE('',*,*,#8493,.F.);
#6803=CARTESIAN_POINT('',(-7.5,-6.62,-4.195));
#6804=DIRECTION('',(0.0,-0.177152998315298,-0.984183323973689));
#6805=DIRECTION('',(0.0,-0.984183323973689,0.177152998315298));
#6806=ORIENTED_EDGE('',*,*,#7622,.F.);
#6807=ORIENTED_EDGE('',*,*,#8495,.F.);
#6808=ORIENTED_EDGE('',*,*,#8496,.T.);
#6809=ORIENTED_EDGE('',*,*,#8489,.T.);
#6810=CARTESIAN_POINT('',(-7.73,-6.62,-3.965));
#6811=DIRECTION('',(-0.984183323973689,-0.177152998315298,0.0));
#6812=DIRECTION('',(-0.177152998315298,0.984183323973689,0.0));
#6813=ORIENTED_EDGE('',*,*,#8494,.F.);
#6814=ORIENTED_EDGE('',*,*,#8492,.F.);
#6815=ORIENTED_EDGE('',*,*,#8490,.T.);
#6816=ORIENTED_EDGE('',*,*,#8496,.F.);
#6817=CARTESIAN_POINT('',(-7.18,-7.12,-3.645));
#6818=DIRECTION('',(0.0,-1.0,0.0));
#6819=DIRECTION('',(0.0,0.0,-1.0));
#6820=ORIENTED_EDGE('',*,*,#8497,.T.);
#6821=ORIENTED_EDGE('',*,*,#7400,.T.);
#6822=ORIENTED_EDGE('',*,*,#7681,.F.);
#6823=ORIENTED_EDGE('',*,*,#8498,.F.);
#6824=CARTESIAN_POINT('',(-9.825,-3.43,-3.355));
#6825=DIRECTION('',(-1.0,0.0,0.0));
#6826=DIRECTION('',(0.0,0.0,1.0));
#6827=ORIENTED_EDGE('',*,*,#8499,.T.);
#6828=ORIENTED_EDGE('',*,*,#7458,.F.);
#6829=ORIENTED_EDGE('',*,*,#7332,.F.);
#6830=ORIENTED_EDGE('',*,*,#7294,.F.);
#6831=ORIENTED_EDGE('',*,*,#8500,.T.);
#6832=ORIENTED_EDGE('',*,*,#8501,.F.);
#6833=CARTESIAN_POINT('',(-10.825,-3.43,-3.355));
#6834=DIRECTION('',(0.0,0.0,1.0));
#6835=DIRECTION('',(1.0,0.0,0.0));
#6836=ORIENTED_EDGE('',*,*,#8502,.T.);
#6837=ORIENTED_EDGE('',*,*,#7217,.T.);
#6838=ORIENTED_EDGE('',*,*,#7330,.F.);
#6839=ORIENTED_EDGE('',*,*,#8503,.T.);
#6840=ORIENTED_EDGE('',*,*,#8504,.T.);
#6841=ORIENTED_EDGE('',*,*,#8498,.T.);
#6842=ORIENTED_EDGE('',*,*,#7680,.F.);
#6843=CARTESIAN_POINT('',(-10.825,-3.43,-3.355));
#6844=DIRECTION('',(0.0,0.0,1.0));
#6845=DIRECTION('',(1.0,0.0,0.0));
#6846=ORIENTED_EDGE('',*,*,#7676,.T.);
#6847=ORIENTED_EDGE('',*,*,#7359,.F.);
#6848=ORIENTED_EDGE('',*,*,#8505,.F.);
#6849=ORIENTED_EDGE('',*,*,#8501,.T.);
#6850=CARTESIAN_POINT('',(9.805,-3.94,-3.355));
#6851=DIRECTION('',(1.0,0.0,0.0));
#6852=DIRECTION('',(0.0,1.0,0.0));
#6853=ORIENTED_EDGE('',*,*,#7358,.F.);
#6854=ORIENTED_EDGE('',*,*,#7459,.F.);
#6855=ORIENTED_EDGE('',*,*,#8499,.F.);
#6856=ORIENTED_EDGE('',*,*,#8505,.T.);
#6857=CARTESIAN_POINT('',(-10.825,-3.94,-3.355));
#6858=DIRECTION('',(0.0,-1.0,0.0));
#6859=DIRECTION('',(0.0,0.0,-1.0));
#6860=ORIENTED_EDGE('',*,*,#8504,.F.);
#6861=ORIENTED_EDGE('',*,*,#8506,.F.);
#6862=ORIENTED_EDGE('',*,*,#7401,.F.);
#6863=ORIENTED_EDGE('',*,*,#8497,.F.);
#6864=CARTESIAN_POINT('',(-10.825,-3.94,-3.355));
#6865=DIRECTION('',(0.0,-1.0,0.0));
#6866=DIRECTION('',(0.0,0.0,-1.0));
#6867=ORIENTED_EDGE('',*,*,#7447,.F.);
#6868=ORIENTED_EDGE('',*,*,#7402,.T.);
#6869=ORIENTED_EDGE('',*,*,#8506,.T.);
#6870=ORIENTED_EDGE('',*,*,#8503,.F.);
#6871=ORIENTED_EDGE('',*,*,#7329,.F.);
#6872=ORIENTED_EDGE('',*,*,#7406,.T.);
#6873=ORIENTED_EDGE('',*,*,#7645,.T.);
#6874=ORIENTED_EDGE('',*,*,#7468,.F.);
#6875=ORIENTED_EDGE('',*,*,#8507,.T.);
#6876=ORIENTED_EDGE('',*,*,#8508,.T.);
#6877=ORIENTED_EDGE('',*,*,#8509,.T.);
#6878=ORIENTED_EDGE('',*,*,#7464,.F.);
#6879=CARTESIAN_POINT('',(-11.075,3.43,-4.955));
#6880=DIRECTION('',(-1.0,0.0,0.0));
#6881=DIRECTION('',(0.0,0.0,1.0));
#6882=ORIENTED_EDGE('',*,*,#8509,.F.);
#6883=ORIENTED_EDGE('',*,*,#8510,.T.);
#6884=ORIENTED_EDGE('',*,*,#8511,.T.);
#6885=ORIENTED_EDGE('',*,*,#7465,.T.);
#6886=CARTESIAN_POINT('',(-11.075,-1.0,-3.685));
#6887=DIRECTION('',(-0.0,1.0,0.0));
#6888=DIRECTION('',(1.0,0.0,0.0));
#6889=ORIENTED_EDGE('',*,*,#8511,.F.);
#6890=ORIENTED_EDGE('',*,*,#8512,.F.);
#6891=ORIENTED_EDGE('',*,*,#8513,.F.);
#6892=ORIENTED_EDGE('',*,*,#7466,.F.);
#6893=CARTESIAN_POINT('',(-9.825,0.0,0.0));
#6894=DIRECTION('',(1.0,0.0,0.0));
#6895=DIRECTION('',(0.0,1.0,0.0));
#6896=ORIENTED_EDGE('',*,*,#8513,.T.);
#6897=ORIENTED_EDGE('',*,*,#8514,.F.);
#6898=ORIENTED_EDGE('',*,*,#8507,.F.);
#6899=ORIENTED_EDGE('',*,*,#7467,.T.);
#6900=CARTESIAN_POINT('',(-11.075,1.0,-4.285));
#6901=DIRECTION('',(0.0,-1.0,0.0));
#6902=DIRECTION('',(0.0,0.0,-1.0));
#6903=ORIENTED_EDGE('',*,*,#8512,.T.);
#6904=ORIENTED_EDGE('',*,*,#8510,.F.);
#6905=ORIENTED_EDGE('',*,*,#8508,.F.);
#6906=ORIENTED_EDGE('',*,*,#8514,.T.);
#6907=CARTESIAN_POINT('',(-11.075,1.0,-3.685));
#6908=DIRECTION('',(0.0,0.0,-1.0));
#6909=DIRECTION('',(0.0,-1.0,0.0));
#6910=ORIENTED_EDGE('',*,*,#7293,.F.);
#6911=ORIENTED_EDGE('',*,*,#7320,.T.);
#6912=ORIENTED_EDGE('',*,*,#7677,.T.);
#6913=ORIENTED_EDGE('',*,*,#8500,.F.);
#6914=CARTESIAN_POINT('',(10.825,-3.05,4.955));
#6915=DIRECTION('',(-0.349109023172922,0.937082114832659,0.0));
#6916=DIRECTION('',(0.0,0.0,1.0));
#6917=ORIENTED_EDGE('',*,*,#7679,.F.);
#6918=ORIENTED_EDGE('',*,*,#7325,.T.);
#6919=ORIENTED_EDGE('',*,*,#7218,.T.);
#6920=ORIENTED_EDGE('',*,*,#8502,.F.);
#6921=CARTESIAN_POINT('',(-9.805,-3.43,4.955));
#6922=DIRECTION('',(0.349109023172922,0.937082114832659,0.0));
#6923=DIRECTION('',(0.0,0.0,-1.0));
#6924=ORIENTED_EDGE('',*,*,#7617,.T.);
#6925=ORIENTED_EDGE('',*,*,#8515,.F.);
#6926=ORIENTED_EDGE('',*,*,#7581,.F.);
#6927=ORIENTED_EDGE('',*,*,#7634,.F.);
#6928=ORIENTED_EDGE('',*,*,#7629,.F.);
#6929=ORIENTED_EDGE('',*,*,#7597,.F.);
#6930=CARTESIAN_POINT('',(-7.18,0.949,-3.655));
#6931=DIRECTION('',(0.0,-1.0,0.0));
#6932=DIRECTION('',(0.0,0.0,-1.0));
#6933=ORIENTED_EDGE('',*,*,#7582,.F.);
#6934=ORIENTED_EDGE('',*,*,#8515,.T.);
#6935=ORIENTED_EDGE('',*,*,#7616,.T.);
#6936=ORIENTED_EDGE('',*,*,#8516,.F.);
#6937=CARTESIAN_POINT('',(-7.18,0.949,-6.645));
#6938=DIRECTION('',(0.0,0.0,1.0));
#6939=DIRECTION('',(1.0,0.0,0.0));
#6940=ORIENTED_EDGE('',*,*,#8516,.T.);
#6941=ORIENTED_EDGE('',*,*,#8517,.F.);
#6942=ORIENTED_EDGE('',*,*,#8518,.F.);
#6943=ORIENTED_EDGE('',*,*,#8519,.T.);
#6944=CARTESIAN_POINT('',(-7.5,-6.62,-6.735));
#6945=DIRECTION('',(0.0,-0.177152998315298,0.984183323973689));
#6946=DIRECTION('',(-1.0,0.0,0.0));
#6947=ORIENTED_EDGE('',*,*,#8520,.T.);
#6948=ORIENTED_EDGE('',*,*,#8521,.F.);
#6949=ORIENTED_EDGE('',*,*,#7583,.F.);
#6950=ORIENTED_EDGE('',*,*,#8519,.F.);
#6951=CARTESIAN_POINT('',(-7.27,-6.62,-6.965));
#6952=DIRECTION('',(0.984183323973689,-0.177152998315298,0.0));
#6953=DIRECTION('',(0.0,0.0,-1.0));
#6954=ORIENTED_EDGE('',*,*,#8522,.T.);
#6955=ORIENTED_EDGE('',*,*,#8523,.T.);
#6956=ORIENTED_EDGE('',*,*,#8524,.F.);
#6957=ORIENTED_EDGE('',*,*,#8521,.T.);
#6958=CARTESIAN_POINT('',(-7.5,-6.62,-7.195));
#6959=DIRECTION('',(0.0,-0.177152998315298,-0.984183323973689));
#6960=DIRECTION('',(0.0,-0.984183323973689,0.177152998315298));
#6961=ORIENTED_EDGE('',*,*,#7618,.T.);
#6962=ORIENTED_EDGE('',*,*,#7604,.F.);
#6963=ORIENTED_EDGE('',*,*,#7579,.F.);
#6964=ORIENTED_EDGE('',*,*,#8524,.T.);
#6965=CARTESIAN_POINT('',(-7.18,-7.12,-7.285));
#6966=DIRECTION('',(0.0,0.0,-1.0));
#6967=DIRECTION('',(0.0,-1.0,0.0));
#6968=ORIENTED_EDGE('',*,*,#7619,.F.);
#6969=ORIENTED_EDGE('',*,*,#8523,.F.);
#6970=ORIENTED_EDGE('',*,*,#8525,.T.);
#6971=ORIENTED_EDGE('',*,*,#8517,.T.);
#6972=CARTESIAN_POINT('',(-7.73,-6.62,-6.965));
#6973=DIRECTION('',(-0.984183323973689,-0.177152998315298,0.0));
#6974=DIRECTION('',(-0.177152998315298,0.984183323973689,0.0));
#6975=ORIENTED_EDGE('',*,*,#8520,.F.);
#6976=ORIENTED_EDGE('',*,*,#8518,.T.);
#6977=ORIENTED_EDGE('',*,*,#8525,.F.);
#6978=ORIENTED_EDGE('',*,*,#8522,.F.);
#6979=CARTESIAN_POINT('',(-7.18,-7.12,-6.645));
#6980=DIRECTION('',(0.0,-1.0,0.0));
#6981=DIRECTION('',(0.0,0.0,-1.0));
#6982=ORIENTED_EDGE('',*,*,#7623,.T.);
#6983=ORIENTED_EDGE('',*,*,#7606,.T.);
#6984=ORIENTED_EDGE('',*,*,#7589,.F.);
#6985=ORIENTED_EDGE('',*,*,#7569,.F.);
#6986=CARTESIAN_POINT('',(-7.18,-0.32,-4.955));
#6987=DIRECTION('',(0.0,0.0,-1.0));
#6988=DIRECTION('',(0.0,-1.0,0.0));
#6989=ORIENTED_EDGE('',*,*,#8526,.F.);
#6990=ORIENTED_EDGE('',*,*,#8527,.F.);
#6991=ORIENTED_EDGE('',*,*,#7453,.T.);
#6992=ORIENTED_EDGE('',*,*,#7541,.T.);
#6993=CARTESIAN_POINT('',(11.075,-1.0,-3.685));
#6994=DIRECTION('',(0.0,-1.0,0.0));
#6995=DIRECTION('',(0.0,0.0,-1.0));
#6996=ORIENTED_EDGE('',*,*,#7454,.T.);
#6997=ORIENTED_EDGE('',*,*,#8527,.T.);
#6998=ORIENTED_EDGE('',*,*,#8528,.F.);
#6999=ORIENTED_EDGE('',*,*,#8529,.F.);
#7000=CARTESIAN_POINT('',(11.075,1.0,-3.685));
#7001=DIRECTION('',(0.0,0.0,1.0));
#7002=DIRECTION('',(1.0,0.0,0.0));
#7003=ORIENTED_EDGE('',*,*,#7455,.T.);
#7004=ORIENTED_EDGE('',*,*,#8529,.T.);
#7005=ORIENTED_EDGE('',*,*,#8530,.F.);
#7006=ORIENTED_EDGE('',*,*,#7539,.T.);
#7007=CARTESIAN_POINT('',(11.075,1.0,-4.285));
#7008=DIRECTION('',(-0.0,1.0,0.0));
#7009=DIRECTION('',(1.0,0.0,0.0));
#7010=ORIENTED_EDGE('',*,*,#8528,.T.);
#7011=ORIENTED_EDGE('',*,*,#8526,.T.);
#7012=ORIENTED_EDGE('',*,*,#7540,.T.);
#7013=ORIENTED_EDGE('',*,*,#8530,.T.);
#7014=CARTESIAN_POINT('',(9.825,0.0,0.0));
#7015=DIRECTION('',(1.0,0.0,0.0));
#7016=DIRECTION('',(0.0,1.0,0.0));
#7017=ORIENTED_EDGE('',*,*,#7220,.F.);
#7018=ORIENTED_EDGE('',*,*,#7313,.F.);
#7019=ORIENTED_EDGE('',*,*,#7243,.F.);
#7020=ORIENTED_EDGE('',*,*,#7222,.T.);
#7021=CARTESIAN_POINT('',(-9.440485608557,2.68,3.305));
#7022=DIRECTION('',(0.0,0.0,-1.0));
#7023=DIRECTION('',(0.0,-1.0,0.0));
#7024=ORIENTED_EDGE('',*,*,#7247,.F.);
#7025=ORIENTED_EDGE('',*,*,#7321,.T.);
#7026=ORIENTED_EDGE('',*,*,#7214,.F.);
#7027=ORIENTED_EDGE('',*,*,#8531,.F.);
#7028=CARTESIAN_POINT('',(-9.440485608557,2.68,3.305));
#7029=DIRECTION('',(0.0,0.0,-1.0));
#7030=DIRECTION('',(0.0,-1.0,0.0));
#7031=ORIENTED_EDGE('',*,*,#8532,.T.);
#7032=ORIENTED_EDGE('',*,*,#7248,.T.);
#7033=ORIENTED_EDGE('',*,*,#8531,.T.);
#7034=ORIENTED_EDGE('',*,*,#7213,.T.);
#7035=CARTESIAN_POINT('',(-11.325,1.1,-0.195));
#7036=DIRECTION('',(0.0,-1.0,0.0));
#7037=DIRECTION('',(0.0,0.0,-1.0));
#7038=ORIENTED_EDGE('',*,*,#7240,.T.);
#7039=ORIENTED_EDGE('',*,*,#7249,.T.);
#7040=ORIENTED_EDGE('',*,*,#8532,.F.);
#7041=ORIENTED_EDGE('',*,*,#7212,.F.);
#7042=CARTESIAN_POINT('',(-11.325,0.575,-0.195));
#7043=DIRECTION('',(0.0,0.0,1.0));
#7044=DIRECTION('',(1.0,0.0,0.0));
#7045=ORIENTED_EDGE('',*,*,#7311,.T.);
#7046=ORIENTED_EDGE('',*,*,#7281,.F.);
#7047=ORIENTED_EDGE('',*,*,#8533,.F.);
#7048=ORIENTED_EDGE('',*,*,#7298,.F.);
#7049=CARTESIAN_POINT('',(11.325,1.1,-0.195));
#7050=DIRECTION('',(-0.0,1.0,0.0));
#7051=DIRECTION('',(1.0,0.0,0.0));
#7052=ORIENTED_EDGE('',*,*,#8533,.T.);
#7053=ORIENTED_EDGE('',*,*,#7280,.F.);
#7054=ORIENTED_EDGE('',*,*,#7264,.F.);
#7055=ORIENTED_EDGE('',*,*,#7299,.T.);
#7056=CARTESIAN_POINT('',(11.325,0.575,-0.195));
#7057=DIRECTION('',(0.0,0.0,-1.0));
#7058=DIRECTION('',(0.0,-1.0,0.0));
#7059=ORIENTED_EDGE('',*,*,#8534,.T.);
#7060=ORIENTED_EDGE('',*,*,#8535,.F.);
#7061=ORIENTED_EDGE('',*,*,#8536,.F.);
#7062=ORIENTED_EDGE('',*,*,#7307,.T.);
#7063=CARTESIAN_POINT('',(10.825,-2.2,1.605));
#7064=DIRECTION('',(-0.0,1.0,0.0));
#7065=DIRECTION('',(1.0,0.0,0.0));
#7066=ORIENTED_EDGE('',*,*,#8536,.T.);
#7067=ORIENTED_EDGE('',*,*,#8537,.F.);
#7068=ORIENTED_EDGE('',*,*,#8538,.F.);
#7069=ORIENTED_EDGE('',*,*,#7301,.T.);
#7070=CARTESIAN_POINT('',(10.825,-2.35,1.605));
#7071=DIRECTION('',(0.0,0.0,-1.0));
#7072=DIRECTION('',(0.0,-1.0,0.0));
#7073=ORIENTED_EDGE('',*,*,#8538,.T.);
#7074=ORIENTED_EDGE('',*,*,#8539,.F.);
#7075=ORIENTED_EDGE('',*,*,#8540,.F.);
#7076=ORIENTED_EDGE('',*,*,#7302,.T.);
#7077=CARTESIAN_POINT('',(10.825,-2.35,2.6007447052));
#7078=DIRECTION('',(0.0,-1.0,0.0));
#7079=DIRECTION('',(0.0,0.0,-1.0));
#7080=ORIENTED_EDGE('',*,*,#8540,.T.);
#7081=ORIENTED_EDGE('',*,*,#8541,.F.);
#7082=ORIENTED_EDGE('',*,*,#8542,.F.);
#7083=ORIENTED_EDGE('',*,*,#7303,.T.);
#7084=CARTESIAN_POINT('',(10.825,-2.5,2.422021250725));
#7085=DIRECTION('',(0.0,0.765974342782488,-0.64287114276419));
#7086=DIRECTION('',(-1.0,0.0,0.0));
#7087=ORIENTED_EDGE('',*,*,#8542,.T.);
#7088=ORIENTED_EDGE('',*,*,#8543,.F.);
#7089=ORIENTED_EDGE('',*,*,#8544,.F.);
#7090=ORIENTED_EDGE('',*,*,#7304,.T.);
#7091=CARTESIAN_POINT('',(10.825,-2.5,2.62627661705));
#7092=DIRECTION('',(0.0,-1.0,0.0));
#7093=DIRECTION('',(0.0,0.0,-1.0));
#7094=ORIENTED_EDGE('',*,*,#8544,.T.);
#7095=ORIENTED_EDGE('',*,*,#8545,.F.);
#7096=ORIENTED_EDGE('',*,*,#8546,.F.);
#7097=ORIENTED_EDGE('',*,*,#7305,.T.);
#7098=CARTESIAN_POINT('',(10.825,-2.35,2.805));
#7099=DIRECTION('',(0.0,-0.765974216092578,0.642871293713882));
#7100=DIRECTION('',(-1.0,0.0,0.0));
#7101=ORIENTED_EDGE('',*,*,#8546,.T.);
#7102=ORIENTED_EDGE('',*,*,#8547,.F.);
#7103=ORIENTED_EDGE('',*,*,#8534,.F.);
#7104=ORIENTED_EDGE('',*,*,#7306,.T.);
#7105=CARTESIAN_POINT('',(10.825,-2.2,2.805));
#7106=DIRECTION('',(0.0,0.0,1.0));
#7107=DIRECTION('',(1.0,0.0,0.0));
#7108=ORIENTED_EDGE('',*,*,#8547,.T.);
#7109=ORIENTED_EDGE('',*,*,#8545,.T.);
#7110=ORIENTED_EDGE('',*,*,#8543,.T.);
#7111=ORIENTED_EDGE('',*,*,#8541,.T.);
#7112=ORIENTED_EDGE('',*,*,#8539,.T.);
#7113=ORIENTED_EDGE('',*,*,#8537,.T.);
#7114=ORIENTED_EDGE('',*,*,#8535,.T.);
#7115=CARTESIAN_POINT('',(10.775,0.0,0.0));
#7116=DIRECTION('',(1.0,0.0,0.0));
#7117=DIRECTION('',(0.0,1.0,0.0));
#7118=ORIENTED_EDGE('',*,*,#8548,.T.);
#7119=ORIENTED_EDGE('',*,*,#7254,.F.);
#7120=ORIENTED_EDGE('',*,*,#7275,.F.);
#7121=ORIENTED_EDGE('',*,*,#7273,.T.);
#7122=CARTESIAN_POINT('',(9.840485608557,-0.4,-2.695));
#7123=DIRECTION('',(0.0,-1.0,0.0));
#7124=DIRECTION('',(0.0,0.0,-1.0));
#7125=ORIENTED_EDGE('',*,*,#8549,.T.);
#7126=ORIENTED_EDGE('',*,*,#7255,.F.);
#7127=ORIENTED_EDGE('',*,*,#8548,.F.);
#7128=ORIENTED_EDGE('',*,*,#7272,.T.);
#7129=CARTESIAN_POINT('',(10.14048560856,-0.4,-2.695));
#7130=DIRECTION('',(1.0,0.0,0.0));
#7131=DIRECTION('',(0.0,1.0,0.0));
#7132=ORIENTED_EDGE('',*,*,#8550,.T.);
#7133=ORIENTED_EDGE('',*,*,#7256,.F.);
#7134=ORIENTED_EDGE('',*,*,#8549,.F.);
#7135=ORIENTED_EDGE('',*,*,#7271,.T.);
#7136=CARTESIAN_POINT('',(10.14048560856,0.4,-2.695));
#7137=DIRECTION('',(-0.0,1.0,0.0));
#7138=DIRECTION('',(1.0,0.0,0.0));
#7139=ORIENTED_EDGE('',*,*,#7266,.T.);
#7140=ORIENTED_EDGE('',*,*,#7257,.F.);
#7141=ORIENTED_EDGE('',*,*,#8550,.F.);
#7142=ORIENTED_EDGE('',*,*,#7270,.F.);
#7143=CARTESIAN_POINT('',(9.840485608557,0.4,-2.695));
#7144=DIRECTION('',(1.0,0.0,0.0));
#7145=DIRECTION('',(0.0,1.0,0.0));
#7146=ORIENTED_EDGE('',*,*,#7229,.T.);
#7147=ORIENTED_EDGE('',*,*,#7262,.F.);
#7148=ORIENTED_EDGE('',*,*,#8551,.F.);
#7149=ORIENTED_EDGE('',*,*,#7232,.F.);
#7150=CARTESIAN_POINT('',(-9.840485608557,-0.4,-2.695));
#7151=DIRECTION('',(-1.0,0.0,0.0));
#7152=DIRECTION('',(0.0,0.0,1.0));
#7153=ORIENTED_EDGE('',*,*,#8551,.T.);
#7154=ORIENTED_EDGE('',*,*,#7261,.F.);
#7155=ORIENTED_EDGE('',*,*,#8552,.F.);
#7156=ORIENTED_EDGE('',*,*,#7233,.T.);
#7157=CARTESIAN_POINT('',(-10.14048560856,-0.4,-2.695));
#7158=DIRECTION('',(0.0,-1.0,0.0));
#7159=DIRECTION('',(0.0,0.0,-1.0));
#7160=ORIENTED_EDGE('',*,*,#8552,.T.);
#7161=ORIENTED_EDGE('',*,*,#7260,.F.);
#7162=ORIENTED_EDGE('',*,*,#8553,.F.);
#7163=ORIENTED_EDGE('',*,*,#7234,.T.);
#7164=CARTESIAN_POINT('',(-10.14048560856,0.4,-2.695));
#7165=DIRECTION('',(-1.0,0.0,0.0));
#7166=DIRECTION('',(0.0,0.0,1.0));
#7167=ORIENTED_EDGE('',*,*,#8553,.T.);
#7168=ORIENTED_EDGE('',*,*,#7259,.F.);
#7169=ORIENTED_EDGE('',*,*,#7237,.F.);
#7170=ORIENTED_EDGE('',*,*,#7235,.T.);
#7171=CARTESIAN_POINT('',(-9.840485608557,0.4,-2.695));
#7172=DIRECTION('',(-0.0,1.0,0.0));
#7173=DIRECTION('',(1.0,0.0,0.0));
#7174=AXIS2_PLACEMENT_3D('',#8554,#8555,#8556);
#7175=AXIS2_PLACEMENT_3D('',#8557,#8558,#8559);
#7176=AXIS2_PLACEMENT_3D('',#8560,#8561,#8562);
#7177=AXIS2_PLACEMENT_3D('',#8563,#8564,#8565);
#7178=AXIS2_PLACEMENT_3D('',#8566,#8567,#8568);
#7179=AXIS2_PLACEMENT_3D('',#8569,#8570,#8571);
#7180=AXIS2_PLACEMENT_3D('',#8572,#8573,#8574);
#7181=AXIS2_PLACEMENT_3D('',#8575,#8576,#8577);
#7182=AXIS2_PLACEMENT_3D('',#8578,#8579,#8580);
#7183=AXIS2_PLACEMENT_3D('',#8581,#8582,#8583);
#7184=AXIS2_PLACEMENT_3D('',#8584,#8585,#8586);
#7185=AXIS2_PLACEMENT_3D('',#8587,#8588,#8589);
#7186=AXIS2_PLACEMENT_3D('',#8590,#8591,#8592);
#7187=AXIS2_PLACEMENT_3D('',#8593,#8594,#8595);
#7188=AXIS2_PLACEMENT_3D('',#8596,#8597,#8598);
#7189=AXIS2_PLACEMENT_3D('',#8599,#8600,#8601);
#7190=AXIS2_PLACEMENT_3D('',#8602,#8603,#8604);
#7191=AXIS2_PLACEMENT_3D('',#8605,#8606,#8607);
#7192=AXIS2_PLACEMENT_3D('',#8608,#8609,#8610);
#7193=AXIS2_PLACEMENT_3D('',#8611,#8612,#8613);
#7194=AXIS2_PLACEMENT_3D('',#8614,#8615,#8616);
#7195=AXIS2_PLACEMENT_3D('',#8617,#8618,#8619);
#7196=AXIS2_PLACEMENT_3D('',#8620,#8621,#8622);
#7197=AXIS2_PLACEMENT_3D('',#8623,#8624,#8625);
#7198=AXIS2_PLACEMENT_3D('',#8626,#8627,#8628);
#7199=AXIS2_PLACEMENT_3D('',#8629,#8630,#8631);
#7200=AXIS2_PLACEMENT_3D('',#8632,#8633,#8634);
#7201=AXIS2_PLACEMENT_3D('',#8635,#8636,#8637);
#7202=CARTESIAN_POINT('',(10.825,-3.05,-3.355));
#7203=VECTOR('',#8638,7.875588664446);
#7204=CARTESIAN_POINT('',(5.85,-3.94,0.355));
#7205=VECTOR('',#8639,3.18);
#7206=CARTESIAN_POINT('',(-5.85,-3.43,0.355));
#7207=VECTOR('',#8640,3.69);
#7208=EDGE_CURVE('',#8641,#8642,#8643,.T.);
#7209=EDGE_CURVE('',#8642,#8644,#8645,.T.);
#7210=EDGE_CURVE('',#8644,#8646,#8647,.T.);
#7211=EDGE_CURVE('',#8646,#8648,#8649,.T.);
#7212=EDGE_CURVE('',#8648,#8650,#8651,.T.);
#7213=EDGE_CURVE('',#8652,#8650,#8653,.T.);
#7214=EDGE_CURVE('',#8652,#8654,#8655,.T.);
#7215=EDGE_CURVE('',#8656,#8654,#8657,.T.);
#7216=EDGE_CURVE('',#8658,#8656,#8659,.T.);
#7217=EDGE_CURVE('',#8660,#8658,#8661,.T.);
#7218=EDGE_CURVE('',#8662,#8660,#8663,.T.);
#7219=EDGE_CURVE('',#8664,#8662,#8665,.T.);
#7220=EDGE_CURVE('',#8664,#8666,#8667,.T.);
#7221=EDGE_CURVE('',#8666,#8641,#8668,.T.);
#7222=EDGE_CURVE('',#8669,#8666,#8670,.T.);
#7223=EDGE_CURVE('',#8669,#8671,#8672,.T.);
#7224=EDGE_CURVE('',#8641,#8671,#8673,.T.);
#7225=EDGE_CURVE('',#8671,#8674,#8675,.T.);
#7226=EDGE_CURVE('',#8642,#8674,#8676,.T.);
#7227=EDGE_CURVE('',#8674,#8677,#8678,.T.);
#7228=EDGE_CURVE('',#8679,#8677,#8680,.T.);
#7229=EDGE_CURVE('',#8681,#8679,#8682,.T.);
#7230=EDGE_CURVE('',#8644,#8681,#8683,.T.);
#7231=EDGE_CURVE('',#8646,#8684,#8685,.T.);
#7232=EDGE_CURVE('',#8681,#8686,#8687,.T.);
#7233=EDGE_CURVE('',#8688,#8686,#8689,.T.);
#7234=EDGE_CURVE('',#8690,#8688,#8691,.T.);
#7235=EDGE_CURVE('',#8692,#8690,#8693,.T.);
#7236=EDGE_CURVE('',#8684,#8692,#8694,.T.);
#7237=EDGE_CURVE('',#8692,#8695,#8696,.T.);
#7238=EDGE_CURVE('',#8697,#8695,#8698,.T.);
#7239=EDGE_CURVE('',#8684,#8697,#8699,.T.);
#7240=EDGE_CURVE('',#8648,#8700,#8701,.T.);
#7241=EDGE_CURVE('',#8702,#8697,#8703,.T.);
#7242=EDGE_CURVE('',#8700,#8702,#8704,.T.);
#7243=EDGE_CURVE('',#8669,#8705,#8706,.T.);
#7244=EDGE_CURVE('',#8707,#8705,#8708,.T.);
#7245=EDGE_CURVE('',#8707,#8709,#8710,.T.);
#7246=EDGE_CURVE('',#8709,#8711,#8712,.T.);
#7247=EDGE_CURVE('',#8711,#8713,#8714,.T.);
#7248=EDGE_CURVE('',#8715,#8713,#8716,.T.);
#7249=EDGE_CURVE('',#8700,#8715,#8717,.T.);
#7250=EDGE_CURVE('',#8677,#8702,#8718,.T.);
#7251=EDGE_CURVE('',#8719,#8720,#8721,.T.);
#7252=EDGE_CURVE('',#8720,#8722,#8723,.T.);
#7253=EDGE_CURVE('',#8722,#8724,#8725,.T.);
#7254=EDGE_CURVE('',#8724,#8726,#8727,.T.);
#7255=EDGE_CURVE('',#8726,#8728,#8729,.T.);
#7256=EDGE_CURVE('',#8728,#8730,#8731,.T.);
#7257=EDGE_CURVE('',#8730,#8732,#8733,.T.);
#7258=EDGE_CURVE('',#8732,#8719,#8734,.T.);
#7259=EDGE_CURVE('',#8695,#8735,#8736,.T.);
#7260=EDGE_CURVE('',#8735,#8737,#8738,.T.);
#7261=EDGE_CURVE('',#8737,#8739,#8740,.T.);
#7262=EDGE_CURVE('',#8739,#8679,#8741,.T.);
#7263=EDGE_CURVE('',#8742,#8743,#8744,.T.);
#7264=EDGE_CURVE('',#8743,#8745,#8746,.T.);
#7265=EDGE_CURVE('',#8745,#8719,#8747,.T.);
#7266=EDGE_CURVE('',#8748,#8732,#8749,.T.);
#7267=EDGE_CURVE('',#8742,#8748,#8750,.T.);
#7268=EDGE_CURVE('',#8751,#8752,#8753,.T.);
#7269=EDGE_CURVE('',#8751,#8742,#8754,.T.);
#7270=EDGE_CURVE('',#8748,#8755,#8756,.T.);
#7271=EDGE_CURVE('',#8757,#8755,#8758,.T.);
#7272=EDGE_CURVE('',#8759,#8757,#8760,.T.);
#7273=EDGE_CURVE('',#8761,#8759,#8762,.T.);
#7274=EDGE_CURVE('',#8752,#8761,#8763,.T.);
#7275=EDGE_CURVE('',#8761,#8724,#8764,.T.);
#7276=EDGE_CURVE('',#8752,#8722,#8765,.T.);
#7277=EDGE_CURVE('',#8766,#8767,#8768,.T.);
#7278=EDGE_CURVE('',#8766,#8751,#8769,.T.);
#7279=EDGE_CURVE('',#8767,#8720,#8770,.T.);
#7280=EDGE_CURVE('',#8745,#8771,#8772,.T.);
#7281=EDGE_CURVE('',#8771,#8773,#8774,.T.);
#7282=EDGE_CURVE('',#8775,#8773,#8776,.T.);
#7283=EDGE_CURVE('',#8775,#8777,#8778,.T.);
#7284=EDGE_CURVE('',#8779,#8777,#8780,.T.);
#7285=EDGE_CURVE('',#8781,#8779,#8782,.T.);
#7286=EDGE_CURVE('',#8783,#8781,#8784,.T.);
#7287=EDGE_CURVE('',#8783,#8785,#8786,.T.);
#7288=EDGE_CURVE('',#8785,#8767,#8787,.T.);
#7289=EDGE_CURVE('',#8788,#8785,#8789,.T.);
#7290=EDGE_CURVE('',#8788,#8766,#8790,.T.);
#7291=EDGE_CURVE('',#8791,#8792,#8793,.T.);
#7292=EDGE_CURVE('',#8791,#8794,#8795,.T.);
#7293=EDGE_CURVE('',#8794,#8796,#8797,.T.);
#7294=EDGE_CURVE('',#8796,#8798,#8799,.T.);
#7295=EDGE_CURVE('',#8798,#8800,#8801,.T.);
#7296=EDGE_CURVE('',#8800,#8802,#8803,.T.);
#7297=EDGE_CURVE('',#8804,#8802,#8805,.T.);
#7298=EDGE_CURVE('',#8804,#8806,#8807,.T.);
#7299=EDGE_CURVE('',#8743,#8806,#8808,.T.);
#7300=EDGE_CURVE('',#8792,#8788,#8809,.T.);
#7301=EDGE_CURVE('',#8810,#8811,#8812,.T.);
#7302=EDGE_CURVE('',#8813,#8810,#8814,.T.);
#7303=EDGE_CURVE('',#8815,#8813,#8816,.T.);
#7304=EDGE_CURVE('',#8817,#8815,#8818,.T.);
#7305=EDGE_CURVE('',#8819,#8817,#8820,.T.);
#7306=EDGE_CURVE('',#8821,#8819,#8822,.T.);
#7307=EDGE_CURVE('',#8811,#8821,#8823,.T.);
#7308=EDGE_CURVE('',#8792,#8783,#8824,.T.);
#7309=EDGE_CURVE('',#8791,#8781,#8825,.T.);
#7310=EDGE_CURVE('',#8802,#8775,#8826,.T.);
#7311=EDGE_CURVE('',#8804,#8773,#8827,.T.);
#7312=EDGE_CURVE('',#8791,#8779,#8828,.T.);
#7313=EDGE_CURVE('',#8705,#8664,#8829,.T.);
#7314=EDGE_CURVE('',#8707,#8664,#8830,.T.);
#7315=EDGE_CURVE('',#8800,#8831,#8832,.T.);
#7316=EDGE_CURVE('',#8831,#8777,#8833,.T.);
#7317=EDGE_CURVE('',#8802,#8777,#8834,.T.);
#7318=EDGE_CURVE('',#8779,#8835,#8836,.T.);
#7319=EDGE_CURVE('',#8837,#8835,#8838,.T.);
#7320=EDGE_CURVE('',#8794,#8837,#8839,.T.);
#7321=EDGE_CURVE('',#8711,#8654,#8840,.T.);
#7322=EDGE_CURVE('',#8709,#8654,#8841,.T.);
#7323=EDGE_CURVE('',#8842,#8709,#8843,.T.);
#7324=EDGE_CURVE('',#8842,#8656,#8844,.T.);
#7325=EDGE_CURVE('',#8845,#8662,#8846,.T.);
#7326=EDGE_CURVE('',#8847,#8845,#8848,.T.);
#7327=EDGE_CURVE('',#8707,#8847,#8849,.T.);
#7328=EDGE_CURVE('',#8850,#8851,#8852,.T.);
#7329=EDGE_CURVE('',#8851,#8853,#8854,.T.);
#7330=EDGE_CURVE('',#8853,#8658,#8855,.T.);
#7331=EDGE_CURVE('',#8842,#8831,#8856,.T.);
#7332=EDGE_CURVE('',#8798,#8857,#8858,.T.);
#7333=EDGE_CURVE('',#8857,#8859,#8860,.T.);
#7334=EDGE_CURVE('',#8859,#8861,#8862,.T.);
#7335=EDGE_CURVE('',#8861,#8863,#8864,.T.);
#7336=EDGE_CURVE('',#8865,#8863,#8866,.T.);
#7337=EDGE_CURVE('',#8850,#8865,#8867,.T.);
#7338=EDGE_CURVE('',#8868,#8869,#8870,.T.);
#7339=EDGE_CURVE('',#8871,#8869,#8872,.T.);
#7340=EDGE_CURVE('',#8873,#8871,#8874,.T.);
#7341=EDGE_CURVE('',#8873,#8868,#8875,.T.);
#7342=EDGE_CURVE('',#8876,#8873,#8877,.T.);
#7343=EDGE_CURVE('',#8878,#8876,#8879,.T.);
#7344=EDGE_CURVE('',#8880,#8878,#8881,.T.);
#7345=EDGE_CURVE('',#8868,#8880,#8882,.T.);
#7346=EDGE_CURVE('',#8880,#8883,#8884,.T.);
#7347=EDGE_CURVE('',#8869,#8883,#8885,.T.);
#7348=EDGE_CURVE('',#8883,#8886,#8887,.T.);
#7349=EDGE_CURVE('',#8886,#8888,#8889,.T.);
#7350=EDGE_CURVE('',#8888,#8871,#8890,.T.);
#7351=EDGE_CURVE('',#8876,#8888,#8891,.T.);
#7352=EDGE_CURVE('',#8878,#8886,#8892,.T.);
#7353=EDGE_CURVE('',#8865,#8893,#8894,.T.);
#7354=EDGE_CURVE('',#8895,#8893,#8896,.T.);
#7355=EDGE_CURVE('',#8895,#8850,#8897,.T.);
#7356=EDGE_CURVE('',#8898,#8899,#8900,.T.);
#7357=EDGE_CURVE('',#8899,#8901,#8902,.T.);
#7358=EDGE_CURVE('',#8901,#8903,#8904,.T.);
#7359=EDGE_CURVE('',#8903,#8905,#8906,.T.);
#7360=EDGE_CURVE('',#8905,#8907,#8908,.T.);
#7361=EDGE_CURVE('',#8898,#8907,#8909,.T.);
#7362=EDGE_CURVE('',#8910,#8911,#8912,.T.);
#7363=EDGE_CURVE('',#8911,#8861,#8913,.T.);
#7364=EDGE_CURVE('',#8859,#8914,#8915,.T.);
#7365=EDGE_CURVE('',#8914,#8916,#8917,.T.);
#7366=EDGE_CURVE('',#8916,#8910,#8918,.T.);
#7367=EDGE_CURVE('',#8919,#8920,#8921,.T.);
#7368=EDGE_CURVE('',#8920,#8922,#8923,.T.);
#7369=EDGE_CURVE('',#8922,#8924,#8925,.T.);
#7370=EDGE_CURVE('',#8919,#8924,#8926,.T.);
#7371=EDGE_CURVE('',#8927,#8928,#8929,.T.);
#7372=EDGE_CURVE('',#8930,#8928,#8931,.T.);
#7373=EDGE_CURVE('',#8930,#8932,#8933,.T.);
#7374=EDGE_CURVE('',#8932,#8927,#8934,.T.);
#7375=EDGE_CURVE('',#8935,#8936,#8937,.T.);
#7376=EDGE_CURVE('',#8936,#8938,#8939,.T.);
#7377=EDGE_CURVE('',#8938,#8940,#8941,.T.);
#7378=EDGE_CURVE('',#8935,#8940,#8942,.T.);
#7379=EDGE_CURVE('',#8943,#8944,#8945,.T.);
#7380=EDGE_CURVE('',#8946,#8944,#8947,.T.);
#7381=EDGE_CURVE('',#8946,#8948,#8949,.T.);
#7382=EDGE_CURVE('',#8948,#8943,#8950,.T.);
#7383=EDGE_CURVE('',#8951,#8952,#8953,.T.);
#7384=EDGE_CURVE('',#8952,#8954,#8955,.T.);
#7385=EDGE_CURVE('',#8954,#8956,#8957,.T.);
#7386=EDGE_CURVE('',#8951,#8956,#8958,.T.);
#7387=EDGE_CURVE('',#8959,#8960,#8961,.T.);
#7388=EDGE_CURVE('',#8962,#8960,#8963,.T.);
#7389=EDGE_CURVE('',#8962,#8964,#8965,.T.);
#7390=EDGE_CURVE('',#8964,#8959,#8966,.T.);
#7391=EDGE_CURVE('',#8967,#8968,#8969,.T.);
#7392=EDGE_CURVE('',#8968,#8970,#8971,.T.);
#7393=EDGE_CURVE('',#8970,#8972,#8973,.T.);
#7394=EDGE_CURVE('',#8967,#8972,#8974,.T.);
#7395=EDGE_CURVE('',#8975,#8976,#8977,.T.);
#7396=EDGE_CURVE('',#8978,#8976,#8979,.T.);
#7397=EDGE_CURVE('',#8978,#8980,#8981,.T.);
#7398=EDGE_CURVE('',#8980,#8975,#8982,.T.);
#7399=EDGE_CURVE('',#8983,#8984,#8985,.T.);
#7400=EDGE_CURVE('',#8986,#8984,#8987,.T.);
#7401=EDGE_CURVE('',#8986,#8988,#8989,.T.);
#7402=EDGE_CURVE('',#8990,#8988,#8991,.T.);
#7403=EDGE_CURVE('',#8990,#8992,#8993,.T.);
#7404=EDGE_CURVE('',#8983,#8992,#8994,.T.);
#7405=EDGE_CURVE('',#8995,#8996,#8997,.T.);
#7406=EDGE_CURVE('',#8851,#8996,#8998,.T.);
#7407=EDGE_CURVE('',#8895,#8999,#9000,.T.);
#7408=EDGE_CURVE('',#8995,#8999,#9001,.T.);
#7409=EDGE_CURVE('',#9002,#9003,#9004,.T.);
#7410=EDGE_CURVE('',#9003,#9005,#9006,.T.);
#7411=EDGE_CURVE('',#9005,#9007,#9008,.T.);
#7412=EDGE_CURVE('',#9007,#9002,#9009,.T.);
#7413=EDGE_CURVE('',#9010,#9011,#9012,.T.);
#7414=EDGE_CURVE('',#9013,#9011,#9014,.T.);
#7415=EDGE_CURVE('',#9013,#9015,#9016,.T.);
#7416=EDGE_CURVE('',#9015,#9010,#9017,.T.);
#7417=EDGE_CURVE('',#8907,#9018,#9019,.T.);
#7418=EDGE_CURVE('',#9018,#9020,#9021,.T.);
#7419=EDGE_CURVE('',#8898,#9020,#9022,.T.);
#7420=EDGE_CURVE('',#8910,#9023,#9024,.T.);
#7421=EDGE_CURVE('',#9025,#8916,#9026,.T.);
#7422=EDGE_CURVE('',#9027,#9025,#9028,.T.);
#7423=EDGE_CURVE('',#9029,#9027,#9030,.T.);
#7424=EDGE_CURVE('',#9023,#9029,#9031,.T.);
#7425=EDGE_CURVE('',#9032,#9033,#9034,.T.);
#7426=EDGE_CURVE('',#9035,#9033,#9036,.T.);
#7427=EDGE_CURVE('',#9037,#9035,#9038,.T.);
#7428=EDGE_CURVE('',#9032,#9037,#9039,.T.);
#7429=EDGE_CURVE('',#9040,#9041,#9042,.T.);
#7430=EDGE_CURVE('',#9043,#9040,#9044,.T.);
#7431=EDGE_CURVE('',#9043,#9045,#9046,.T.);
#7432=EDGE_CURVE('',#9041,#9045,#9047,.T.);
#7433=EDGE_CURVE('',#9020,#9048,#9049,.T.);
#7434=EDGE_CURVE('',#8899,#9048,#9050,.T.);
#7435=EDGE_CURVE('',#9051,#9052,#9053,.T.);
#7436=EDGE_CURVE('',#8920,#9052,#9054,.T.);
#7437=EDGE_CURVE('',#8919,#9051,#9055,.T.);
#7438=EDGE_CURVE('',#9056,#9057,#9058,.T.);
#7439=EDGE_CURVE('',#8936,#9057,#9059,.T.);
#7440=EDGE_CURVE('',#8935,#9056,#9060,.T.);
#7441=EDGE_CURVE('',#9061,#9062,#9063,.T.);
#7442=EDGE_CURVE('',#8952,#9062,#9064,.T.);
#7443=EDGE_CURVE('',#8951,#9061,#9065,.T.);
#7444=EDGE_CURVE('',#9066,#9067,#9068,.T.);
#7445=EDGE_CURVE('',#8968,#9067,#9069,.T.);
#7446=EDGE_CURVE('',#8967,#9066,#9070,.T.);
#7447=EDGE_CURVE('',#8990,#9071,#9072,.T.);
#7448=EDGE_CURVE('',#9071,#9073,#9074,.T.);
#7449=EDGE_CURVE('',#8992,#9073,#9075,.T.);
#7450=EDGE_CURVE('',#9076,#9077,#9078,.T.);
#7451=EDGE_CURVE('',#9003,#9077,#9079,.T.);
#7452=EDGE_CURVE('',#9002,#9076,#9080,.T.);
#7453=EDGE_CURVE('',#9081,#9082,#9083,.T.);
#7454=EDGE_CURVE('',#9084,#9081,#9085,.T.);
#7455=EDGE_CURVE('',#9086,#9084,#9087,.T.);
#7456=EDGE_CURVE('',#9086,#9088,#9089,.T.);
#7457=EDGE_CURVE('',#8914,#9088,#9090,.T.);
#7458=EDGE_CURVE('',#8857,#9091,#9092,.T.);
#7459=EDGE_CURVE('',#9091,#8901,#9093,.T.);
#7460=EDGE_CURVE('',#9048,#9082,#9094,.T.);
#7461=EDGE_CURVE('',#9095,#9096,#9097,.T.);
#7462=EDGE_CURVE('',#9096,#9098,#9099,.T.);
#7463=EDGE_CURVE('',#9098,#9073,#9100,.T.);
#7464=EDGE_CURVE('',#9071,#9101,#9102,.T.);
#7465=EDGE_CURVE('',#9103,#9101,#9104,.T.);
#7466=EDGE_CURVE('',#9103,#9105,#9106,.T.);
#7467=EDGE_CURVE('',#9107,#9105,#9108,.T.);
#7468=EDGE_CURVE('',#9107,#9109,#9110,.T.);
#7469=EDGE_CURVE('',#9111,#9109,#9112,.T.);
#7470=EDGE_CURVE('',#9113,#9111,#9114,.T.);
#7471=EDGE_CURVE('',#9115,#9113,#9116,.T.);
#7472=EDGE_CURVE('',#9117,#9115,#9118,.T.);
#7473=EDGE_CURVE('',#9119,#9117,#9120,.T.);
#7474=EDGE_CURVE('',#9121,#9119,#9122,.T.);
#7475=EDGE_CURVE('',#9123,#9121,#9124,.T.);
#7476=EDGE_CURVE('',#9123,#9125,#9126,.T.);
#7477=EDGE_CURVE('',#9125,#9127,#9128,.T.);
#7478=EDGE_CURVE('',#9127,#9129,#9130,.T.);
#7479=EDGE_CURVE('',#9129,#9131,#9132,.T.);
#7480=EDGE_CURVE('',#9131,#9133,#9134,.T.);
#7481=EDGE_CURVE('',#9135,#9133,#9136,.T.);
#7482=EDGE_CURVE('',#9137,#9135,#9138,.T.);
#7483=EDGE_CURVE('',#9139,#9137,#9140,.T.);
#7484=EDGE_CURVE('',#9141,#9139,#9142,.T.);
#7485=EDGE_CURVE('',#9143,#9141,#9144,.T.);
#7486=EDGE_CURVE('',#9145,#9143,#9146,.T.);
#7487=EDGE_CURVE('',#9147,#9145,#9148,.T.);
#7488=EDGE_CURVE('',#9147,#9149,#9150,.T.);
#7489=EDGE_CURVE('',#9149,#9151,#9152,.T.);
#7490=EDGE_CURVE('',#9151,#9153,#9154,.T.);
#7491=EDGE_CURVE('',#9153,#9155,#9156,.T.);
#7492=EDGE_CURVE('',#9155,#9157,#9158,.T.);
#7493=EDGE_CURVE('',#9159,#9157,#9160,.T.);
#7494=EDGE_CURVE('',#9161,#9159,#9162,.T.);
#7495=EDGE_CURVE('',#9163,#9161,#9164,.T.);
#7496=EDGE_CURVE('',#9165,#9163,#9166,.T.);
#7497=EDGE_CURVE('',#9167,#9165,#9168,.T.);
#7498=EDGE_CURVE('',#9169,#9167,#9170,.T.);
#7499=EDGE_CURVE('',#9171,#9169,#9172,.T.);
#7500=EDGE_CURVE('',#9171,#9173,#9174,.T.);
#7501=EDGE_CURVE('',#9173,#9175,#9176,.T.);
#7502=EDGE_CURVE('',#9175,#9177,#9178,.T.);
#7503=EDGE_CURVE('',#9177,#9179,#9180,.T.);
#7504=EDGE_CURVE('',#9179,#9181,#9182,.T.);
#7505=EDGE_CURVE('',#9183,#9181,#9184,.T.);
#7506=EDGE_CURVE('',#9185,#9183,#9186,.T.);
#7507=EDGE_CURVE('',#9187,#9185,#9188,.T.);
#7508=EDGE_CURVE('',#9189,#9187,#9190,.T.);
#7509=EDGE_CURVE('',#9191,#9189,#9192,.T.);
#7510=EDGE_CURVE('',#9193,#9191,#9194,.T.);
#7511=EDGE_CURVE('',#9195,#9193,#9196,.T.);
#7512=EDGE_CURVE('',#9195,#9197,#9198,.T.);
#7513=EDGE_CURVE('',#9197,#9199,#9200,.T.);
#7514=EDGE_CURVE('',#9199,#9201,#9202,.T.);
#7515=EDGE_CURVE('',#9201,#9203,#9204,.T.);
#7516=EDGE_CURVE('',#9203,#9205,#9206,.T.);
#7517=EDGE_CURVE('',#9207,#9205,#9208,.T.);
#7518=EDGE_CURVE('',#9209,#9207,#9210,.T.);
#7519=EDGE_CURVE('',#9211,#9209,#9212,.T.);
#7520=EDGE_CURVE('',#9213,#9211,#9214,.T.);
#7521=EDGE_CURVE('',#9215,#9213,#9216,.T.);
#7522=EDGE_CURVE('',#9217,#9215,#9218,.T.);
#7523=EDGE_CURVE('',#9219,#9217,#9220,.T.);
#7524=EDGE_CURVE('',#9219,#9221,#9222,.T.);
#7525=EDGE_CURVE('',#9221,#9223,#9224,.T.);
#7526=EDGE_CURVE('',#9223,#9225,#9226,.T.);
#7527=EDGE_CURVE('',#9225,#9227,#9228,.T.);
#7528=EDGE_CURVE('',#9227,#9229,#9230,.T.);
#7529=EDGE_CURVE('',#9231,#9229,#9232,.T.);
#7530=EDGE_CURVE('',#9233,#9231,#9234,.T.);
#7531=EDGE_CURVE('',#9235,#9233,#9236,.T.);
#7532=EDGE_CURVE('',#9237,#9235,#9238,.T.);
#7533=EDGE_CURVE('',#9239,#9237,#9240,.T.);
#7534=EDGE_CURVE('',#9241,#9239,#9242,.T.);
#7535=EDGE_CURVE('',#9041,#9241,#9243,.T.);
#7536=EDGE_CURVE('',#9045,#9035,#9244,.T.);
#7537=EDGE_CURVE('',#9033,#9027,#9245,.T.);
#7538=EDGE_CURVE('',#9088,#9025,#9246,.T.);
#7539=EDGE_CURVE('',#9247,#9086,#9248,.T.);
#7540=EDGE_CURVE('',#9249,#9247,#9250,.T.);
#7541=EDGE_CURVE('',#9082,#9249,#9251,.T.);
#7542=EDGE_CURVE('',#9252,#9018,#9253,.T.);
#7543=EDGE_CURVE('',#9252,#9254,#9255,.T.);
#7544=EDGE_CURVE('',#9254,#9256,#9257,.T.);
#7545=EDGE_CURVE('',#9256,#9052,#9258,.T.);
#7546=EDGE_CURVE('',#9259,#9051,#9260,.T.);
#7547=EDGE_CURVE('',#9261,#9259,#9262,.T.);
#7548=EDGE_CURVE('',#9261,#9263,#9264,.T.);
#7549=EDGE_CURVE('',#9263,#9265,#9266,.T.);
#7550=EDGE_CURVE('',#9265,#9057,#9267,.T.);
#7551=EDGE_CURVE('',#9268,#9056,#9269,.T.);
#7552=EDGE_CURVE('',#9270,#9268,#9271,.T.);
#7553=EDGE_CURVE('',#9270,#9272,#9273,.T.);
#7554=EDGE_CURVE('',#9272,#9274,#9275,.T.);
#7555=EDGE_CURVE('',#9274,#9062,#9276,.T.);
#7556=EDGE_CURVE('',#9277,#9061,#9278,.T.);
#7557=EDGE_CURVE('',#9279,#9277,#9280,.T.);
#7558=EDGE_CURVE('',#9279,#9281,#9282,.T.);
#7559=EDGE_CURVE('',#9281,#9283,#9284,.T.);
#7560=EDGE_CURVE('',#9283,#9067,#9285,.T.);
#7561=EDGE_CURVE('',#9286,#9066,#9287,.T.);
#7562=EDGE_CURVE('',#9288,#9286,#9289,.T.);
#7563=EDGE_CURVE('',#9288,#9290,#9291,.T.);
#7564=EDGE_CURVE('',#9290,#9292,#9293,.T.);
#7565=EDGE_CURVE('',#9292,#9077,#9294,.T.);
#7566=EDGE_CURVE('',#9295,#9076,#9296,.T.);
#7567=EDGE_CURVE('',#9095,#9295,#9297,.T.);
#7568=EDGE_CURVE('',#9125,#9298,#9299,.T.);
#7569=EDGE_CURVE('',#9298,#9300,#9301,.T.);
#7570=EDGE_CURVE('',#9300,#9127,#9302,.T.);
#7571=EDGE_CURVE('',#9303,#9304,#9305,.T.);
#7572=EDGE_CURVE('',#9304,#9306,#9307,.T.);
#7573=EDGE_CURVE('',#9306,#9308,#9309,.T.);
#7574=EDGE_CURVE('',#9308,#9303,#9310,.T.);
#7575=EDGE_CURVE('',#9311,#9312,#9313,.T.);
#7576=EDGE_CURVE('',#9312,#9314,#9315,.T.);
#7577=EDGE_CURVE('',#9314,#9316,#9317,.T.);
#7578=EDGE_CURVE('',#9316,#9311,#9318,.T.);
#7579=EDGE_CURVE('',#9319,#9320,#9321,.T.);
#7580=EDGE_CURVE('',#9320,#9131,#9322,.T.);
#7581=EDGE_CURVE('',#9129,#9323,#9324,.T.);
#7582=EDGE_CURVE('',#9323,#9325,#9326,.T.);
#7583=EDGE_CURVE('',#9325,#9319,#9327,.T.);
#7584=EDGE_CURVE('',#9295,#9328,#9329,.T.);
#7585=EDGE_CURVE('',#9328,#9330,#9331,.T.);
#7586=EDGE_CURVE('',#9330,#9095,#9332,.T.);
#7587=EDGE_CURVE('',#9333,#9334,#9335,.T.);
#7588=EDGE_CURVE('',#9334,#9127,#9336,.T.);
#7589=EDGE_CURVE('',#9300,#9337,#9338,.T.);
#7590=EDGE_CURVE('',#9337,#9117,#9339,.T.);
#7591=EDGE_CURVE('',#9117,#9333,#9340,.T.);
#7592=EDGE_CURVE('',#9111,#8995,#9341,.T.);
#7593=EDGE_CURVE('',#8999,#9342,#9343,.T.);
#7594=EDGE_CURVE('',#9342,#9344,#9345,.T.);
#7595=EDGE_CURVE('',#9113,#9344,#9346,.T.);
#7596=EDGE_CURVE('',#9347,#9333,#9348,.T.);
#7597=EDGE_CURVE('',#9115,#9347,#9349,.T.);
#7598=EDGE_CURVE('',#8983,#9098,#9350,.T.);
#7599=EDGE_CURVE('',#9119,#9351,#9352,.T.);
#7600=EDGE_CURVE('',#9351,#9353,#9354,.T.);
#7601=EDGE_CURVE('',#9353,#9121,#9355,.T.);
#7602=EDGE_CURVE('',#9344,#9356,#9357,.T.);
#7603=EDGE_CURVE('',#9356,#9131,#9358,.T.);
#7604=EDGE_CURVE('',#9320,#9359,#9360,.T.);
#7605=EDGE_CURVE('',#9359,#9113,#9361,.T.);
#7606=EDGE_CURVE('',#9362,#9337,#9363,.T.);
#7607=EDGE_CURVE('',#9119,#9362,#9364,.T.);
#7608=EDGE_CURVE('',#9365,#9366,#9367,.T.);
#7609=EDGE_CURVE('',#9368,#9365,#9369,.T.);
#7610=EDGE_CURVE('',#9370,#9368,#9371,.T.);
#7611=EDGE_CURVE('',#9370,#9366,#9372,.T.);
#7612=EDGE_CURVE('',#9373,#9374,#9375,.T.);
#7613=EDGE_CURVE('',#9376,#9373,#9377,.T.);
#7614=EDGE_CURVE('',#9378,#9376,#9379,.T.);
#7615=EDGE_CURVE('',#9378,#9374,#9380,.T.);
#7616=EDGE_CURVE('',#9381,#9382,#9383,.T.);
#7617=EDGE_CURVE('',#9115,#9381,#9384,.T.);
#7618=EDGE_CURVE('',#9385,#9359,#9386,.T.);
#7619=EDGE_CURVE('',#9385,#9382,#9387,.T.);
#7620=EDGE_CURVE('',#9388,#9389,#9390,.T.);
#7621=EDGE_CURVE('',#9388,#9098,#9391,.T.);
#7622=EDGE_CURVE('',#9096,#9389,#9392,.T.);
#7623=EDGE_CURVE('',#9298,#9362,#9393,.T.);
#7624=EDGE_CURVE('',#9394,#9125,#9395,.T.);
#7625=EDGE_CURVE('',#9351,#9394,#9396,.T.);
#7626=EDGE_CURVE('',#9342,#9397,#9398,.T.);
#7627=EDGE_CURVE('',#9397,#9356,#9399,.T.);
#7628=EDGE_CURVE('',#9400,#9334,#9401,.T.);
#7629=EDGE_CURVE('',#9347,#9400,#9402,.T.);
#7630=EDGE_CURVE('',#9394,#9403,#9404,.T.);
#7631=EDGE_CURVE('',#9353,#9403,#9405,.T.);
#7632=EDGE_CURVE('',#9010,#9397,#9406,.T.);
#7633=EDGE_CURVE('',#9133,#9015,#9407,.T.);
#7634=EDGE_CURVE('',#9400,#9129,#9408,.T.);
#7635=EDGE_CURVE('',#9007,#9295,#9409,.T.);
#7636=EDGE_CURVE('',#9403,#9123,#9410,.T.);
#7637=EDGE_CURVE('',#9231,#8930,#9411,.T.);
#7638=EDGE_CURVE('',#9229,#8932,#9412,.T.);
#7639=EDGE_CURVE('',#9207,#8946,#9413,.T.);
#7640=EDGE_CURVE('',#9205,#8948,#9414,.T.);
#7641=EDGE_CURVE('',#9183,#8962,#9415,.T.);
#7642=EDGE_CURVE('',#9181,#8964,#9416,.T.);
#7643=EDGE_CURVE('',#9159,#8978,#9417,.T.);
#7644=EDGE_CURVE('',#9157,#8980,#9418,.T.);
#7645=EDGE_CURVE('',#8996,#9109,#9419,.T.);
#7646=EDGE_CURVE('',#9135,#9013,#9420,.T.);
#7647=EDGE_CURVE('',#8924,#9259,#9421,.T.);
#7648=EDGE_CURVE('',#9422,#9219,#9423,.T.);
#7649=EDGE_CURVE('',#9424,#9422,#9425,.T.);
#7650=EDGE_CURVE('',#9424,#9221,#9426,.T.);
#7651=EDGE_CURVE('',#8927,#9427,#9428,.T.);
#7652=EDGE_CURVE('',#9429,#9227,#9430,.T.);
#7653=EDGE_CURVE('',#9427,#9429,#9431,.T.);
#7654=EDGE_CURVE('',#9432,#9225,#9433,.T.);
#7655=EDGE_CURVE('',#9434,#9223,#9435,.T.);
#7656=EDGE_CURVE('',#9432,#9434,#9436,.T.);
#7657=EDGE_CURVE('',#8972,#9286,#9437,.T.);
#7658=EDGE_CURVE('',#8970,#9283,#9438,.T.);
#7659=EDGE_CURVE('',#9283,#9439,#9440,.T.);
#7660=EDGE_CURVE('',#9439,#9441,#9442,.T.);
#7661=EDGE_CURVE('',#9277,#9441,#9443,.T.);
#7662=EDGE_CURVE('',#8956,#9277,#9444,.T.);
#7663=EDGE_CURVE('',#8954,#9274,#9445,.T.);
#7664=EDGE_CURVE('',#9274,#9446,#9447,.T.);
#7665=EDGE_CURVE('',#9446,#9448,#9449,.T.);
#7666=EDGE_CURVE('',#9268,#9448,#9450,.T.);
#7667=EDGE_CURVE('',#8940,#9268,#9451,.T.);
#7668=EDGE_CURVE('',#8938,#9265,#9452,.T.);
#7669=EDGE_CURVE('',#9265,#9453,#9454,.T.);
#7670=EDGE_CURVE('',#9453,#9455,#9456,.T.);
#7671=EDGE_CURVE('',#9259,#9455,#9457,.T.);
#7672=EDGE_CURVE('',#8922,#9256,#9458,.T.);
#7673=EDGE_CURVE('',#9256,#9459,#9460,.T.);
#7674=EDGE_CURVE('',#9461,#9459,#9462,.T.);
#7675=EDGE_CURVE('',#9018,#9461,#9463,.T.);
#7676=EDGE_CURVE('',#9464,#8905,#9465,.T.);
#7677=EDGE_CURVE('',#8837,#9464,#9466,.T.);
#7678=EDGE_CURVE('',#8847,#8835,#9467,.T.);
#7679=EDGE_CURVE('',#8845,#9468,#9469,.T.);
#7680=EDGE_CURVE('',#9468,#9470,#9471,.T.);
#7681=EDGE_CURVE('',#9470,#8984,#9472,.T.);
#7682=EDGE_CURVE('',#9388,#9328,#9473,.T.);
#7683=EDGE_CURVE('',#9005,#9292,#9474,.T.);
#7684=EDGE_CURVE('',#9292,#9475,#9476,.T.);
#7685=EDGE_CURVE('',#9475,#9477,#9478,.T.);
#7686=EDGE_CURVE('',#9286,#9477,#9479,.T.);
#7687=EDGE_CURVE('',#9480,#9481,#9482,.T.);
#7688=EDGE_CURVE('',#9483,#9481,#9484,.T.);
#7689=EDGE_CURVE('',#9483,#9485,#9486,.T.);
#7690=EDGE_CURVE('',#9485,#9480,#9487,.T.);
#7691=EDGE_CURVE('',#9488,#9489,#9490,.T.);
#7692=EDGE_CURVE('',#9491,#9488,#9492,.T.);
#7693=EDGE_CURVE('',#9493,#9491,#9494,.T.);
#7694=EDGE_CURVE('',#9493,#9489,#9495,.T.);
#7695=EDGE_CURVE('',#9496,#9497,#9498,.T.);
#7696=EDGE_CURVE('',#9499,#9497,#9500,.T.);
#7697=EDGE_CURVE('',#9489,#9499,#9501,.T.);
#7698=EDGE_CURVE('',#9493,#9502,#9503,.T.);
#7699=EDGE_CURVE('',#9504,#9502,#9505,.T.);
#7700=EDGE_CURVE('',#9506,#9504,#9507,.T.);
#7701=EDGE_CURVE('',#9508,#9506,#9509,.T.);
#7702=EDGE_CURVE('',#9510,#9508,#9511,.T.);
#7703=EDGE_CURVE('',#9512,#9510,#9513,.T.);
#7704=EDGE_CURVE('',#9514,#9512,#9515,.T.);
#7705=EDGE_CURVE('',#9514,#9516,#9517,.T.);
#7706=EDGE_CURVE('',#9516,#9518,#9519,.T.);
#7707=EDGE_CURVE('',#9518,#9496,#9520,.T.);
#7708=EDGE_CURVE('',#9521,#9518,#9522,.T.);
#7709=EDGE_CURVE('',#9523,#9521,#9524,.T.);
#7710=EDGE_CURVE('',#9523,#9496,#9525,.T.);
#7711=EDGE_CURVE('',#9526,#9527,#9528,.T.);
#7712=EDGE_CURVE('',#9529,#9526,#9530,.T.);
#7713=EDGE_CURVE('',#9529,#9531,#9532,.T.);
#7714=EDGE_CURVE('',#9531,#9527,#9533,.T.);
#7715=EDGE_CURVE('',#9534,#9523,#9535,.T.);
#7716=EDGE_CURVE('',#9534,#9506,#9536,.T.);
#7717=EDGE_CURVE('',#9506,#9496,#9537,.T.);
#7718=EDGE_CURVE('',#9504,#9538,#9539,.T.);
#7719=EDGE_CURVE('',#9538,#9497,#9540,.T.);
#7720=EDGE_CURVE('',#9502,#9541,#9542,.T.);
#7721=EDGE_CURVE('',#9541,#9538,#9543,.T.);
#7722=EDGE_CURVE('',#9538,#9544,#9545,.T.);
#7723=EDGE_CURVE('',#9544,#9499,#9546,.T.);
#7724=EDGE_CURVE('',#9491,#9541,#9547,.T.);
#7725=EDGE_CURVE('',#9488,#9544,#9548,.T.);
#7726=EDGE_CURVE('',#9534,#9549,#9550,.T.);
#7727=EDGE_CURVE('',#9508,#9549,#9551,.T.);
#7728=EDGE_CURVE('',#9552,#9553,#9554,.T.);
#7729=EDGE_CURVE('',#9553,#9555,#9556,.T.);
#7730=EDGE_CURVE('',#9555,#9557,#9558,.T.);
#7731=EDGE_CURVE('',#9552,#9557,#9559,.T.);
#7732=EDGE_CURVE('',#9510,#9516,#9560,.T.);
#7733=EDGE_CURVE('',#9549,#9521,#9561,.T.);
#7734=EDGE_CURVE('',#9512,#9514,#9562,.T.);
#7735=EDGE_CURVE('',#9563,#9531,#9564,.T.);
#7736=EDGE_CURVE('',#9565,#9563,#9566,.T.);
#7737=EDGE_CURVE('',#9565,#9567,#9568,.T.);
#7738=EDGE_CURVE('',#9567,#9569,#9570,.T.);
#7739=EDGE_CURVE('',#9569,#9552,#9571,.T.);
#7740=EDGE_CURVE('',#9557,#9572,#9573,.T.);
#7741=EDGE_CURVE('',#9572,#9574,#9575,.T.);
#7742=EDGE_CURVE('',#9480,#9574,#9576,.T.);
#7743=EDGE_CURVE('',#9485,#9577,#9578,.T.);
#7744=EDGE_CURVE('',#9577,#9579,#9580,.T.);
#7745=EDGE_CURVE('',#9527,#9579,#9581,.T.);
#7746=EDGE_CURVE('',#9582,#9579,#9583,.T.);
#7747=EDGE_CURVE('',#9572,#9582,#9584,.T.);
#7748=EDGE_CURVE('',#9557,#9527,#9585,.T.);
#7749=EDGE_CURVE('',#9555,#9526,#9586,.T.);
#7750=EDGE_CURVE('',#9553,#9529,#9587,.T.);
#7751=EDGE_CURVE('',#9569,#9563,#9588,.T.);
#7752=EDGE_CURVE('',#9567,#9565,#9589,.T.);
#7753=EDGE_CURVE('',#9590,#9577,#9591,.T.);
#7754=EDGE_CURVE('',#9582,#9590,#9592,.T.);
#7755=EDGE_CURVE('',#9593,#9582,#9594,.T.);
#7756=EDGE_CURVE('',#9574,#9593,#9595,.T.);
#7757=EDGE_CURVE('',#9483,#9590,#9596,.T.);
#7758=EDGE_CURVE('',#9481,#9593,#9597,.T.);
#7759=EDGE_CURVE('',#9149,#9598,#9599,.T.);
#7760=EDGE_CURVE('',#9598,#9600,#9601,.T.);
#7761=EDGE_CURVE('',#9600,#9151,#9602,.T.);
#7762=EDGE_CURVE('',#9603,#9604,#9605,.T.);
#7763=EDGE_CURVE('',#9604,#9606,#9607,.T.);
#7764=EDGE_CURVE('',#9606,#9608,#9609,.T.);
#7765=EDGE_CURVE('',#9608,#9603,#9610,.T.);
#7766=EDGE_CURVE('',#9611,#9612,#9613,.T.);
#7767=EDGE_CURVE('',#9612,#9614,#9615,.T.);
#7768=EDGE_CURVE('',#9614,#9616,#9617,.T.);
#7769=EDGE_CURVE('',#9616,#9611,#9618,.T.);
#7770=EDGE_CURVE('',#9619,#9620,#9621,.T.);
#7771=EDGE_CURVE('',#9620,#9155,#9622,.T.);
#7772=EDGE_CURVE('',#9153,#9623,#9624,.T.);
#7773=EDGE_CURVE('',#9623,#9625,#9626,.T.);
#7774=EDGE_CURVE('',#9625,#9619,#9627,.T.);
#7775=EDGE_CURVE('',#9628,#9288,#9629,.T.);
#7776=EDGE_CURVE('',#9628,#9477,#9630,.T.);
#7777=EDGE_CURVE('',#9600,#9631,#9632,.T.);
#7778=EDGE_CURVE('',#9631,#9141,#9633,.T.);
#7779=EDGE_CURVE('',#9141,#9634,#9635,.T.);
#7780=EDGE_CURVE('',#9634,#9636,#9637,.T.);
#7781=EDGE_CURVE('',#9636,#9151,#9638,.T.);
#7782=EDGE_CURVE('',#9639,#9147,#9640,.T.);
#7783=EDGE_CURVE('',#9641,#9639,#9642,.T.);
#7784=EDGE_CURVE('',#9641,#9149,#9643,.T.);
#7785=EDGE_CURVE('',#8975,#9644,#9645,.T.);
#7786=EDGE_CURVE('',#9646,#9155,#9647,.T.);
#7787=EDGE_CURVE('',#9644,#9646,#9648,.T.);
#7788=EDGE_CURVE('',#9649,#9153,#9650,.T.);
#7789=EDGE_CURVE('',#9649,#9636,#9651,.T.);
#7790=EDGE_CURVE('',#9652,#9641,#9653,.T.);
#7791=EDGE_CURVE('',#9143,#9652,#9654,.T.);
#7792=EDGE_CURVE('',#9143,#9655,#9656,.T.);
#7793=EDGE_CURVE('',#9598,#9655,#9657,.T.);
#7794=EDGE_CURVE('',#9655,#9631,#9658,.T.);
#7795=EDGE_CURVE('',#9659,#9660,#9661,.T.);
#7796=EDGE_CURVE('',#9662,#9659,#9663,.T.);
#7797=EDGE_CURVE('',#9664,#9662,#9665,.T.);
#7798=EDGE_CURVE('',#9664,#9660,#9666,.T.);
#7799=EDGE_CURVE('',#9667,#9668,#9669,.T.);
#7800=EDGE_CURVE('',#9670,#9667,#9671,.T.);
#7801=EDGE_CURVE('',#9672,#9670,#9673,.T.);
#7802=EDGE_CURVE('',#9672,#9668,#9674,.T.);
#7803=EDGE_CURVE('',#9675,#9676,#9677,.T.);
#7804=EDGE_CURVE('',#9139,#9675,#9678,.T.);
#7805=EDGE_CURVE('',#9679,#9137,#9680,.T.);
#7806=EDGE_CURVE('',#9681,#9679,#9682,.T.);
#7807=EDGE_CURVE('',#9681,#9676,#9683,.T.);
#7808=EDGE_CURVE('',#9290,#9684,#9685,.T.);
#7809=EDGE_CURVE('',#9684,#9475,#9686,.T.);
#7810=EDGE_CURVE('',#9687,#9664,#9688,.T.);
#7811=EDGE_CURVE('',#9687,#9689,#9690,.T.);
#7812=EDGE_CURVE('',#9660,#9689,#9691,.T.);
#7813=EDGE_CURVE('',#9608,#9660,#9692,.T.);
#7814=EDGE_CURVE('',#9693,#9689,#9694,.T.);
#7815=EDGE_CURVE('',#9693,#9608,#9695,.T.);
#7816=EDGE_CURVE('',#9603,#9696,#9697,.T.);
#7817=EDGE_CURVE('',#9693,#9696,#9698,.T.);
#7818=EDGE_CURVE('',#9696,#9687,#9699,.T.);
#7819=EDGE_CURVE('',#9603,#9664,#9700,.T.);
#7820=EDGE_CURVE('',#9662,#9604,#9701,.T.);
#7821=EDGE_CURVE('',#9702,#9703,#9704,.T.);
#7822=EDGE_CURVE('',#9703,#9705,#9706,.T.);
#7823=EDGE_CURVE('',#9705,#9707,#9708,.T.);
#7824=EDGE_CURVE('',#9707,#9709,#9710,.T.);
#7825=EDGE_CURVE('',#9709,#9702,#9711,.T.);
#7826=EDGE_CURVE('',#9712,#9713,#9714,.T.);
#7827=EDGE_CURVE('',#9712,#9715,#9716,.T.);
#7828=EDGE_CURVE('',#9715,#9717,#9718,.T.);
#7829=EDGE_CURVE('',#9713,#9717,#9719,.T.);
#7830=EDGE_CURVE('',#9720,#9721,#9722,.T.);
#7831=EDGE_CURVE('',#9721,#9723,#9724,.T.);
#7832=EDGE_CURVE('',#9723,#9725,#9726,.T.);
#7833=EDGE_CURVE('',#9725,#9727,#9728,.T.);
#7834=EDGE_CURVE('',#9727,#9720,#9729,.T.);
#7835=EDGE_CURVE('',#9730,#9731,#9732,.T.);
#7836=EDGE_CURVE('',#9730,#9733,#9734,.T.);
#7837=EDGE_CURVE('',#9733,#9735,#9736,.T.);
#7838=EDGE_CURVE('',#9731,#9735,#9737,.T.);
#7839=EDGE_CURVE('',#9738,#9739,#9740,.T.);
#7840=EDGE_CURVE('',#9739,#9741,#9742,.T.);
#7841=EDGE_CURVE('',#9741,#9743,#9744,.T.);
#7842=EDGE_CURVE('',#9743,#9745,#9746,.T.);
#7843=EDGE_CURVE('',#9745,#9738,#9747,.T.);
#7844=EDGE_CURVE('',#9748,#9749,#9750,.T.);
#7845=EDGE_CURVE('',#9748,#9751,#9752,.T.);
#7846=EDGE_CURVE('',#9751,#9753,#9754,.T.);
#7847=EDGE_CURVE('',#9749,#9753,#9755,.T.);
#7848=EDGE_CURVE('',#9756,#9757,#9758,.T.);
#7849=EDGE_CURVE('',#9757,#9759,#9760,.T.);
#7850=EDGE_CURVE('',#9759,#9761,#9762,.T.);
#7851=EDGE_CURVE('',#9761,#9763,#9764,.T.);
#7852=EDGE_CURVE('',#9763,#9756,#9765,.T.);
#7853=EDGE_CURVE('',#9766,#9767,#9768,.T.);
#7854=EDGE_CURVE('',#9766,#9769,#9770,.T.);
#7855=EDGE_CURVE('',#9769,#9771,#9772,.T.);
#7856=EDGE_CURVE('',#9767,#9771,#9773,.T.);
#7857=EDGE_CURVE('',#9774,#9775,#9776,.T.);
#7858=EDGE_CURVE('',#9775,#9777,#9778,.T.);
#7859=EDGE_CURVE('',#9777,#9779,#9780,.T.);
#7860=EDGE_CURVE('',#9779,#9774,#9781,.T.);
#7861=EDGE_CURVE('',#9782,#9783,#9784,.T.);
#7862=EDGE_CURVE('',#9782,#9785,#9786,.T.);
#7863=EDGE_CURVE('',#9785,#9787,#9788,.T.);
#7864=EDGE_CURVE('',#9783,#9787,#9789,.T.);
#7865=EDGE_CURVE('',#9790,#9791,#9792,.T.);
#7866=EDGE_CURVE('',#9791,#9793,#9794,.T.);
#7867=EDGE_CURVE('',#9793,#9795,#9796,.T.);
#7868=EDGE_CURVE('',#9795,#9797,#9798,.T.);
#7869=EDGE_CURVE('',#9797,#9790,#9799,.T.);
#7870=EDGE_CURVE('',#9800,#9801,#9802,.T.);
#7871=EDGE_CURVE('',#9800,#9803,#9804,.T.);
#7872=EDGE_CURVE('',#9803,#9805,#9806,.T.);
#7873=EDGE_CURVE('',#9801,#9805,#9807,.T.);
#7874=EDGE_CURVE('',#9808,#9809,#9810,.T.);
#7875=EDGE_CURVE('',#9809,#9811,#9812,.T.);
#7876=EDGE_CURVE('',#9811,#9813,#9814,.T.);
#7877=EDGE_CURVE('',#9813,#9815,#9816,.T.);
#7878=EDGE_CURVE('',#9815,#9808,#9817,.T.);
#7879=EDGE_CURVE('',#9818,#9819,#9820,.T.);
#7880=EDGE_CURVE('',#9818,#9821,#9822,.T.);
#7881=EDGE_CURVE('',#9821,#9823,#9824,.T.);
#7882=EDGE_CURVE('',#9819,#9823,#9825,.T.);
#7883=EDGE_CURVE('',#9826,#9827,#9828,.T.);
#7884=EDGE_CURVE('',#9827,#9829,#9830,.T.);
#7885=EDGE_CURVE('',#9829,#9831,#9832,.T.);
#7886=EDGE_CURVE('',#9831,#9833,#9834,.T.);
#7887=EDGE_CURVE('',#9833,#9826,#9835,.T.);
#7888=EDGE_CURVE('',#9836,#9837,#9838,.T.);
#7889=EDGE_CURVE('',#9836,#9839,#9840,.T.);
#7890=EDGE_CURVE('',#9839,#9841,#9842,.T.);
#7891=EDGE_CURVE('',#9837,#9841,#9843,.T.);
#7892=EDGE_CURVE('',#9844,#9845,#9846,.T.);
#7893=EDGE_CURVE('',#9845,#9847,#9848,.T.);
#7894=EDGE_CURVE('',#9847,#9849,#9850,.T.);
#7895=EDGE_CURVE('',#9849,#9851,#9852,.T.);
#7896=EDGE_CURVE('',#9851,#9844,#9853,.T.);
#7897=EDGE_CURVE('',#9670,#9612,#9854,.T.);
#7898=EDGE_CURVE('',#9667,#9614,#9855,.T.);
#7899=EDGE_CURVE('',#9856,#9857,#9858,.T.);
#7900=EDGE_CURVE('',#9857,#9859,#9860,.T.);
#7901=EDGE_CURVE('',#9859,#9861,#9862,.T.);
#7902=EDGE_CURVE('',#9861,#9863,#9864,.T.);
#7903=EDGE_CURVE('',#9863,#9856,#9865,.T.);
#7904=EDGE_CURVE('',#9659,#9606,#9866,.T.);
#7905=EDGE_CURVE('',#9867,#9868,#9869,.T.);
#7906=EDGE_CURVE('',#9868,#9870,#9871,.T.);
#7907=EDGE_CURVE('',#9870,#9872,#9873,.T.);
#7908=EDGE_CURVE('',#9872,#9874,#9875,.T.);
#7909=EDGE_CURVE('',#9874,#9867,#9876,.T.);
#7910=EDGE_CURVE('',#9376,#9312,#9877,.T.);
#7911=EDGE_CURVE('',#9373,#9314,#9878,.T.);
#7912=EDGE_CURVE('',#9879,#9880,#9881,.T.);
#7913=EDGE_CURVE('',#9880,#9882,#9883,.T.);
#7914=EDGE_CURVE('',#9882,#9884,#9885,.T.);
#7915=EDGE_CURVE('',#9884,#9886,#9887,.T.);
#7916=EDGE_CURVE('',#9886,#9879,#9888,.T.);
#7917=EDGE_CURVE('',#9368,#9304,#9889,.T.);
#7918=EDGE_CURVE('',#9365,#9306,#9890,.T.);
#7919=EDGE_CURVE('',#9891,#9702,#9892,.T.);
#7920=EDGE_CURVE('',#9893,#9709,#9894,.T.);
#7921=EDGE_CURVE('',#9893,#9891,#9895,.T.);
#7922=EDGE_CURVE('',#9896,#9893,#9897,.T.);
#7923=EDGE_CURVE('',#9898,#9896,#9899,.T.);
#7924=EDGE_CURVE('',#9900,#9898,#9901,.T.);
#7925=EDGE_CURVE('',#9891,#9900,#9902,.T.);
#7926=EDGE_CURVE('',#9903,#9904,#9905,.T.);
#7927=EDGE_CURVE('',#9906,#9903,#9907,.T.);
#7928=EDGE_CURVE('',#9908,#9906,#9909,.T.);
#7929=EDGE_CURVE('',#9910,#9908,#9911,.T.);
#7930=EDGE_CURVE('',#9904,#9910,#9912,.T.);
#7931=EDGE_CURVE('',#9913,#9914,#9915,.T.);
#7932=EDGE_CURVE('',#9916,#9913,#9917,.T.);
#7933=EDGE_CURVE('',#9918,#9916,#9919,.T.);
#7934=EDGE_CURVE('',#9920,#9918,#9921,.T.);
#7935=EDGE_CURVE('',#9914,#9920,#9922,.T.);
#7936=EDGE_CURVE('',#9923,#9924,#9925,.T.);
#7937=EDGE_CURVE('',#9926,#9923,#9927,.T.);
#7938=EDGE_CURVE('',#9928,#9926,#9929,.T.);
#7939=EDGE_CURVE('',#9930,#9928,#9931,.T.);
#7940=EDGE_CURVE('',#9924,#9930,#9932,.T.);
#7941=EDGE_CURVE('',#9933,#9934,#9935,.T.);
#7942=EDGE_CURVE('',#9936,#9933,#9937,.T.);
#7943=EDGE_CURVE('',#9938,#9936,#9939,.T.);
#7944=EDGE_CURVE('',#9940,#9938,#9941,.T.);
#7945=EDGE_CURVE('',#9934,#9940,#9942,.T.);
#7946=EDGE_CURVE('',#9943,#9944,#9945,.T.);
#7947=EDGE_CURVE('',#9946,#9943,#9947,.T.);
#7948=EDGE_CURVE('',#9948,#9946,#9949,.T.);
#7949=EDGE_CURVE('',#9950,#9948,#9951,.T.);
#7950=EDGE_CURVE('',#9944,#9950,#9952,.T.);
#7951=EDGE_CURVE('',#9953,#9954,#9955,.T.);
#7952=EDGE_CURVE('',#9956,#9953,#9957,.T.);
#7953=EDGE_CURVE('',#9958,#9956,#9959,.T.);
#7954=EDGE_CURVE('',#9954,#9958,#9960,.T.);
#7955=EDGE_CURVE('',#9961,#9962,#9963,.T.);
#7956=EDGE_CURVE('',#9964,#9961,#9965,.T.);
#7957=EDGE_CURVE('',#9966,#9964,#9967,.T.);
#7958=EDGE_CURVE('',#9968,#9966,#9969,.T.);
#7959=EDGE_CURVE('',#9962,#9968,#9970,.T.);
#7960=EDGE_CURVE('',#9971,#9972,#9973,.T.);
#7961=EDGE_CURVE('',#9974,#9971,#9975,.T.);
#7962=EDGE_CURVE('',#9976,#9974,#9977,.T.);
#7963=EDGE_CURVE('',#9978,#9976,#9979,.T.);
#7964=EDGE_CURVE('',#9972,#9978,#9980,.T.);
#7965=EDGE_CURVE('',#9981,#9982,#9983,.T.);
#7966=EDGE_CURVE('',#9984,#9981,#9985,.T.);
#7967=EDGE_CURVE('',#9986,#9984,#9987,.T.);
#7968=EDGE_CURVE('',#9988,#9986,#9989,.T.);
#7969=EDGE_CURVE('',#9982,#9988,#9990,.T.);
#7970=EDGE_CURVE('',#9991,#9992,#9993,.T.);
#7971=EDGE_CURVE('',#9994,#9991,#9995,.T.);
#7972=EDGE_CURVE('',#9996,#9994,#9997,.T.);
#7973=EDGE_CURVE('',#9998,#9996,#9999,.T.);
#7974=EDGE_CURVE('',#9992,#9998,#10000,.T.);
#7975=EDGE_CURVE('',#10001,#10002,#10003,.T.);
#7976=EDGE_CURVE('',#10004,#10001,#10005,.T.);
#7977=EDGE_CURVE('',#10006,#10004,#10007,.T.);
#7978=EDGE_CURVE('',#10008,#10006,#10009,.T.);
#7979=EDGE_CURVE('',#10002,#10008,#10010,.T.);
#7980=EDGE_CURVE('',#9900,#9703,#10011,.T.);
#7981=EDGE_CURVE('',#9898,#9705,#10012,.T.);
#7982=EDGE_CURVE('',#9896,#9707,#10013,.T.);
#7983=EDGE_CURVE('',#9910,#9720,#10014,.T.);
#7984=EDGE_CURVE('',#9904,#9727,#10015,.T.);
#7985=EDGE_CURVE('',#9903,#9725,#10016,.T.);
#7986=EDGE_CURVE('',#9906,#9723,#10017,.T.);
#7987=EDGE_CURVE('',#9908,#9721,#10018,.T.);
#7988=EDGE_CURVE('',#9920,#9868,#10019,.T.);
#7989=EDGE_CURVE('',#9914,#9867,#10020,.T.);
#7990=EDGE_CURVE('',#9913,#9874,#10021,.T.);
#7991=EDGE_CURVE('',#9916,#9872,#10022,.T.);
#7992=EDGE_CURVE('',#9918,#9870,#10023,.T.);
#7993=EDGE_CURVE('',#9930,#9880,#10024,.T.);
#7994=EDGE_CURVE('',#9924,#9879,#10025,.T.);
#7995=EDGE_CURVE('',#9923,#9886,#10026,.T.);
#7996=EDGE_CURVE('',#9926,#9884,#10027,.T.);
#7997=EDGE_CURVE('',#9928,#9882,#10028,.T.);
#7998=EDGE_CURVE('',#9940,#9738,#10029,.T.);
#7999=EDGE_CURVE('',#9934,#9745,#10030,.T.);
#8000=EDGE_CURVE('',#9933,#9743,#10031,.T.);
#8001=EDGE_CURVE('',#9936,#9741,#10032,.T.);
#8002=EDGE_CURVE('',#9938,#9739,#10033,.T.);
#8003=EDGE_CURVE('',#9950,#9756,#10034,.T.);
#8004=EDGE_CURVE('',#9944,#9763,#10035,.T.);
#8005=EDGE_CURVE('',#9943,#9761,#10036,.T.);
#8006=EDGE_CURVE('',#9946,#9759,#10037,.T.);
#8007=EDGE_CURVE('',#9948,#9757,#10038,.T.);
#8008=EDGE_CURVE('',#9958,#9774,#10039,.T.);
#8009=EDGE_CURVE('',#9954,#9779,#10040,.T.);
#8010=EDGE_CURVE('',#9953,#9777,#10041,.T.);
#8011=EDGE_CURVE('',#9956,#9775,#10042,.T.);
#8012=EDGE_CURVE('',#9968,#9790,#10043,.T.);
#8013=EDGE_CURVE('',#9962,#9797,#10044,.T.);
#8014=EDGE_CURVE('',#9961,#9795,#10045,.T.);
#8015=EDGE_CURVE('',#9964,#9793,#10046,.T.);
#8016=EDGE_CURVE('',#9966,#9791,#10047,.T.);
#8017=EDGE_CURVE('',#9978,#9808,#10048,.T.);
#8018=EDGE_CURVE('',#9972,#9815,#10049,.T.);
#8019=EDGE_CURVE('',#9971,#9813,#10050,.T.);
#8020=EDGE_CURVE('',#9974,#9811,#10051,.T.);
#8021=EDGE_CURVE('',#9976,#9809,#10052,.T.);
#8022=EDGE_CURVE('',#9988,#9826,#10053,.T.);
#8023=EDGE_CURVE('',#9982,#9833,#10054,.T.);
#8024=EDGE_CURVE('',#9981,#9831,#10055,.T.);
#8025=EDGE_CURVE('',#9984,#9829,#10056,.T.);
#8026=EDGE_CURVE('',#9986,#9827,#10057,.T.);
#8027=EDGE_CURVE('',#9998,#9844,#10058,.T.);
#8028=EDGE_CURVE('',#9992,#9851,#10059,.T.);
#8029=EDGE_CURVE('',#9991,#9849,#10060,.T.);
#8030=EDGE_CURVE('',#9994,#9847,#10061,.T.);
#8031=EDGE_CURVE('',#9996,#9845,#10062,.T.);
#8032=EDGE_CURVE('',#10008,#9856,#10063,.T.);
#8033=EDGE_CURVE('',#10002,#9863,#10064,.T.);
#8034=EDGE_CURVE('',#10001,#9861,#10065,.T.);
#8035=EDGE_CURVE('',#10004,#9859,#10066,.T.);
#8036=EDGE_CURVE('',#10006,#9857,#10067,.T.);
#8037=EDGE_CURVE('',#9045,#10068,#10069,.T.);
#8038=EDGE_CURVE('',#10068,#10070,#10071,.T.);
#8039=EDGE_CURVE('',#10070,#9035,#10072,.T.);
#8040=EDGE_CURVE('',#10073,#9713,#10074,.T.);
#8041=EDGE_CURVE('',#9717,#10075,#10076,.T.);
#8042=EDGE_CURVE('',#10075,#10073,#10077,.T.);
#8043=EDGE_CURVE('',#10078,#9731,#10079,.T.);
#8044=EDGE_CURVE('',#9735,#10080,#10081,.T.);
#8045=EDGE_CURVE('',#10080,#10078,#10082,.T.);
#8046=EDGE_CURVE('',#10083,#10084,#10085,.T.);
#8047=EDGE_CURVE('',#10084,#9027,#10086,.T.);
#8048=EDGE_CURVE('',#9033,#10087,#10088,.T.);
#8049=EDGE_CURVE('',#10087,#10089,#10090,.T.);
#8050=EDGE_CURVE('',#10089,#10083,#10091,.T.);
#8051=EDGE_CURVE('',#9461,#10092,#10093,.T.);
#8052=EDGE_CURVE('',#10092,#9252,#10094,.T.);
#8053=EDGE_CURVE('',#10070,#10095,#10096,.T.);
#8054=EDGE_CURVE('',#10095,#9237,#10097,.T.);
#8055=EDGE_CURVE('',#9237,#10098,#10099,.T.);
#8056=EDGE_CURVE('',#10098,#9037,#10100,.T.);
#8057=EDGE_CURVE('',#10101,#9023,#10102,.T.);
#8058=EDGE_CURVE('',#10103,#9029,#10104,.T.);
#8059=EDGE_CURVE('',#10101,#10103,#10105,.T.);
#8060=EDGE_CURVE('',#10106,#9032,#10107,.T.);
#8061=EDGE_CURVE('',#10106,#10098,#10108,.T.);
#8062=EDGE_CURVE('',#10109,#9040,#10110,.T.);
#8063=EDGE_CURVE('',#10111,#10109,#10112,.T.);
#8064=EDGE_CURVE('',#10111,#9043,#10113,.T.);
#8065=EDGE_CURVE('',#9233,#10103,#10114,.T.);
#8066=EDGE_CURVE('',#8928,#10101,#10115,.T.);
#8067=EDGE_CURVE('',#9235,#10106,#10116,.T.);
#8068=EDGE_CURVE('',#9239,#10111,#10117,.T.);
#8069=EDGE_CURVE('',#10109,#9241,#10118,.T.);
#8070=EDGE_CURVE('',#8893,#10119,#10120,.T.);
#8071=EDGE_CURVE('',#10119,#8911,#10121,.T.);
#8072=EDGE_CURVE('',#10122,#9427,#10123,.T.);
#8073=EDGE_CURVE('',#8944,#10122,#10124,.T.);
#8074=EDGE_CURVE('',#8943,#10125,#10126,.T.);
#8075=EDGE_CURVE('',#10127,#10125,#10128,.T.);
#8076=EDGE_CURVE('',#8960,#10127,#10129,.T.);
#8077=EDGE_CURVE('',#8959,#10130,#10131,.T.);
#8078=EDGE_CURVE('',#10132,#10130,#10133,.T.);
#8079=EDGE_CURVE('',#8976,#10132,#10134,.T.);
#8080=EDGE_CURVE('',#10135,#9644,#10136,.T.);
#8081=EDGE_CURVE('',#9011,#10135,#10137,.T.);
#8082=EDGE_CURVE('',#9652,#10138,#10139,.T.);
#8083=EDGE_CURVE('',#10138,#9145,#10140,.T.);
#8084=EDGE_CURVE('',#9137,#10141,#10142,.T.);
#8085=EDGE_CURVE('',#10135,#10141,#10143,.T.);
#8086=EDGE_CURVE('',#9139,#10144,#10145,.T.);
#8087=EDGE_CURVE('',#10144,#9634,#10146,.T.);
#8088=EDGE_CURVE('',#10138,#9639,#10147,.T.);
#8089=EDGE_CURVE('',#9616,#9668,#10148,.T.);
#8090=EDGE_CURVE('',#10141,#9646,#10149,.T.);
#8091=EDGE_CURVE('',#10144,#9649,#10150,.T.);
#8092=EDGE_CURVE('',#9620,#9679,#10151,.T.);
#8093=EDGE_CURVE('',#9619,#9681,#10152,.T.);
#8094=EDGE_CURVE('',#10153,#9681,#10154,.T.);
#8095=EDGE_CURVE('',#9619,#10155,#10156,.T.);
#8096=EDGE_CURVE('',#10155,#10153,#10157,.T.);
#8097=EDGE_CURVE('',#10158,#10155,#10159,.T.);
#8098=EDGE_CURVE('',#10158,#10160,#10161,.T.);
#8099=EDGE_CURVE('',#10153,#10160,#10162,.T.);
#8100=EDGE_CURVE('',#10160,#9676,#10163,.T.);
#8101=EDGE_CURVE('',#10158,#9625,#10164,.T.);
#8102=EDGE_CURVE('',#9625,#9676,#10165,.T.);
#8103=EDGE_CURVE('',#9623,#9675,#10166,.T.);
#8104=EDGE_CURVE('',#10167,#9668,#10168,.T.);
#8105=EDGE_CURVE('',#10169,#10167,#10170,.T.);
#8106=EDGE_CURVE('',#10169,#9616,#10171,.T.);
#8107=EDGE_CURVE('',#9611,#10172,#10173,.T.);
#8108=EDGE_CURVE('',#10169,#10172,#10174,.T.);
#8109=EDGE_CURVE('',#10175,#10167,#10176,.T.);
#8110=EDGE_CURVE('',#10172,#10175,#10177,.T.);
#8111=EDGE_CURVE('',#10175,#9672,#10178,.T.);
#8112=EDGE_CURVE('',#9611,#9672,#10179,.T.);
#8113=EDGE_CURVE('',#9167,#10180,#10181,.T.);
#8114=EDGE_CURVE('',#10180,#10182,#10183,.T.);
#8115=EDGE_CURVE('',#10182,#9169,#10184,.T.);
#8116=EDGE_CURVE('',#9161,#10185,#10186,.T.);
#8117=EDGE_CURVE('',#10132,#10185,#10187,.T.);
#8118=EDGE_CURVE('',#9165,#10188,#10189,.T.);
#8119=EDGE_CURVE('',#9163,#10190,#10191,.T.);
#8120=EDGE_CURVE('',#10190,#10188,#10192,.T.);
#8121=EDGE_CURVE('',#10182,#10193,#10194,.T.);
#8122=EDGE_CURVE('',#10193,#9171,#10195,.T.);
#8123=EDGE_CURVE('',#9823,#10196,#10197,.T.);
#8124=EDGE_CURVE('',#9821,#10198,#10199,.T.);
#8125=EDGE_CURVE('',#10196,#10198,#10200,.T.);
#8126=EDGE_CURVE('',#10201,#10193,#10202,.T.);
#8127=EDGE_CURVE('',#10201,#9173,#10203,.T.);
#8128=EDGE_CURVE('',#10204,#9179,#10205,.T.);
#8129=EDGE_CURVE('',#10130,#10204,#10206,.T.);
#8130=EDGE_CURVE('',#10207,#9177,#10208,.T.);
#8131=EDGE_CURVE('',#10209,#9175,#10210,.T.);
#8132=EDGE_CURVE('',#10207,#10209,#10211,.T.);
#8133=EDGE_CURVE('',#10180,#10201,#10212,.T.);
#8134=EDGE_CURVE('',#9167,#10213,#10214,.T.);
#8135=EDGE_CURVE('',#10215,#10213,#10216,.T.);
#8136=EDGE_CURVE('',#9173,#10215,#10217,.T.);
#8137=EDGE_CURVE('',#10215,#10218,#10219,.T.);
#8138=EDGE_CURVE('',#10218,#9175,#10220,.T.);
#8139=EDGE_CURVE('',#10221,#9837,#10222,.T.);
#8140=EDGE_CURVE('',#9841,#10223,#10224,.T.);
#8141=EDGE_CURVE('',#10223,#10221,#10225,.T.);
#8142=EDGE_CURVE('',#10226,#9819,#10227,.T.);
#8143=EDGE_CURVE('',#10196,#10226,#10228,.T.);
#8144=EDGE_CURVE('',#10229,#10230,#10231,.T.);
#8145=EDGE_CURVE('',#10230,#9179,#10232,.T.);
#8146=EDGE_CURVE('',#9177,#10233,#10234,.T.);
#8147=EDGE_CURVE('',#10233,#10235,#10236,.T.);
#8148=EDGE_CURVE('',#10235,#10229,#10237,.T.);
#8149=EDGE_CURVE('',#10238,#9279,#10239,.T.);
#8150=EDGE_CURVE('',#10238,#9441,#10240,.T.);
#8151=EDGE_CURVE('',#10218,#10241,#10242,.T.);
#8152=EDGE_CURVE('',#10241,#9165,#10243,.T.);
#8153=EDGE_CURVE('',#10188,#10209,#10244,.T.);
#8154=EDGE_CURVE('',#10185,#10204,#10245,.T.);
#8155=EDGE_CURVE('',#10190,#10207,#10246,.T.);
#8156=EDGE_CURVE('',#10230,#10247,#10248,.T.);
#8157=EDGE_CURVE('',#10247,#9161,#10249,.T.);
#8158=EDGE_CURVE('',#10213,#10241,#10250,.T.);
#8159=EDGE_CURVE('',#9839,#10251,#10252,.T.);
#8160=EDGE_CURVE('',#10253,#9836,#10254,.T.);
#8161=EDGE_CURVE('',#10253,#10251,#10255,.T.);
#8162=EDGE_CURVE('',#10256,#9818,#10257,.T.);
#8163=EDGE_CURVE('',#10256,#10198,#10258,.T.);
#8164=EDGE_CURVE('',#10259,#10260,#10261,.T.);
#8165=EDGE_CURVE('',#9163,#10259,#10262,.T.);
#8166=EDGE_CURVE('',#10263,#10247,#10264,.T.);
#8167=EDGE_CURVE('',#10263,#10260,#10265,.T.);
#8168=EDGE_CURVE('',#9281,#10266,#10267,.T.);
#8169=EDGE_CURVE('',#10266,#9439,#10268,.T.);
#8170=EDGE_CURVE('',#10269,#10253,#10270,.T.);
#8171=EDGE_CURVE('',#10269,#10271,#10272,.T.);
#8172=EDGE_CURVE('',#10251,#10271,#10273,.T.);
#8173=EDGE_CURVE('',#10223,#10251,#10274,.T.);
#8174=EDGE_CURVE('',#10275,#10271,#10276,.T.);
#8175=EDGE_CURVE('',#10275,#10223,#10277,.T.);
#8176=EDGE_CURVE('',#10221,#10278,#10279,.T.);
#8177=EDGE_CURVE('',#10275,#10278,#10280,.T.);
#8178=EDGE_CURVE('',#10278,#10269,#10281,.T.);
#8179=EDGE_CURVE('',#10221,#10253,#10282,.T.);
#8180=EDGE_CURVE('',#10283,#10256,#10284,.T.);
#8181=EDGE_CURVE('',#10283,#10285,#10286,.T.);
#8182=EDGE_CURVE('',#10285,#10198,#10287,.T.);
#8183=EDGE_CURVE('',#10288,#10285,#10289,.T.);
#8184=EDGE_CURVE('',#10288,#10196,#10290,.T.);
#8185=EDGE_CURVE('',#10226,#10291,#10292,.T.);
#8186=EDGE_CURVE('',#10288,#10291,#10293,.T.);
#8187=EDGE_CURVE('',#10291,#10283,#10294,.T.);
#8188=EDGE_CURVE('',#10226,#10256,#10295,.T.);
#8189=EDGE_CURVE('',#10296,#10263,#10297,.T.);
#8190=EDGE_CURVE('',#10296,#10298,#10299,.T.);
#8191=EDGE_CURVE('',#10298,#10260,#10300,.T.);
#8192=EDGE_CURVE('',#10301,#10298,#10302,.T.);
#8193=EDGE_CURVE('',#10301,#10235,#10303,.T.);
#8194=EDGE_CURVE('',#10235,#10260,#10304,.T.);
#8195=EDGE_CURVE('',#10233,#10259,#10305,.T.);
#8196=EDGE_CURVE('',#10229,#10306,#10307,.T.);
#8197=EDGE_CURVE('',#10301,#10306,#10308,.T.);
#8198=EDGE_CURVE('',#10306,#10296,#10309,.T.);
#8199=EDGE_CURVE('',#10229,#10263,#10310,.T.);
#8200=EDGE_CURVE('',#10311,#9453,#10312,.T.);
#8201=EDGE_CURVE('',#10311,#10313,#10314,.T.);
#8202=EDGE_CURVE('',#10315,#10313,#10316,.T.);
#8203=EDGE_CURVE('',#10317,#10315,#10318,.T.);
#8204=EDGE_CURVE('',#10317,#9455,#10319,.T.);
#8205=EDGE_CURVE('',#10320,#9446,#10321,.T.);
#8206=EDGE_CURVE('',#10320,#10322,#10323,.T.);
#8207=EDGE_CURVE('',#10324,#10322,#10325,.T.);
#8208=EDGE_CURVE('',#10326,#10324,#10327,.T.);
#8209=EDGE_CURVE('',#10326,#9448,#10328,.T.);
#8210=EDGE_CURVE('',#10266,#10329,#10330,.T.);
#8211=EDGE_CURVE('',#10331,#10329,#10332,.T.);
#8212=EDGE_CURVE('',#10238,#10331,#10333,.T.);
#8213=EDGE_CURVE('',#9684,#10334,#10335,.T.);
#8214=EDGE_CURVE('',#10336,#10334,#10337,.T.);
#8215=EDGE_CURVE('',#9628,#10336,#10338,.T.);
#8216=EDGE_CURVE('',#9221,#10339,#10340,.T.);
#8217=EDGE_CURVE('',#10339,#10341,#10342,.T.);
#8218=EDGE_CURVE('',#10341,#9223,#10343,.T.);
#8219=EDGE_CURVE('',#10344,#9767,#10345,.T.);
#8220=EDGE_CURVE('',#9771,#10346,#10347,.T.);
#8221=EDGE_CURVE('',#10346,#10344,#10348,.T.);
#8222=EDGE_CURVE('',#10349,#9749,#10350,.T.);
#8223=EDGE_CURVE('',#9753,#10351,#10352,.T.);
#8224=EDGE_CURVE('',#10351,#10349,#10353,.T.);
#8225=EDGE_CURVE('',#10354,#10355,#10356,.T.);
#8226=EDGE_CURVE('',#10355,#9227,#10357,.T.);
#8227=EDGE_CURVE('',#9225,#10358,#10359,.T.);
#8228=EDGE_CURVE('',#10358,#10360,#10361,.T.);
#8229=EDGE_CURVE('',#10360,#10354,#10362,.T.);
#8230=EDGE_CURVE('',#10317,#9261,#10363,.T.);
#8231=EDGE_CURVE('',#10341,#10364,#10365,.T.);
#8232=EDGE_CURVE('',#10364,#9213,#10366,.T.);
#8233=EDGE_CURVE('',#9213,#10367,#10368,.T.);
#8234=EDGE_CURVE('',#10367,#9434,#10369,.T.);
#8235=EDGE_CURVE('',#10370,#9429,#10371,.T.);
#8236=EDGE_CURVE('',#10122,#10370,#10372,.T.);
#8237=EDGE_CURVE('',#10373,#9432,#10374,.T.);
#8238=EDGE_CURVE('',#10373,#10367,#10375,.T.);
#8239=EDGE_CURVE('',#10376,#9422,#10377,.T.);
#8240=EDGE_CURVE('',#10378,#10376,#10379,.T.);
#8241=EDGE_CURVE('',#10378,#9424,#10380,.T.);
#8242=EDGE_CURVE('',#9215,#10378,#10381,.T.);
#8243=EDGE_CURVE('',#10376,#9217,#10382,.T.);
#8244=EDGE_CURVE('',#9209,#10370,#10383,.T.);
#8245=EDGE_CURVE('',#9211,#10373,#10384,.T.);
#8246=EDGE_CURVE('',#9751,#10385,#10386,.T.);
#8247=EDGE_CURVE('',#10351,#10385,#10387,.T.);
#8248=EDGE_CURVE('',#10388,#10385,#10389,.T.);
#8249=EDGE_CURVE('',#10390,#10388,#10391,.T.);
#8250=EDGE_CURVE('',#10390,#10351,#10392,.T.);
#8251=EDGE_CURVE('',#10349,#10393,#10394,.T.);
#8252=EDGE_CURVE('',#10390,#10393,#10395,.T.);
#8253=EDGE_CURVE('',#10396,#10388,#10397,.T.);
#8254=EDGE_CURVE('',#10393,#10396,#10398,.T.);
#8255=EDGE_CURVE('',#10396,#10399,#10400,.T.);
#8256=EDGE_CURVE('',#10349,#10399,#10401,.T.);
#8257=EDGE_CURVE('',#10399,#9748,#10402,.T.);
#8258=EDGE_CURVE('',#10403,#10364,#10404,.T.);
#8259=EDGE_CURVE('',#9215,#10403,#10405,.T.);
#8260=EDGE_CURVE('',#9769,#10406,#10407,.T.);
#8261=EDGE_CURVE('',#10408,#9766,#10409,.T.);
#8262=EDGE_CURVE('',#10408,#10406,#10410,.T.);
#8263=EDGE_CURVE('',#10399,#10385,#10411,.T.);
#8264=EDGE_CURVE('',#10412,#10413,#10414,.T.);
#8265=EDGE_CURVE('',#9211,#10412,#10415,.T.);
#8266=EDGE_CURVE('',#10416,#9209,#10417,.T.);
#8267=EDGE_CURVE('',#10418,#10416,#10419,.T.);
#8268=EDGE_CURVE('',#10418,#10413,#10420,.T.);
#8269=EDGE_CURVE('',#9263,#10311,#10421,.T.);
#8270=EDGE_CURVE('',#10339,#10403,#10422,.T.);
#8271=EDGE_CURVE('',#10423,#10408,#10424,.T.);
#8272=EDGE_CURVE('',#10423,#10425,#10426,.T.);
#8273=EDGE_CURVE('',#10406,#10425,#10427,.T.);
#8274=EDGE_CURVE('',#10346,#10406,#10428,.T.);
#8275=EDGE_CURVE('',#10429,#10425,#10430,.T.);
#8276=EDGE_CURVE('',#10429,#10346,#10431,.T.);
#8277=EDGE_CURVE('',#10344,#10432,#10433,.T.);
#8278=EDGE_CURVE('',#10429,#10432,#10434,.T.);
#8279=EDGE_CURVE('',#10432,#10423,#10435,.T.);
#8280=EDGE_CURVE('',#10344,#10408,#10436,.T.);
#8281=EDGE_CURVE('',#10437,#10418,#10438,.T.);
#8282=EDGE_CURVE('',#10437,#10439,#10440,.T.);
#8283=EDGE_CURVE('',#10439,#10413,#10441,.T.);
#8284=EDGE_CURVE('',#10442,#10439,#10443,.T.);
#8285=EDGE_CURVE('',#10442,#10360,#10444,.T.);
#8286=EDGE_CURVE('',#10360,#10413,#10445,.T.);
#8287=EDGE_CURVE('',#10358,#10412,#10446,.T.);
#8288=EDGE_CURVE('',#10354,#10447,#10448,.T.);
#8289=EDGE_CURVE('',#10442,#10447,#10449,.T.);
#8290=EDGE_CURVE('',#10447,#10437,#10450,.T.);
#8291=EDGE_CURVE('',#10354,#10418,#10451,.T.);
#8292=EDGE_CURVE('',#10355,#10416,#10452,.T.);
#8293=EDGE_CURVE('',#10453,#9263,#10454,.T.);
#8294=EDGE_CURVE('',#10453,#10455,#10456,.T.);
#8295=EDGE_CURVE('',#10455,#10313,#10457,.T.);
#8296=EDGE_CURVE('',#10458,#10455,#10459,.T.);
#8297=EDGE_CURVE('',#10458,#10315,#10460,.T.);
#8298=EDGE_CURVE('',#10458,#10461,#10462,.T.);
#8299=EDGE_CURVE('',#9261,#10461,#10463,.T.);
#8300=EDGE_CURVE('',#10461,#10453,#10464,.T.);
#8301=EDGE_CURVE('',#9197,#10465,#10466,.T.);
#8302=EDGE_CURVE('',#10465,#10467,#10468,.T.);
#8303=EDGE_CURVE('',#10467,#9199,#10469,.T.);
#8304=EDGE_CURVE('',#10470,#9783,#10471,.T.);
#8305=EDGE_CURVE('',#9787,#10472,#10473,.T.);
#8306=EDGE_CURVE('',#10472,#10470,#10474,.T.);
#8307=EDGE_CURVE('',#10475,#9801,#10476,.T.);
#8308=EDGE_CURVE('',#9805,#10477,#10478,.T.);
#8309=EDGE_CURVE('',#10477,#10475,#10479,.T.);
#8310=EDGE_CURVE('',#10480,#10481,#10482,.T.);
#8311=EDGE_CURVE('',#10481,#9203,#10483,.T.);
#8312=EDGE_CURVE('',#9201,#10484,#10485,.T.);
#8313=EDGE_CURVE('',#10484,#10486,#10487,.T.);
#8314=EDGE_CURVE('',#10486,#10480,#10488,.T.);
#8315=EDGE_CURVE('',#10326,#9270,#10489,.T.);
#8316=EDGE_CURVE('',#10467,#10490,#10491,.T.);
#8317=EDGE_CURVE('',#10490,#9189,#10492,.T.);
#8318=EDGE_CURVE('',#9189,#10493,#10494,.T.);
#8319=EDGE_CURVE('',#10493,#10495,#10496,.T.);
#8320=EDGE_CURVE('',#10495,#9199,#10497,.T.);
#8321=EDGE_CURVE('',#10498,#9195,#10499,.T.);
#8322=EDGE_CURVE('',#10500,#10498,#10501,.T.);
#8323=EDGE_CURVE('',#10500,#9197,#10502,.T.);
#8324=EDGE_CURVE('',#10503,#9203,#10504,.T.);
#8325=EDGE_CURVE('',#10125,#10503,#10505,.T.);
#8326=EDGE_CURVE('',#10506,#9201,#10507,.T.);
#8327=EDGE_CURVE('',#10506,#10495,#10508,.T.);
#8328=EDGE_CURVE('',#10509,#10500,#10510,.T.);
#8329=EDGE_CURVE('',#9191,#10509,#10511,.T.);
#8330=EDGE_CURVE('',#9191,#10512,#10513,.T.);
#8331=EDGE_CURVE('',#10465,#10512,#10514,.T.);
#8332=EDGE_CURVE('',#10512,#10490,#10515,.T.);
#8333=EDGE_CURVE('',#9785,#10516,#10517,.T.);
#8334=EDGE_CURVE('',#10518,#9782,#10519,.T.);
#8335=EDGE_CURVE('',#10518,#10516,#10520,.T.);
#8336=EDGE_CURVE('',#9803,#10521,#10522,.T.);
#8337=EDGE_CURVE('',#10523,#9800,#10524,.T.);
#8338=EDGE_CURVE('',#10523,#10521,#10525,.T.);
#8339=EDGE_CURVE('',#10526,#10527,#10528,.T.);
#8340=EDGE_CURVE('',#9187,#10526,#10529,.T.);
#8341=EDGE_CURVE('',#10530,#9185,#10531,.T.);
#8342=EDGE_CURVE('',#10532,#10530,#10533,.T.);
#8343=EDGE_CURVE('',#10532,#10527,#10534,.T.);
#8344=EDGE_CURVE('',#9272,#10320,#10535,.T.);
#8345=EDGE_CURVE('',#10536,#10518,#10537,.T.);
#8346=EDGE_CURVE('',#10536,#10538,#10539,.T.);
#8347=EDGE_CURVE('',#10516,#10538,#10540,.T.);
#8348=EDGE_CURVE('',#10472,#10516,#10541,.T.);
#8349=EDGE_CURVE('',#10542,#10538,#10543,.T.);
#8350=EDGE_CURVE('',#10542,#10472,#10544,.T.);
#8351=EDGE_CURVE('',#10470,#10545,#10546,.T.);
#8352=EDGE_CURVE('',#10542,#10545,#10547,.T.);
#8353=EDGE_CURVE('',#10545,#10536,#10548,.T.);
#8354=EDGE_CURVE('',#10470,#10518,#10549,.T.);
#8355=EDGE_CURVE('',#10550,#10523,#10551,.T.);
#8356=EDGE_CURVE('',#10550,#10552,#10553,.T.);
#8357=EDGE_CURVE('',#10552,#10521,#10554,.T.);
#8358=EDGE_CURVE('',#10555,#10552,#10556,.T.);
#8359=EDGE_CURVE('',#10555,#10477,#10557,.T.);
#8360=EDGE_CURVE('',#10477,#10521,#10558,.T.);
#8361=EDGE_CURVE('',#10559,#10498,#10560,.T.);
#8362=EDGE_CURVE('',#10559,#9193,#10561,.T.);
#8363=EDGE_CURVE('',#10509,#10559,#10562,.T.);
#8364=EDGE_CURVE('',#9185,#10563,#10564,.T.);
#8365=EDGE_CURVE('',#10127,#10563,#10565,.T.);
#8366=EDGE_CURVE('',#9187,#10566,#10567,.T.);
#8367=EDGE_CURVE('',#10566,#10493,#10568,.T.);
#8368=EDGE_CURVE('',#10563,#10503,#10569,.T.);
#8369=EDGE_CURVE('',#10566,#10506,#10570,.T.);
#8370=EDGE_CURVE('',#10481,#10530,#10571,.T.);
#8371=EDGE_CURVE('',#10480,#10532,#10572,.T.);
#8372=EDGE_CURVE('',#10573,#10532,#10574,.T.);
#8373=EDGE_CURVE('',#10480,#10575,#10576,.T.);
#8374=EDGE_CURVE('',#10575,#10573,#10577,.T.);
#8375=EDGE_CURVE('',#10578,#10575,#10579,.T.);
#8376=EDGE_CURVE('',#10578,#10580,#10581,.T.);
#8377=EDGE_CURVE('',#10573,#10580,#10582,.T.);
#8378=EDGE_CURVE('',#10580,#10527,#10583,.T.);
#8379=EDGE_CURVE('',#10578,#10486,#10584,.T.);
#8380=EDGE_CURVE('',#10486,#10527,#10585,.T.);
#8381=EDGE_CURVE('',#10484,#10526,#10586,.T.);
#8382=EDGE_CURVE('',#10475,#10587,#10588,.T.);
#8383=EDGE_CURVE('',#10555,#10587,#10589,.T.);
#8384=EDGE_CURVE('',#10587,#10550,#10590,.T.);
#8385=EDGE_CURVE('',#10475,#10523,#10591,.T.);
#8386=EDGE_CURVE('',#10592,#9272,#10593,.T.);
#8387=EDGE_CURVE('',#10592,#10594,#10595,.T.);
#8388=EDGE_CURVE('',#10594,#10322,#10596,.T.);
#8389=EDGE_CURVE('',#10597,#10594,#10598,.T.);
#8390=EDGE_CURVE('',#10597,#10324,#10599,.T.);
#8391=EDGE_CURVE('',#10597,#10600,#10601,.T.);
#8392=EDGE_CURVE('',#9270,#10600,#10602,.T.);
#8393=EDGE_CURVE('',#10600,#10592,#10603,.T.);
#8394=EDGE_CURVE('',#10604,#10331,#10605,.T.);
#8395=EDGE_CURVE('',#10604,#10606,#10607,.T.);
#8396=EDGE_CURVE('',#9279,#10606,#10608,.T.);
#8397=EDGE_CURVE('',#10606,#10609,#10610,.T.);
#8398=EDGE_CURVE('',#10609,#9281,#10611,.T.);
#8399=EDGE_CURVE('',#10609,#10612,#10613,.T.);
#8400=EDGE_CURVE('',#10612,#10329,#10614,.T.);
#8401=EDGE_CURVE('',#10604,#10612,#10615,.T.);
#8402=EDGE_CURVE('',#10616,#10336,#10617,.T.);
#8403=EDGE_CURVE('',#10616,#10618,#10619,.T.);
#8404=EDGE_CURVE('',#9288,#10618,#10620,.T.);
#8405=EDGE_CURVE('',#10618,#10621,#10622,.T.);
#8406=EDGE_CURVE('',#10621,#9290,#10623,.T.);
#8407=EDGE_CURVE('',#10621,#10624,#10625,.T.);
#8408=EDGE_CURVE('',#10624,#10334,#10626,.T.);
#8409=EDGE_CURVE('',#10616,#10624,#10627,.T.);
#8410=EDGE_CURVE('',#8863,#10119,#10628,.T.);
#8411=EDGE_CURVE('',#10084,#10629,#10630,.T.);
#8412=EDGE_CURVE('',#10629,#9233,#10631,.T.);
#8413=EDGE_CURVE('',#10632,#10095,#10633,.T.);
#8414=EDGE_CURVE('',#9239,#10632,#10634,.T.);
#8415=EDGE_CURVE('',#9715,#10635,#10636,.T.);
#8416=EDGE_CURVE('',#10637,#9712,#10638,.T.);
#8417=EDGE_CURVE('',#10637,#10635,#10639,.T.);
#8418=EDGE_CURVE('',#9733,#10640,#10641,.T.);
#8419=EDGE_CURVE('',#10642,#9730,#10643,.T.);
#8420=EDGE_CURVE('',#10642,#10640,#10644,.T.);
#8421=EDGE_CURVE('',#10645,#10646,#10647,.T.);
#8422=EDGE_CURVE('',#9235,#10645,#10648,.T.);
#8423=EDGE_CURVE('',#10649,#10629,#10650,.T.);
#8424=EDGE_CURVE('',#10649,#10646,#10651,.T.);
#8425=EDGE_CURVE('',#9459,#10652,#10653,.T.);
#8426=EDGE_CURVE('',#9254,#10652,#10654,.T.);
#8427=EDGE_CURVE('',#10068,#10632,#10655,.T.);
#8428=EDGE_CURVE('',#10656,#10637,#10657,.T.);
#8429=EDGE_CURVE('',#10656,#10658,#10659,.T.);
#8430=EDGE_CURVE('',#10635,#10658,#10660,.T.);
#8431=EDGE_CURVE('',#10075,#10635,#10661,.T.);
#8432=EDGE_CURVE('',#10662,#10658,#10663,.T.);
#8433=EDGE_CURVE('',#10662,#10075,#10664,.T.);
#8434=EDGE_CURVE('',#10073,#10665,#10666,.T.);
#8435=EDGE_CURVE('',#10662,#10665,#10667,.T.);
#8436=EDGE_CURVE('',#10665,#10656,#10668,.T.);
#8437=EDGE_CURVE('',#10073,#10637,#10669,.T.);
#8438=EDGE_CURVE('',#10670,#10642,#10671,.T.);
#8439=EDGE_CURVE('',#10670,#10672,#10673,.T.);
#8440=EDGE_CURVE('',#10672,#10640,#10674,.T.);
#8441=EDGE_CURVE('',#10675,#10672,#10676,.T.);
#8442=EDGE_CURVE('',#10675,#10080,#10677,.T.);
#8443=EDGE_CURVE('',#10080,#10640,#10678,.T.);
#8444=EDGE_CURVE('',#10078,#10679,#10680,.T.);
#8445=EDGE_CURVE('',#10675,#10679,#10681,.T.);
#8446=EDGE_CURVE('',#10679,#10670,#10682,.T.);
#8447=EDGE_CURVE('',#10078,#10642,#10683,.T.);
#8448=EDGE_CURVE('',#10684,#10649,#10685,.T.);
#8449=EDGE_CURVE('',#10684,#10686,#10687,.T.);
#8450=EDGE_CURVE('',#10686,#10646,#10688,.T.);
#8451=EDGE_CURVE('',#10689,#10686,#10690,.T.);
#8452=EDGE_CURVE('',#10689,#10089,#10691,.T.);
#8453=EDGE_CURVE('',#10089,#10646,#10692,.T.);
#8454=EDGE_CURVE('',#10087,#10645,#10693,.T.);
#8455=EDGE_CURVE('',#10083,#10694,#10695,.T.);
#8456=EDGE_CURVE('',#10689,#10694,#10696,.T.);
#8457=EDGE_CURVE('',#10694,#10684,#10697,.T.);
#8458=EDGE_CURVE('',#10083,#10649,#10698,.T.);
#8459=EDGE_CURVE('',#10699,#9254,#10700,.T.);
#8460=EDGE_CURVE('',#10699,#10701,#10702,.T.);
#8461=EDGE_CURVE('',#10701,#10652,#10703,.T.);
#8462=EDGE_CURVE('',#10704,#10701,#10705,.T.);
#8463=EDGE_CURVE('',#10704,#10092,#10706,.T.);
#8464=EDGE_CURVE('',#10092,#10652,#10707,.T.);
#8465=EDGE_CURVE('',#9252,#10708,#10709,.T.);
#8466=EDGE_CURVE('',#10704,#10708,#10710,.T.);
#8467=EDGE_CURVE('',#10708,#10699,#10711,.T.);
#8468=EDGE_CURVE('',#9316,#9374,#10712,.T.);
#8469=EDGE_CURVE('',#10713,#9374,#10714,.T.);
#8470=EDGE_CURVE('',#10715,#10713,#10716,.T.);
#8471=EDGE_CURVE('',#10715,#9316,#10717,.T.);
#8472=EDGE_CURVE('',#10715,#10718,#10719,.T.);
#8473=EDGE_CURVE('',#9311,#10718,#10720,.T.);
#8474=EDGE_CURVE('',#10718,#10721,#10722,.T.);
#8475=EDGE_CURVE('',#10721,#9378,#10723,.T.);
#8476=EDGE_CURVE('',#9311,#9378,#10724,.T.);
#8477=EDGE_CURVE('',#10721,#10713,#10725,.T.);
#8478=EDGE_CURVE('',#9308,#9366,#10726,.T.);
#8479=EDGE_CURVE('',#10727,#9366,#10728,.T.);
#8480=EDGE_CURVE('',#10729,#10727,#10730,.T.);
#8481=EDGE_CURVE('',#10729,#9308,#10731,.T.);
#8482=EDGE_CURVE('',#10729,#10732,#10733,.T.);
#8483=EDGE_CURVE('',#9303,#10732,#10734,.T.);
#8484=EDGE_CURVE('',#10732,#10735,#10736,.T.);
#8485=EDGE_CURVE('',#10735,#9370,#10737,.T.);
#8486=EDGE_CURVE('',#9303,#9370,#10738,.T.);
#8487=EDGE_CURVE('',#10735,#10727,#10739,.T.);
#8488=EDGE_CURVE('',#9330,#9389,#10740,.T.);
#8489=EDGE_CURVE('',#10741,#9389,#10742,.T.);
#8490=EDGE_CURVE('',#10743,#10741,#10744,.T.);
#8491=EDGE_CURVE('',#10743,#9330,#10745,.T.);
#8492=EDGE_CURVE('',#10743,#10746,#10747,.T.);
#8493=EDGE_CURVE('',#10746,#9095,#10748,.T.);
#8494=EDGE_CURVE('',#10746,#10749,#10750,.T.);
#8495=EDGE_CURVE('',#10749,#9096,#10751,.T.);
#8496=EDGE_CURVE('',#10749,#10741,#10752,.T.);
#8497=EDGE_CURVE('',#10753,#8986,#10754,.T.);
#8498=EDGE_CURVE('',#10753,#9470,#10755,.T.);
#8499=EDGE_CURVE('',#10756,#9091,#10757,.T.);
#8500=EDGE_CURVE('',#8796,#9464,#10758,.T.);
#8501=EDGE_CURVE('',#10756,#9464,#10759,.T.);
#8502=EDGE_CURVE('',#9468,#8660,#10760,.T.);
#8503=EDGE_CURVE('',#8853,#10761,#10762,.T.);
#8504=EDGE_CURVE('',#10761,#10753,#10763,.T.);
#8505=EDGE_CURVE('',#10756,#8903,#10764,.T.);
#8506=EDGE_CURVE('',#8988,#10761,#10765,.T.);
#8507=EDGE_CURVE('',#9107,#10766,#10767,.T.);
#8508=EDGE_CURVE('',#10766,#10768,#10769,.T.);
#8509=EDGE_CURVE('',#10768,#9101,#10770,.T.);
#8510=EDGE_CURVE('',#10768,#10771,#10772,.T.);
#8511=EDGE_CURVE('',#10771,#9103,#10773,.T.);
#8512=EDGE_CURVE('',#10774,#10771,#10775,.T.);
#8513=EDGE_CURVE('',#9105,#10774,#10776,.T.);
#8514=EDGE_CURVE('',#10766,#10774,#10777,.T.);
#8515=EDGE_CURVE('',#9323,#9381,#10778,.T.);
#8516=EDGE_CURVE('',#9325,#9382,#10779,.T.);
#8517=EDGE_CURVE('',#10780,#9382,#10781,.T.);
#8518=EDGE_CURVE('',#10782,#10780,#10783,.T.);
#8519=EDGE_CURVE('',#10782,#9325,#10784,.T.);
#8520=EDGE_CURVE('',#10782,#10785,#10786,.T.);
#8521=EDGE_CURVE('',#9319,#10785,#10787,.T.);
#8522=EDGE_CURVE('',#10785,#10788,#10789,.T.);
#8523=EDGE_CURVE('',#10788,#9385,#10790,.T.);
#8524=EDGE_CURVE('',#9319,#9385,#10791,.T.);
#8525=EDGE_CURVE('',#10788,#10780,#10792,.T.);
#8526=EDGE_CURVE('',#10793,#9249,#10794,.T.);
#8527=EDGE_CURVE('',#9081,#10793,#10795,.T.);
#8528=EDGE_CURVE('',#10796,#10793,#10797,.T.);
#8529=EDGE_CURVE('',#9084,#10796,#10798,.T.);
#8530=EDGE_CURVE('',#9247,#10796,#10799,.T.);
#8531=EDGE_CURVE('',#8713,#8652,#10800,.T.);
#8532=EDGE_CURVE('',#8650,#8715,#10801,.T.);
#8533=EDGE_CURVE('',#8806,#8771,#10802,.T.);
#8534=EDGE_CURVE('',#8821,#10803,#10804,.T.);
#8535=EDGE_CURVE('',#10805,#10803,#10806,.T.);
#8536=EDGE_CURVE('',#8811,#10805,#10807,.T.);
#8537=EDGE_CURVE('',#10808,#10805,#10809,.T.);
#8538=EDGE_CURVE('',#8810,#10808,#10810,.T.);
#8539=EDGE_CURVE('',#10811,#10808,#10812,.T.);
#8540=EDGE_CURVE('',#8813,#10811,#10813,.T.);
#8541=EDGE_CURVE('',#10814,#10811,#10815,.T.);
#8542=EDGE_CURVE('',#8815,#10814,#10816,.T.);
#8543=EDGE_CURVE('',#10817,#10814,#10818,.T.);
#8544=EDGE_CURVE('',#8817,#10817,#10819,.T.);
#8545=EDGE_CURVE('',#10820,#10817,#10821,.T.);
#8546=EDGE_CURVE('',#8819,#10820,#10822,.T.);
#8547=EDGE_CURVE('',#10803,#10820,#10823,.T.);
#8548=EDGE_CURVE('',#8759,#8726,#10824,.T.);
#8549=EDGE_CURVE('',#8757,#8728,#10825,.T.);
#8550=EDGE_CURVE('',#8755,#8730,#10826,.T.);
#8551=EDGE_CURVE('',#8686,#8739,#10827,.T.);
#8552=EDGE_CURVE('',#8688,#8737,#10828,.T.);
#8553=EDGE_CURVE('',#8690,#8735,#10829,.T.);
#8554=CARTESIAN_POINT('',(7.5,-3.94,-3.965));
#8555=DIRECTION('',(0.0,-1.0,0.0));
#8556=DIRECTION('',(1.0,0.0,0.0));
#8557=CARTESIAN_POINT('',(7.5,-3.94,-3.965));
#8558=DIRECTION('',(0.0,-1.0,0.0));
#8559=DIRECTION('',(-1.0,0.0,0.0));
#8560=CARTESIAN_POINT('',(7.5,-3.94,-6.965));
#8561=DIRECTION('',(0.0,-1.0,0.0));
#8562=DIRECTION('',(1.0,0.0,0.0));
#8563=CARTESIAN_POINT('',(7.5,-3.94,-6.965));
#8564=DIRECTION('',(0.0,-1.0,0.0));
#8565=DIRECTION('',(-1.0,0.0,0.0));
#8566=CARTESIAN_POINT('',(4.5,-3.94,-3.965));
#8567=DIRECTION('',(0.0,-1.0,0.0));
#8568=DIRECTION('',(1.0,0.0,0.0));
#8569=CARTESIAN_POINT('',(4.5,-3.94,-3.965));
#8570=DIRECTION('',(0.0,-1.0,0.0));
#8571=DIRECTION('',(-1.0,0.0,0.0));
#8572=CARTESIAN_POINT('',(4.5,-3.94,-6.965));
#8573=DIRECTION('',(0.0,-1.0,0.0));
#8574=DIRECTION('',(1.0,0.0,0.0));
#8575=CARTESIAN_POINT('',(4.5,-3.94,-6.965));
#8576=DIRECTION('',(0.0,-1.0,0.0));
#8577=DIRECTION('',(-1.0,0.0,0.0));
#8578=CARTESIAN_POINT('',(1.5,-3.94,-3.965));
#8579=DIRECTION('',(0.0,-1.0,0.0));
#8580=DIRECTION('',(1.0,0.0,0.0));
#8581=CARTESIAN_POINT('',(1.5,-3.94,-3.965));
#8582=DIRECTION('',(0.0,-1.0,0.0));
#8583=DIRECTION('',(-1.0,0.0,0.0));
#8584=CARTESIAN_POINT('',(1.5,-3.94,-6.965));
#8585=DIRECTION('',(0.0,-1.0,0.0));
#8586=DIRECTION('',(1.0,0.0,0.0));
#8587=CARTESIAN_POINT('',(1.5,-3.94,-6.965));
#8588=DIRECTION('',(0.0,-1.0,0.0));
#8589=DIRECTION('',(-1.0,0.0,0.0));
#8590=CARTESIAN_POINT('',(-1.5,-3.94,-3.965));
#8591=DIRECTION('',(0.0,-1.0,0.0));
#8592=DIRECTION('',(1.0,0.0,0.0));
#8593=CARTESIAN_POINT('',(-1.5,-3.94,-3.965));
#8594=DIRECTION('',(0.0,-1.0,0.0));
#8595=DIRECTION('',(-1.0,0.0,0.0));
#8596=CARTESIAN_POINT('',(-1.5,-3.94,-6.965));
#8597=DIRECTION('',(0.0,-1.0,0.0));
#8598=DIRECTION('',(1.0,0.0,0.0));
#8599=CARTESIAN_POINT('',(-1.5,-3.94,-6.965));
#8600=DIRECTION('',(0.0,-1.0,0.0));
#8601=DIRECTION('',(-1.0,0.0,0.0));
#8602=CARTESIAN_POINT('',(-4.5,-3.94,-3.965));
#8603=DIRECTION('',(0.0,-1.0,0.0));
#8604=DIRECTION('',(1.0,0.0,0.0));
#8605=CARTESIAN_POINT('',(-4.5,-3.94,-3.965));
#8606=DIRECTION('',(0.0,-1.0,0.0));
#8607=DIRECTION('',(-1.0,0.0,0.0));
#8608=CARTESIAN_POINT('',(-4.5,-3.94,-6.965));
#8609=DIRECTION('',(0.0,-1.0,0.0));
#8610=DIRECTION('',(1.0,0.0,0.0));
#8611=CARTESIAN_POINT('',(-4.5,-3.94,-6.965));
#8612=DIRECTION('',(0.0,-1.0,0.0));
#8613=DIRECTION('',(-1.0,0.0,0.0));
#8614=CARTESIAN_POINT('',(-7.5,-3.94,-3.965));
#8615=DIRECTION('',(0.0,-1.0,0.0));
#8616=DIRECTION('',(1.0,0.0,0.0));
#8617=CARTESIAN_POINT('',(-7.5,-3.94,-3.965));
#8618=DIRECTION('',(0.0,-1.0,0.0));
#8619=DIRECTION('',(-1.0,0.0,0.0));
#8620=CARTESIAN_POINT('',(-7.5,-3.94,-6.965));
#8621=DIRECTION('',(0.0,-1.0,0.0));
#8622=DIRECTION('',(1.0,0.0,0.0));
#8623=CARTESIAN_POINT('',(-7.5,-3.94,-6.965));
#8624=DIRECTION('',(0.0,-1.0,0.0));
#8625=DIRECTION('',(-1.0,0.0,0.0));
#8626=CARTESIAN_POINT('',(5.35,-3.94,0.355));
#8627=DIRECTION('',(0.0,-1.0,0.0));
#8628=DIRECTION('',(1.0,0.0,0.0));
#8629=CARTESIAN_POINT('',(5.35,-3.94,0.355));
#8630=DIRECTION('',(0.0,-1.0,0.0));
#8631=DIRECTION('',(-1.0,0.0,0.0));
#8632=CARTESIAN_POINT('',(-5.35,-3.94,0.355));
#8633=DIRECTION('',(0.0,-1.0,0.0));
#8634=DIRECTION('',(1.0,0.0,0.0));
#8635=CARTESIAN_POINT('',(-5.35,-3.94,0.355));
#8636=DIRECTION('',(0.0,-1.0,0.0));
#8637=DIRECTION('',(-1.0,0.0,0.0));
#8638=DIRECTION('',(0.0,0.0,1.0));
#8639=DIRECTION('',(0.0,-1.0,0.0));
#8640=DIRECTION('',(0.0,-1.0,0.0));
#8641=VERTEX_POINT('',#10830);
#8642=VERTEX_POINT('',#10831);
#8643=LINE('',#10832,#10833);
#8644=VERTEX_POINT('',#10834);
#8645=LINE('',#10835,#10836);
#8646=VERTEX_POINT('',#10837);
#8647=LINE('',#10838,#10839);
#8648=VERTEX_POINT('',#10840);
#8649=LINE('',#10841,#10842);
#8650=VERTEX_POINT('',#10843);
#8651=LINE('',#10844,#10845);
#8652=VERTEX_POINT('',#10846);
#8653=LINE('',#10847,#10848);
#8654=VERTEX_POINT('',#10849);
#8655=LINE('',#10850,#10851);
#8656=VERTEX_POINT('',#10852);
#8657=LINE('',#10853,#10854);
#8658=VERTEX_POINT('',#10855);
#8659=LINE('',#10856,#10857);
#8660=VERTEX_POINT('',#10858);
#8661=LINE('',#10859,#10860);
#8662=VERTEX_POINT('',#10861);
#8663=LINE('',#10862,#10863);
#8664=VERTEX_POINT('',#10864);
#8665=LINE('',#10865,#10866);
#8666=VERTEX_POINT('',#10867);
#8667=LINE('',#10868,#10869);
#8668=LINE('',#10870,#10871);
#8669=VERTEX_POINT('',#10872);
#8670=LINE('',#10873,#10874);
#8671=VERTEX_POINT('',#10875);
#8672=LINE('',#10876,#10877);
#8673=LINE('',#10878,#10879);
#8674=VERTEX_POINT('',#10880);
#8675=LINE('',#10881,#10882);
#8676=LINE('',#10883,#10884);
#8677=VERTEX_POINT('',#10885);
#8678=LINE('',#10886,#10887);
#8679=VERTEX_POINT('',#10888);
#8680=LINE('',#10889,#10890);
#8681=VERTEX_POINT('',#10891);
#8682=LINE('',#10892,#10893);
#8683=LINE('',#10894,#10895);
#8684=VERTEX_POINT('',#10896);
#8685=LINE('',#10897,#10898);
#8686=VERTEX_POINT('',#10899);
#8687=LINE('',#10900,#10901);
#8688=VERTEX_POINT('',#10902);
#8689=LINE('',#10903,#10904);
#8690=VERTEX_POINT('',#10905);
#8691=LINE('',#10906,#10907);
#8692=VERTEX_POINT('',#10908);
#8693=LINE('',#10909,#10910);
#8694=LINE('',#10911,#10912);
#8695=VERTEX_POINT('',#10913);
#8696=LINE('',#10914,#10915);
#8697=VERTEX_POINT('',#10916);
#8698=LINE('',#10917,#10918);
#8699=LINE('',#10919,#10920);
#8700=VERTEX_POINT('',#10921);
#8701=LINE('',#10922,#10923);
#8702=VERTEX_POINT('',#10924);
#8703=LINE('',#10925,#10926);
#8704=LINE('',#10927,#10928);
#8705=VERTEX_POINT('',#10929);
#8706=LINE('',#10930,#10931);
#8707=VERTEX_POINT('',#10932);
#8708=LINE('',#10933,#10934);
#8709=VERTEX_POINT('',#10935);
#8710=LINE('',#10936,#10937);
#8711=VERTEX_POINT('',#10938);
#8712=LINE('',#10939,#10940);
#8713=VERTEX_POINT('',#10941);
#8714=LINE('',#10942,#10943);
#8715=VERTEX_POINT('',#10944);
#8716=LINE('',#10945,#10946);
#8717=LINE('',#10947,#10948);
#8718=LINE('',#10949,#10950);
#8719=VERTEX_POINT('',#10951);
#8720=VERTEX_POINT('',#10952);
#8721=LINE('',#10953,#10954);
#8722=VERTEX_POINT('',#10955);
#8723=LINE('',#10956,#10957);
#8724=VERTEX_POINT('',#10958);
#8725=LINE('',#10959,#10960);
#8726=VERTEX_POINT('',#10961);
#8727=LINE('',#10962,#10963);
#8728=VERTEX_POINT('',#10964);
#8729=LINE('',#10965,#10966);
#8730=VERTEX_POINT('',#10967);
#8731=LINE('',#10968,#10969);
#8732=VERTEX_POINT('',#10970);
#8733=LINE('',#10971,#10972);
#8734=LINE('',#10973,#10974);
#8735=VERTEX_POINT('',#10975);
#8736=LINE('',#10976,#10977);
#8737=VERTEX_POINT('',#10978);
#8738=LINE('',#10979,#10980);
#8739=VERTEX_POINT('',#10981);
#8740=LINE('',#10982,#10983);
#8741=LINE('',#10984,#10985);
#8742=VERTEX_POINT('',#10986);
#8743=VERTEX_POINT('',#10987);
#8744=LINE('',#10988,#10989);
#8745=VERTEX_POINT('',#10990);
#8746=LINE('',#10991,#10992);
#8747=LINE('',#10993,#10994);
#8748=VERTEX_POINT('',#10995);
#8749=LINE('',#10996,#10997);
#8750=LINE('',#10998,#10999);
#8751=VERTEX_POINT('',#11000);
#8752=VERTEX_POINT('',#11001);
#8753=LINE('',#11002,#11003);
#8754=LINE('',#11004,#11005);
#8755=VERTEX_POINT('',#11006);
#8756=LINE('',#11007,#11008);
#8757=VERTEX_POINT('',#11009);
#8758=LINE('',#11010,#11011);
#8759=VERTEX_POINT('',#11012);
#8760=LINE('',#11013,#11014);
#8761=VERTEX_POINT('',#11015);
#8762=LINE('',#11016,#11017);
#8763=LINE('',#11018,#11019);
#8764=LINE('',#11020,#11021);
#8765=LINE('',#11022,#11023);
#8766=VERTEX_POINT('',#11024);
#8767=VERTEX_POINT('',#11025);
#8768=LINE('',#11026,#11027);
#8769=LINE('',#11028,#11029);
#8770=LINE('',#11030,#11031);
#8771=VERTEX_POINT('',#11032);
#8772=LINE('',#11033,#11034);
#8773=VERTEX_POINT('',#11035);
#8774=LINE('',#11036,#11037);
#8775=VERTEX_POINT('',#11038);
#8776=LINE('',#11039,#11040);
#8777=VERTEX_POINT('',#11041);
#8778=LINE('',#11042,#11043);
#8779=VERTEX_POINT('',#11044);
#8780=LINE('',#11045,#11046);
#8781=VERTEX_POINT('',#11047);
#8782=LINE('',#11048,#11049);
#8783=VERTEX_POINT('',#11050);
#8784=LINE('',#11051,#11052);
#8785=VERTEX_POINT('',#11053);
#8786=LINE('',#11054,#11055);
#8787=LINE('',#11056,#11057);
#8788=VERTEX_POINT('',#11058);
#8789=LINE('',#11059,#11060);
#8790=LINE('',#11061,#11062);
#8791=VERTEX_POINT('',#11063);
#8792=VERTEX_POINT('',#11064);
#8793=LINE('',#11065,#11066);
#8794=VERTEX_POINT('',#11067);
#8795=LINE('',#11068,#11069);
#8796=VERTEX_POINT('',#11070);
#8797=LINE('',#11071,#11072);
#8798=VERTEX_POINT('',#11073);
#8799=LINE('',#11074,#11075);
#8800=VERTEX_POINT('',#11076);
#8801=LINE('',#11077,#11078);
#8802=VERTEX_POINT('',#11079);
#8803=LINE('',#11080,#11081);
#8804=VERTEX_POINT('',#11082);
#8805=LINE('',#11083,#11084);
#8806=VERTEX_POINT('',#11085);
#8807=LINE('',#11086,#11087);
#8808=LINE('',#11088,#11089);
#8809=LINE('',#11090,#11091);
#8810=VERTEX_POINT('',#11092);
#8811=VERTEX_POINT('',#11093);
#8812=LINE('',#11094,#11095);
#8813=VERTEX_POINT('',#11096);
#8814=LINE('',#11097,#11098);
#8815=VERTEX_POINT('',#11099);
#8816=LINE('',#11100,#11101);
#8817=VERTEX_POINT('',#11102);
#8818=LINE('',#11103,#11104);
#8819=VERTEX_POINT('',#11105);
#8820=LINE('',#11106,#11107);
#8821=VERTEX_POINT('',#11108);
#8822=LINE('',#11109,#11110);
#8823=LINE('',#11111,#11112);
#8824=LINE('',#11113,#11114);
#8825=LINE('',#11115,#11116);
#8826=LINE('',#11117,#11118);
#8827=LINE('',#11119,#11120);
#8828=LINE('',#11121,#11122);
#8829=LINE('',#11123,#11124);
#8830=LINE('',#11125,#11126);
#8831=VERTEX_POINT('',#11127);
#8832=LINE('',#11128,#11129);
#8833=LINE('',#11130,#11131);
#8834=LINE('',#11132,#11133);
#8835=VERTEX_POINT('',#11134);
#8836=LINE('',#11135,#11136);
#8837=VERTEX_POINT('',#11137);
#8838=LINE('',#11138,#11139);
#8839=LINE('',#11140,#11141);
#8840=LINE('',#11142,#11143);
#8841=LINE('',#11144,#11145);
#8842=VERTEX_POINT('',#11146);
#8843=LINE('',#11147,#11148);
#8844=LINE('',#11149,#11150);
#8845=VERTEX_POINT('',#11151);
#8846=LINE('',#11152,#11153);
#8847=VERTEX_POINT('',#11154);
#8848=LINE('',#11155,#11156);
#8849=LINE('',#11157,#11158);
#8850=VERTEX_POINT('',#11159);
#8851=VERTEX_POINT('',#11160);
#8852=LINE('',#11161,#11162);
#8853=VERTEX_POINT('',#11163);
#8854=LINE('',#11164,#11165);
#8855=LINE('',#11166,#11167);
#8856=LINE('',#11168,#11169);
#8857=VERTEX_POINT('',#11170);
#8858=LINE('',#11171,#11172);
#8859=VERTEX_POINT('',#11173);
#8860=LINE('',#11174,#11175);
#8861=VERTEX_POINT('',#11176);
#8862=LINE('',#11177,#11178);
#8863=VERTEX_POINT('',#11179);
#8864=LINE('',#11180,#11181);
#8865=VERTEX_POINT('',#11182);
#8866=LINE('',#11183,#11184);
#8867=LINE('',#11185,#11186);
#8868=VERTEX_POINT('',#11187);
#8869=VERTEX_POINT('',#11188);
#8870=LINE('',#11189,#11190);
#8871=VERTEX_POINT('',#11191);
#8872=LINE('',#11192,#11193);
#8873=VERTEX_POINT('',#11194);
#8874=LINE('',#11195,#11196);
#8875=LINE('',#11197,#11198);
#8876=VERTEX_POINT('',#11199);
#8877=LINE('',#11200,#11201);
#8878=VERTEX_POINT('',#11202);
#8879=LINE('',#11203,#11204);
#8880=VERTEX_POINT('',#11205);
#8881=LINE('',#11206,#11207);
#8882=CIRCLE('',#11208,0.75);
#8883=VERTEX_POINT('',#11209);
#8884=LINE('',#11210,#11211);
#8885=CIRCLE('',#11212,0.75);
#8886=VERTEX_POINT('',#11213);
#8887=LINE('',#11214,#11215);
#8888=VERTEX_POINT('',#11216);
#8889=LINE('',#11217,#11218);
#8890=LINE('',#11219,#11220);
#8891=LINE('',#11221,#11222);
#8892=LINE('',#11223,#11224);
#8893=VERTEX_POINT('',#11225);
#8894=LINE('',#11226,#11227);
#8895=VERTEX_POINT('',#11228);
#8896=LINE('',#11229,#11230);
#8897=LINE('',#11231,#11232);
#8898=VERTEX_POINT('',#11233);
#8899=VERTEX_POINT('',#11234);
#8900=LINE('',#11235,#11236);
#8901=VERTEX_POINT('',#11237);
#8902=LINE('',#11238,#11239);
#8903=VERTEX_POINT('',#11240);
#8904=LINE('',#11241,#11242);
#8905=VERTEX_POINT('',#11243);
#8906=LINE('',#11244,#11245);
#8907=VERTEX_POINT('',#11246);
#8908=LINE('',#11247,#11248);
#8909=LINE('',#11249,#11250);
#8910=VERTEX_POINT('',#11251);
#8911=VERTEX_POINT('',#11252);
#8912=LINE('',#11253,#11254);
#8913=LINE('',#11255,#11256);
#8914=VERTEX_POINT('',#11257);
#8915=LINE('',#11258,#11259);
#8916=VERTEX_POINT('',#11260);
#8917=LINE('',#11261,#11262);
#8918=LINE('',#11263,#11264);
#8919=VERTEX_POINT('',#11265);
#8920=VERTEX_POINT('',#11266);
#8921=LINE('',#11267,#11268);
#8922=VERTEX_POINT('',#11269);
#8923=LINE('',#11270,#11271);
#8924=VERTEX_POINT('',#11272);
#8925=LINE('',#11273,#11274);
#8926=LINE('',#11275,#11276);
#8927=VERTEX_POINT('',#11277);
#8928=VERTEX_POINT('',#11278);
#8929=LINE('',#11279,#11280);
#8930=VERTEX_POINT('',#11281);
#8931=LINE('',#11282,#11283);
#8932=VERTEX_POINT('',#11284);
#8933=LINE('',#11285,#11286);
#8934=LINE('',#11287,#11288);
#8935=VERTEX_POINT('',#11289);
#8936=VERTEX_POINT('',#11290);
#8937=LINE('',#11291,#11292);
#8938=VERTEX_POINT('',#11293);
#8939=LINE('',#11294,#11295);
#8940=VERTEX_POINT('',#11296);
#8941=LINE('',#11297,#11298);
#8942=LINE('',#11299,#11300);
#8943=VERTEX_POINT('',#11301);
#8944=VERTEX_POINT('',#11302);
#8945=LINE('',#11303,#11304);
#8946=VERTEX_POINT('',#11305);
#8947=LINE('',#11306,#11307);
#8948=VERTEX_POINT('',#11308);
#8949=LINE('',#11309,#11310);
#8950=LINE('',#11311,#11312);
#8951=VERTEX_POINT('',#11313);
#8952=VERTEX_POINT('',#11314);
#8953=LINE('',#11315,#11316);
#8954=VERTEX_POINT('',#11317);
#8955=LINE('',#11318,#11319);
#8956=VERTEX_POINT('',#11320);
#8957=LINE('',#11321,#11322);
#8958=LINE('',#11323,#11324);
#8959=VERTEX_POINT('',#11325);
#8960=VERTEX_POINT('',#11326);
#8961=LINE('',#11327,#11328);
#8962=VERTEX_POINT('',#11329);
#8963=LINE('',#11330,#11331);
#8964=VERTEX_POINT('',#11332);
#8965=LINE('',#11333,#11334);
#8966=LINE('',#11335,#11336);
#8967=VERTEX_POINT('',#11337);
#8968=VERTEX_POINT('',#11338);
#8969=LINE('',#11339,#11340);
#8970=VERTEX_POINT('',#11341);
#8971=LINE('',#11342,#11343);
#8972=VERTEX_POINT('',#11344);
#8973=LINE('',#11345,#11346);
#8974=LINE('',#11347,#11348);
#8975=VERTEX_POINT('',#11349);
#8976=VERTEX_POINT('',#11350);
#8977=LINE('',#11351,#11352);
#8978=VERTEX_POINT('',#11353);
#8979=LINE('',#11354,#11355);
#8980=VERTEX_POINT('',#11356);
#8981=LINE('',#11357,#11358);
#8982=LINE('',#11359,#11360);
#8983=VERTEX_POINT('',#11361);
#8984=VERTEX_POINT('',#11362);
#8985=LINE('',#11363,#11364);
#8986=VERTEX_POINT('',#11365);
#8987=LINE('',#11366,#11367);
#8988=VERTEX_POINT('',#11368);
#8989=LINE('',#11369,#11370);
#8990=VERTEX_POINT('',#11371);
#8991=LINE('',#11372,#11373);
#8992=VERTEX_POINT('',#11374);
#8993=LINE('',#11375,#11376);
#8994=LINE('',#11377,#11378);
#8995=VERTEX_POINT('',#11379);
#8996=VERTEX_POINT('',#11380);
#8997=LINE('',#11381,#11382);
#8998=LINE('',#11383,#11384);
#8999=VERTEX_POINT('',#11385);
#9000=LINE('',#11386,#11387);
#9001=LINE('',#11388,#11389);
#9002=VERTEX_POINT('',#11390);
#9003=VERTEX_POINT('',#11391);
#9004=LINE('',#11392,#11393);
#9005=VERTEX_POINT('',#11394);
#9006=LINE('',#11395,#11396);
#9007=VERTEX_POINT('',#11397);
#9008=LINE('',#11398,#11399);
#9009=LINE('',#11400,#11401);
#9010=VERTEX_POINT('',#11402);
#9011=VERTEX_POINT('',#11403);
#9012=LINE('',#11404,#11405);
#9013=VERTEX_POINT('',#11406);
#9014=LINE('',#11407,#11408);
#9015=VERTEX_POINT('',#11409);
#9016=LINE('',#11410,#11411);
#9017=LINE('',#11412,#11413);
#9018=VERTEX_POINT('',#11414);
#9019=LINE('',#11415,#11416);
#9020=VERTEX_POINT('',#11417);
#9021=LINE('',#11418,#11419);
#9022=LINE('',#11420,#11421);
#9023=VERTEX_POINT('',#11422);
#9024=LINE('',#11423,#11424);
#9025=VERTEX_POINT('',#11425);
#9026=LINE('',#11426,#11427);
#9027=VERTEX_POINT('',#11428);
#9028=LINE('',#11429,#11430);
#9029=VERTEX_POINT('',#11431);
#9030=LINE('',#11432,#11433);
#9031=LINE('',#11434,#11435);
#9032=VERTEX_POINT('',#11436);
#9033=VERTEX_POINT('',#11437);
#9034=LINE('',#11438,#11439);
#9035=VERTEX_POINT('',#11440);
#9036=LINE('',#11441,#11442);
#9037=VERTEX_POINT('',#11443);
#9038=LINE('',#11444,#11445);
#9039=LINE('',#11446,#11447);
#9040=VERTEX_POINT('',#11448);
#9041=VERTEX_POINT('',#11449);
#9042=LINE('',#11450,#11451);
#9043=VERTEX_POINT('',#11452);
#9044=LINE('',#11453,#11454);
#9045=VERTEX_POINT('',#11455);
#9046=LINE('',#11456,#11457);
#9047=LINE('',#11458,#11459);
#9048=VERTEX_POINT('',#11460);
#9049=LINE('',#11461,#11462);
#9050=LINE('',#11463,#11464);
#9051=VERTEX_POINT('',#11465);
#9052=VERTEX_POINT('',#11466);
#9053=LINE('',#11467,#11468);
#9054=LINE('',#11469,#11470);
#9055=LINE('',#11471,#11472);
#9056=VERTEX_POINT('',#11473);
#9057=VERTEX_POINT('',#11474);
#9058=LINE('',#11475,#11476);
#9059=LINE('',#11477,#11478);
#9060=LINE('',#11479,#11480);
#9061=VERTEX_POINT('',#11481);
#9062=VERTEX_POINT('',#11482);
#9063=LINE('',#11483,#11484);
#9064=LINE('',#11485,#11486);
#9065=LINE('',#11487,#11488);
#9066=VERTEX_POINT('',#11489);
#9067=VERTEX_POINT('',#11490);
#9068=LINE('',#11491,#11492);
#9069=LINE('',#11493,#11494);
#9070=LINE('',#11495,#11496);
#9071=VERTEX_POINT('',#11497);
#9072=LINE('',#11498,#11499);
#9073=VERTEX_POINT('',#11500);
#9074=LINE('',#11501,#11502);
#9075=LINE('',#11503,#11504);
#9076=VERTEX_POINT('',#11505);
#9077=VERTEX_POINT('',#11506);
#9078=LINE('',#11507,#11508);
#9079=LINE('',#11509,#11510);
#9080=LINE('',#11511,#11512);
#9081=VERTEX_POINT('',#11513);
#9082=VERTEX_POINT('',#11514);
#9083=LINE('',#11515,#11516);
#9084=VERTEX_POINT('',#11517);
#9085=LINE('',#11518,#11519);
#9086=VERTEX_POINT('',#11520);
#9087=LINE('',#11521,#11522);
#9088=VERTEX_POINT('',#11523);
#9089=LINE('',#11524,#11525);
#9090=LINE('',#11526,#11527);
#9091=VERTEX_POINT('',#11528);
#9092=LINE('',#11529,#11530);
#9093=LINE('',#11531,#11532);
#9094=LINE('',#11533,#11534);
#9095=VERTEX_POINT('',#11535);
#9096=VERTEX_POINT('',#11536);
#9097=LINE('',#11537,#11538);
#9098=VERTEX_POINT('',#11539);
#9099=LINE('',#11540,#11541);
#9100=LINE('',#11542,#11543);
#9101=VERTEX_POINT('',#11544);
#9102=LINE('',#11545,#11546);
#9103=VERTEX_POINT('',#11547);
#9104=LINE('',#11548,#11549);
#9105=VERTEX_POINT('',#11550);
#9106=LINE('',#11551,#11552);
#9107=VERTEX_POINT('',#11553);
#9108=LINE('',#11554,#11555);
#9109=VERTEX_POINT('',#11556);
#9110=LINE('',#11557,#11558);
#9111=VERTEX_POINT('',#11559);
#9112=LINE('',#11560,#11561);
#9113=VERTEX_POINT('',#11562);
#9114=LINE('',#11563,#11564);
#9115=VERTEX_POINT('',#11565);
#9116=LINE('',#11566,#11567);
#9117=VERTEX_POINT('',#11568);
#9118=LINE('',#11569,#11570);
#9119=VERTEX_POINT('',#11571);
#9120=LINE('',#11572,#11573);
#9121=VERTEX_POINT('',#11574);
#9122=LINE('',#11575,#11576);
#9123=VERTEX_POINT('',#11577);
#9124=LINE('',#11578,#11579);
#9125=VERTEX_POINT('',#11580);
#9126=LINE('',#11581,#11582);
#9127=VERTEX_POINT('',#11583);
#9128=LINE('',#11584,#11585);
#9129=VERTEX_POINT('',#11586);
#9130=LINE('',#11587,#11588);
#9131=VERTEX_POINT('',#11589);
#9132=LINE('',#11590,#11591);
#9133=VERTEX_POINT('',#11592);
#9134=LINE('',#11593,#11594);
#9135=VERTEX_POINT('',#11595);
#9136=LINE('',#11596,#11597);
#9137=VERTEX_POINT('',#11598);
#9138=LINE('',#11599,#11600);
#9139=VERTEX_POINT('',#11601);
#9140=LINE('',#11602,#11603);
#9141=VERTEX_POINT('',#11604);
#9142=LINE('',#11605,#11606);
#9143=VERTEX_POINT('',#11607);
#9144=LINE('',#11608,#11609);
#9145=VERTEX_POINT('',#11610);
#9146=LINE('',#11611,#11612);
#9147=VERTEX_POINT('',#11613);
#9148=LINE('',#11614,#11615);
#9149=VERTEX_POINT('',#11616);
#9150=LINE('',#11617,#11618);
#9151=VERTEX_POINT('',#11619);
#9152=LINE('',#11620,#11621);
#9153=VERTEX_POINT('',#11622);
#9154=LINE('',#11623,#11624);
#9155=VERTEX_POINT('',#11625);
#9156=LINE('',#11626,#11627);
#9157=VERTEX_POINT('',#11628);
#9158=LINE('',#11629,#11630);
#9159=VERTEX_POINT('',#11631);
#9160=LINE('',#11632,#11633);
#9161=VERTEX_POINT('',#11634);
#9162=LINE('',#11635,#11636);
#9163=VERTEX_POINT('',#11637);
#9164=LINE('',#11638,#11639);
#9165=VERTEX_POINT('',#11640);
#9166=LINE('',#11641,#11642);
#9167=VERTEX_POINT('',#11643);
#9168=LINE('',#11644,#11645);
#9169=VERTEX_POINT('',#11646);
#9170=LINE('',#11647,#11648);
#9171=VERTEX_POINT('',#11649);
#9172=LINE('',#11650,#11651);
#9173=VERTEX_POINT('',#11652);
#9174=LINE('',#11653,#11654);
#9175=VERTEX_POINT('',#11655);
#9176=LINE('',#11656,#11657);
#9177=VERTEX_POINT('',#11658);
#9178=LINE('',#11659,#11660);
#9179=VERTEX_POINT('',#11661);
#9180=LINE('',#11662,#11663);
#9181=VERTEX_POINT('',#11664);
#9182=LINE('',#11665,#11666);
#9183=VERTEX_POINT('',#11667);
#9184=LINE('',#11668,#11669);
#9185=VERTEX_POINT('',#11670);
#9186=LINE('',#11671,#11672);
#9187=VERTEX_POINT('',#11673);
#9188=LINE('',#11674,#11675);
#9189=VERTEX_POINT('',#11676);
#9190=LINE('',#11677,#11678);
#9191=VERTEX_POINT('',#11679);
#9192=LINE('',#11680,#11681);
#9193=VERTEX_POINT('',#11682);
#9194=LINE('',#11683,#11684);
#9195=VERTEX_POINT('',#11685);
#9196=LINE('',#11686,#11687);
#9197=VERTEX_POINT('',#11688);
#9198=LINE('',#11689,#11690);
#9199=VERTEX_POINT('',#11691);
#9200=LINE('',#11692,#11693);
#9201=VERTEX_POINT('',#11694);
#9202=LINE('',#11695,#11696);
#9203=VERTEX_POINT('',#11697);
#9204=LINE('',#11698,#11699);
#9205=VERTEX_POINT('',#11700);
#9206=LINE('',#11701,#11702);
#9207=VERTEX_POINT('',#11703);
#9208=LINE('',#11704,#11705);
#9209=VERTEX_POINT('',#11706);
#9210=LINE('',#11707,#11708);
#9211=VERTEX_POINT('',#11709);
#9212=LINE('',#11710,#11711);
#9213=VERTEX_POINT('',#11712);
#9214=LINE('',#11713,#11714);
#9215=VERTEX_POINT('',#11715);
#9216=LINE('',#11716,#11717);
#9217=VERTEX_POINT('',#11718);
#9218=LINE('',#11719,#11720);
#9219=VERTEX_POINT('',#11721);
#9220=LINE('',#11722,#11723);
#9221=VERTEX_POINT('',#11724);
#9222=LINE('',#11725,#11726);
#9223=VERTEX_POINT('',#11727);
#9224=LINE('',#11728,#11729);
#9225=VERTEX_POINT('',#11730);
#9226=LINE('',#11731,#11732);
#9227=VERTEX_POINT('',#11733);
#9228=LINE('',#11734,#11735);
#9229=VERTEX_POINT('',#11736);
#9230=LINE('',#11737,#11738);
#9231=VERTEX_POINT('',#11739);
#9232=LINE('',#11740,#11741);
#9233=VERTEX_POINT('',#11742);
#9234=LINE('',#11743,#11744);
#9235=VERTEX_POINT('',#11745);
#9236=LINE('',#11746,#11747);
#9237=VERTEX_POINT('',#11748);
#9238=LINE('',#11749,#11750);
#9239=VERTEX_POINT('',#11751);
#9240=LINE('',#11752,#11753);
#9241=VERTEX_POINT('',#11754);
#9242=LINE('',#11755,#11756);
#9243=LINE('',#11757,#11758);
#9244=LINE('',#11759,#11760);
#9245=LINE('',#11761,#11762);
#9246=LINE('',#11763,#11764);
#9247=VERTEX_POINT('',#11765);
#9248=LINE('',#11766,#11767);
#9249=VERTEX_POINT('',#11768);
#9250=LINE('',#11769,#11770);
#9251=LINE('',#11771,#11772);
#9252=VERTEX_POINT('',#11773);
#9253=LINE('',#11774,#11775);
#9254=VERTEX_POINT('',#11776);
#9255=LINE('',#11777,#11778);
#9256=VERTEX_POINT('',#11779);
#9257=LINE('',#11780,#11781);
#9258=LINE('',#11782,#11783);
#9259=VERTEX_POINT('',#11784);
#9260=LINE('',#11785,#11786);
#9261=VERTEX_POINT('',#11787);
#9262=LINE('',#11788,#11789);
#9263=VERTEX_POINT('',#11790);
#9264=LINE('',#11791,#11792);
#9265=VERTEX_POINT('',#11793);
#9266=LINE('',#11794,#11795);
#9267=LINE('',#11796,#11797);
#9268=VERTEX_POINT('',#11798);
#9269=LINE('',#11799,#11800);
#9270=VERTEX_POINT('',#11801);
#9271=LINE('',#11802,#11803);
#9272=VERTEX_POINT('',#11804);
#9273=LINE('',#11805,#11806);
#9274=VERTEX_POINT('',#11807);
#9275=LINE('',#11808,#11809);
#9276=LINE('',#11810,#11811);
#9277=VERTEX_POINT('',#11812);
#9278=LINE('',#11813,#11814);
#9279=VERTEX_POINT('',#11815);
#9280=LINE('',#11816,#11817);
#9281=VERTEX_POINT('',#11818);
#9282=LINE('',#11819,#11820);
#9283=VERTEX_POINT('',#11821);
#9284=LINE('',#11822,#11823);
#9285=LINE('',#11824,#11825);
#9286=VERTEX_POINT('',#11826);
#9287=LINE('',#11827,#11828);
#9288=VERTEX_POINT('',#11829);
#9289=LINE('',#11830,#11831);
#9290=VERTEX_POINT('',#11832);
#9291=LINE('',#11833,#11834);
#9292=VERTEX_POINT('',#11835);
#9293=LINE('',#11836,#11837);
#9294=LINE('',#11838,#11839);
#9295=VERTEX_POINT('',#11840);
#9296=LINE('',#11841,#11842);
#9297=LINE('',#11843,#11844);
#9298=VERTEX_POINT('',#11845);
#9299=LINE('',#11846,#11847);
#9300=VERTEX_POINT('',#11848);
#9301=LINE('',#11849,#11850);
#9302=LINE('',#11851,#11852);
#9303=VERTEX_POINT('',#11853);
#9304=VERTEX_POINT('',#11854);
#9305=LINE('',#11855,#11856);
#9306=VERTEX_POINT('',#11857);
#9307=LINE('',#11858,#11859);
#9308=VERTEX_POINT('',#11860);
#9309=LINE('',#11861,#11862);
#9310=LINE('',#11863,#11864);
#9311=VERTEX_POINT('',#11865);
#9312=VERTEX_POINT('',#11866);
#9313=LINE('',#11867,#11868);
#9314=VERTEX_POINT('',#11869);
#9315=LINE('',#11870,#11871);
#9316=VERTEX_POINT('',#11872);
#9317=LINE('',#11873,#11874);
#9318=LINE('',#11875,#11876);
#9319=VERTEX_POINT('',#11877);
#9320=VERTEX_POINT('',#11878);
#9321=LINE('',#11879,#11880);
#9322=LINE('',#11881,#11882);
#9323=VERTEX_POINT('',#11883);
#9324=LINE('',#11884,#11885);
#9325=VERTEX_POINT('',#11886);
#9326=LINE('',#11887,#11888);
#9327=LINE('',#11889,#11890);
#9328=VERTEX_POINT('',#11891);
#9329=LINE('',#11892,#11893);
#9330=VERTEX_POINT('',#11894);
#9331=LINE('',#11895,#11896);
#9332=LINE('',#11897,#11898);
#9333=VERTEX_POINT('',#11899);
#9334=VERTEX_POINT('',#11900);
#9335=LINE('',#11901,#11902);
#9336=LINE('',#11903,#11904);
#9337=VERTEX_POINT('',#11905);
#9338=LINE('',#11906,#11907);
#9339=LINE('',#11908,#11909);
#9340=LINE('',#11910,#11911);
#9341=LINE('',#11912,#11913);
#9342=VERTEX_POINT('',#11914);
#9343=LINE('',#11915,#11916);
#9344=VERTEX_POINT('',#11917);
#9345=LINE('',#11918,#11919);
#9346=LINE('',#11920,#11921);
#9347=VERTEX_POINT('',#11922);
#9348=LINE('',#11923,#11924);
#9349=LINE('',#11925,#11926);
#9350=LINE('',#11927,#11928);
#9351=VERTEX_POINT('',#11929);
#9352=LINE('',#11930,#11931);
#9353=VERTEX_POINT('',#11932);
#9354=LINE('',#11933,#11934);
#9355=LINE('',#11935,#11936);
#9356=VERTEX_POINT('',#11937);
#9357=LINE('',#11938,#11939);
#9358=LINE('',#11940,#11941);
#9359=VERTEX_POINT('',#11942);
#9360=LINE('',#11943,#11944);
#9361=LINE('',#11945,#11946);
#9362=VERTEX_POINT('',#11947);
#9363=LINE('',#11948,#11949);
#9364=LINE('',#11950,#11951);
#9365=VERTEX_POINT('',#11952);
#9366=VERTEX_POINT('',#11953);
#9367=LINE('',#11954,#11955);
#9368=VERTEX_POINT('',#11956);
#9369=LINE('',#11957,#11958);
#9370=VERTEX_POINT('',#11959);
#9371=LINE('',#11960,#11961);
#9372=LINE('',#11962,#11963);
#9373=VERTEX_POINT('',#11964);
#9374=VERTEX_POINT('',#11965);
#9375=LINE('',#11966,#11967);
#9376=VERTEX_POINT('',#11968);
#9377=LINE('',#11969,#11970);
#9378=VERTEX_POINT('',#11971);
#9379=LINE('',#11972,#11973);
#9380=LINE('',#11974,#11975);
#9381=VERTEX_POINT('',#11976);
#9382=VERTEX_POINT('',#11977);
#9383=LINE('',#11978,#11979);
#9384=LINE('',#11980,#11981);
#9385=VERTEX_POINT('',#11982);
#9386=LINE('',#11983,#11984);
#9387=LINE('',#11985,#11986);
#9388=VERTEX_POINT('',#11987);
#9389=VERTEX_POINT('',#11988);
#9390=LINE('',#11989,#11990);
#9391=LINE('',#11991,#11992);
#9392=LINE('',#11993,#11994);
#9393=LINE('',#11995,#11996);
#9394=VERTEX_POINT('',#11997);
#9395=LINE('',#11998,#11999);
#9396=LINE('',#12000,#12001);
#9397=VERTEX_POINT('',#12002);
#9398=LINE('',#12003,#12004);
#9399=LINE('',#12005,#12006);
#9400=VERTEX_POINT('',#12007);
#9401=LINE('',#12008,#12009);
#9402=LINE('',#12010,#12011);
#9403=VERTEX_POINT('',#12012);
#9404=LINE('',#12013,#12014);
#9405=LINE('',#12015,#12016);
#9406=LINE('',#12017,#12018);
#9407=LINE('',#12019,#12020);
#9408=LINE('',#12021,#12022);
#9409=LINE('',#12023,#12024);
#9410=LINE('',#12025,#12026);
#9411=LINE('',#12027,#12028);
#9412=LINE('',#12029,#12030);
#9413=LINE('',#12031,#12032);
#9414=LINE('',#12033,#12034);
#9415=LINE('',#12035,#12036);
#9416=LINE('',#12037,#12038);
#9417=LINE('',#12039,#12040);
#9418=LINE('',#12041,#12042);
#9419=LINE('',#12043,#12044);
#9420=LINE('',#12045,#12046);
#9421=LINE('',#12047,#12048);
#9422=VERTEX_POINT('',#12049);
#9423=LINE('',#12050,#12051);
#9424=VERTEX_POINT('',#12052);
#9425=LINE('',#12053,#12054);
#9426=LINE('',#12055,#12056);
#9427=VERTEX_POINT('',#12057);
#9428=LINE('',#12058,#12059);
#9429=VERTEX_POINT('',#12060);
#9430=LINE('',#12061,#12062);
#9431=LINE('',#12063,#12064);
#9432=VERTEX_POINT('',#12065);
#9433=LINE('',#12066,#12067);
#9434=VERTEX_POINT('',#12068);
#9435=LINE('',#12069,#12070);
#9436=LINE('',#12071,#12072);
#9437=LINE('',#12073,#12074);
#9438=LINE('',#12075,#12076);
#9439=VERTEX_POINT('',#12077);
#9440=LINE('',#12078,#12079);
#9441=VERTEX_POINT('',#12080);
#9442=LINE('',#12081,#12082);
#9443=LINE('',#12083,#12084);
#9444=LINE('',#12085,#12086);
#9445=LINE('',#12087,#12088);
#9446=VERTEX_POINT('',#12089);
#9447=LINE('',#12090,#12091);
#9448=VERTEX_POINT('',#12092);
#9449=LINE('',#12093,#12094);
#9450=LINE('',#12095,#12096);
#9451=LINE('',#12097,#12098);
#9452=LINE('',#12099,#12100);
#9453=VERTEX_POINT('',#12101);
#9454=LINE('',#12102,#12103);
#9455=VERTEX_POINT('',#12104);
#9456=LINE('',#12105,#12106);
#9457=LINE('',#12107,#12108);
#9458=LINE('',#12109,#12110);
#9459=VERTEX_POINT('',#12111);
#9460=LINE('',#12112,#12113);
#9461=VERTEX_POINT('',#12114);
#9462=LINE('',#12115,#12116);
#9463=LINE('',#12117,#12118);
#9464=VERTEX_POINT('',#12119);
#9465=LINE('',#12120,#12121);
#9466=LINE('',#12122,#12123);
#9467=LINE('',#12124,#12125);
#9468=VERTEX_POINT('',#12126);
#9469=LINE('',#12127,#12128);
#9470=VERTEX_POINT('',#12129);
#9471=LINE('',#12130,#12131);
#9472=LINE('',#12132,#12133);
#9473=LINE('',#12134,#12135);
#9474=LINE('',#12136,#12137);
#9475=VERTEX_POINT('',#12138);
#9476=LINE('',#12139,#12140);
#9477=VERTEX_POINT('',#12141);
#9478=LINE('',#12142,#12143);
#9479=LINE('',#12144,#12145);
#9480=VERTEX_POINT('',#12146);
#9481=VERTEX_POINT('',#12147);
#9482=LINE('',#12148,#12149);
#9483=VERTEX_POINT('',#12150);
#9484=LINE('',#12151,#12152);
#9485=VERTEX_POINT('',#12153);
#9486=LINE('',#12154,#12155);
#9487=LINE('',#12156,#12157);
#9488=VERTEX_POINT('',#12158);
#9489=VERTEX_POINT('',#12159);
#9490=LINE('',#12160,#12161);
#9491=VERTEX_POINT('',#12162);
#9492=LINE('',#12163,#12164);
#9493=VERTEX_POINT('',#12165);
#9494=LINE('',#12166,#12167);
#9495=LINE('',#12168,#12169);
#9496=VERTEX_POINT('',#12170);
#9497=VERTEX_POINT('',#12171);
#9498=LINE('',#12172,#12173);
#9499=VERTEX_POINT('',#12174);
#9500=LINE('',#12175,#12176);
#9501=LINE('',#12177,#12178);
#9502=VERTEX_POINT('',#12179);
#9503=LINE('',#12180,#12181);
#9504=VERTEX_POINT('',#12182);
#9505=LINE('',#12183,#12184);
#9506=VERTEX_POINT('',#12185);
#9507=LINE('',#12186,#12187);
#9508=VERTEX_POINT('',#12188);
#9509=LINE('',#12189,#12190);
#9510=VERTEX_POINT('',#12191);
#9511=LINE('',#12192,#12193);
#9512=VERTEX_POINT('',#12194);
#9513=CIRCLE('',#12195,0.25);
#9514=VERTEX_POINT('',#12196);
#9515=LINE('',#12197,#12198);
#9516=VERTEX_POINT('',#12199);
#9517=CIRCLE('',#12200,0.25);
#9518=VERTEX_POINT('',#12201);
#9519=LINE('',#12202,#12203);
#9520=LINE('',#12204,#12205);
#9521=VERTEX_POINT('',#12206);
#9522=B_SPLINE_CURVE_WITH_KNOTS('',3,(#12207,#12208,#12209,#12210,#12211,#12212,#12213,#12214,#12215,#12216,#12217),.UNSPECIFIED.,.F.,.F.,(4,1,1,1,1,1,1,1,4),(0.0,0.125,0.25,0.375,0.5,0.625,0.75,0.875,1.0),.UNSPECIFIED.);
#9523=VERTEX_POINT('',#12218);
#9524=LINE('',#12219,#12220);
#9525=LINE('',#12221,#12222);
#9526=VERTEX_POINT('',#12223);
#9527=VERTEX_POINT('',#12224);
#9528=LINE('',#12225,#12226);
#9529=VERTEX_POINT('',#12227);
#9530=LINE('',#12228,#12229);
#9531=VERTEX_POINT('',#12230);
#9532=B_SPLINE_CURVE_WITH_KNOTS('',3,(#12231,#12232,#12233,#12234,#12235,#12236,#12237,#12238,#12239,#12240,#12241),.UNSPECIFIED.,.F.,.F.,(4,1,1,1,1,1,1,1,4),(0.0,0.125,0.25,0.375,0.5,0.625,0.75,0.875,1.0),.UNSPECIFIED.);
#9533=LINE('',#12242,#12243);
#9534=VERTEX_POINT('',#12244);
#9535=CIRCLE('',#12245,1.3);
#9536=LINE('',#12246,#12247);
#9537=CIRCLE('',#12248,1.0);
#9538=VERTEX_POINT('',#12249);
#9539=CIRCLE('',#12250,1.0);
#9540=CIRCLE('',#12251,1.0);
#9541=VERTEX_POINT('',#12252);
#9542=LINE('',#12253,#12254);
#9543=LINE('',#12255,#12256);
#9544=VERTEX_POINT('',#12257);
#9545=LINE('',#12258,#12259);
#9546=LINE('',#12260,#12261);
#9547=LINE('',#12262,#12263);
#9548=LINE('',#12264,#12265);
#9549=VERTEX_POINT('',#12266);
#9550=LINE('',#12267,#12268);
#9551=B_SPLINE_CURVE_WITH_KNOTS('',3,(#12269,#12270,#12271,#12272,#12273,#12274,#12275,#12276,#12277,#12278,#12279),.UNSPECIFIED.,.F.,.F.,(4,1,1,1,1,1,1,1,4),(0.0,0.125,0.25,0.375,0.5,0.625,0.75,0.875,1.0),.UNSPECIFIED.);
#9552=VERTEX_POINT('',#12280);
#9553=VERTEX_POINT('',#12281);
#9554=B_SPLINE_CURVE_WITH_KNOTS('',3,(#12282,#12283,#12284,#12285,#12286,#12287,#12288,#12289,#12290,#12291,#12292),.UNSPECIFIED.,.F.,.F.,(4,1,1,1,1,1,1,1,4),(0.0,0.125,0.25,0.375,0.5,0.625,0.75,0.875,1.0),.UNSPECIFIED.);
#9555=VERTEX_POINT('',#12293);
#9556=LINE('',#12294,#12295);
#9557=VERTEX_POINT('',#12296);
#9558=LINE('',#12297,#12298);
#9559=LINE('',#12299,#12300);
#9560=CIRCLE('',#12301,0.7486304929239);
#9561=CIRCLE('',#12302,1.3);
#9562=CIRCLE('',#12303,0.5321241419778);
#9563=VERTEX_POINT('',#12304);
#9564=LINE('',#12305,#12306);
#9565=VERTEX_POINT('',#12307);
#9566=CIRCLE('',#12308,0.25);
#9567=VERTEX_POINT('',#12309);
#9568=LINE('',#12310,#12311);
#9569=VERTEX_POINT('',#12312);
#9570=CIRCLE('',#12313,0.25);
#9571=LINE('',#12314,#12315);
#9572=VERTEX_POINT('',#12316);
#9573=LINE('',#12317,#12318);
#9574=VERTEX_POINT('',#12319);
#9575=LINE('',#12320,#12321);
#9576=LINE('',#12322,#12323);
#9577=VERTEX_POINT('',#12324);
#9578=LINE('',#12325,#12326);
#9579=VERTEX_POINT('',#12327);
#9580=LINE('',#12328,#12329);
#9581=LINE('',#12330,#12331);
#9582=VERTEX_POINT('',#12332);
#9583=CIRCLE('',#12333,1.0);
#9584=CIRCLE('',#12334,1.0);
#9585=CIRCLE('',#12335,1.0);
#9586=CIRCLE('',#12336,1.3);
#9587=CIRCLE('',#12337,1.3);
#9588=CIRCLE('',#12338,0.7486304929239);
#9589=CIRCLE('',#12339,0.5321241419778);
#9590=VERTEX_POINT('',#12340);
#9591=LINE('',#12341,#12342);
#9592=LINE('',#12343,#12344);
#9593=VERTEX_POINT('',#12345);
#9594=LINE('',#12346,#12347);
#9595=LINE('',#12348,#12349);
#9596=LINE('',#12350,#12351);
#9597=LINE('',#12352,#12353);
#9598=VERTEX_POINT('',#12354);
#9599=LINE('',#12355,#12356);
#9600=VERTEX_POINT('',#12357);
#9601=LINE('',#12358,#12359);
#9602=LINE('',#12360,#12361);
#9603=VERTEX_POINT('',#12362);
#9604=VERTEX_POINT('',#12363);
#9605=LINE('',#12364,#12365);
#9606=VERTEX_POINT('',#12366);
#9607=LINE('',#12367,#12368);
#9608=VERTEX_POINT('',#12369);
#9609=LINE('',#12370,#12371);
#9610=LINE('',#12372,#12373);
#9611=VERTEX_POINT('',#12374);
#9612=VERTEX_POINT('',#12375);
#9613=LINE('',#12376,#12377);
#9614=VERTEX_POINT('',#12378);
#9615=LINE('',#12379,#12380);
#9616=VERTEX_POINT('',#12381);
#9617=LINE('',#12382,#12383);
#9618=LINE('',#12384,#12385);
#9619=VERTEX_POINT('',#12386);
#9620=VERTEX_POINT('',#12387);
#9621=LINE('',#12388,#12389);
#9622=LINE('',#12390,#12391);
#9623=VERTEX_POINT('',#12392);
#9624=LINE('',#12393,#12394);
#9625=VERTEX_POINT('',#12395);
#9626=LINE('',#12396,#12397);
#9627=LINE('',#12398,#12399);
#9628=VERTEX_POINT('',#12400);
#9629=LINE('',#12401,#12402);
#9630=LINE('',#12403,#12404);
#9631=VERTEX_POINT('',#12405);
#9632=LINE('',#12406,#12407);
#9633=LINE('',#12408,#12409);
#9634=VERTEX_POINT('',#12410);
#9635=LINE('',#12411,#12412);
#9636=VERTEX_POINT('',#12413);
#9637=LINE('',#12414,#12415);
#9638=LINE('',#12416,#12417);
#9639=VERTEX_POINT('',#12418);
#9640=LINE('',#12419,#12420);
#9641=VERTEX_POINT('',#12421);
#9642=LINE('',#12422,#12423);
#9643=LINE('',#12424,#12425);
#9644=VERTEX_POINT('',#12426);
#9645=LINE('',#12427,#12428);
#9646=VERTEX_POINT('',#12429);
#9647=LINE('',#12430,#12431);
#9648=LINE('',#12432,#12433);
#9649=VERTEX_POINT('',#12434);
#9650=LINE('',#12435,#12436);
#9651=LINE('',#12437,#12438);
#9652=VERTEX_POINT('',#12439);
#9653=LINE('',#12440,#12441);
#9654=LINE('',#12442,#12443);
#9655=VERTEX_POINT('',#12444);
#9656=LINE('',#12445,#12446);
#9657=LINE('',#12447,#12448);
#9658=LINE('',#12449,#12450);
#9659=VERTEX_POINT('',#12451);
#9660=VERTEX_POINT('',#12452);
#9661=LINE('',#12453,#12454);
#9662=VERTEX_POINT('',#12455);
#9663=LINE('',#12456,#12457);
#9664=VERTEX_POINT('',#12458);
#9665=LINE('',#12459,#12460);
#9666=LINE('',#12461,#12462);
#9667=VERTEX_POINT('',#12463);
#9668=VERTEX_POINT('',#12464);
#9669=LINE('',#12465,#12466);
#9670=VERTEX_POINT('',#12467);
#9671=LINE('',#12468,#12469);
#9672=VERTEX_POINT('',#12470);
#9673=LINE('',#12471,#12472);
#9674=LINE('',#12473,#12474);
#9675=VERTEX_POINT('',#12475);
#9676=VERTEX_POINT('',#12476);
#9677=LINE('',#12477,#12478);
#9678=LINE('',#12479,#12480);
#9679=VERTEX_POINT('',#12481);
#9680=LINE('',#12482,#12483);
#9681=VERTEX_POINT('',#12484);
#9682=LINE('',#12485,#12486);
#9683=LINE('',#12487,#12488);
#9684=VERTEX_POINT('',#12489);
#9685=LINE('',#12490,#12491);
#9686=LINE('',#12492,#12493);
#9687=VERTEX_POINT('',#12494);
#9688=LINE('',#12495,#12496);
#9689=VERTEX_POINT('',#12497);
#9690=LINE('',#12498,#12499);
#9691=LINE('',#12500,#12501);
#9692=LINE('',#12502,#12503);
#9693=VERTEX_POINT('',#12504);
#9694=LINE('',#12505,#12506);
#9695=LINE('',#12507,#12508);
#9696=VERTEX_POINT('',#12509);
#9697=LINE('',#12510,#12511);
#9698=LINE('',#12512,#12513);
#9699=LINE('',#12514,#12515);
#9700=LINE('',#12516,#12517);
#9701=LINE('',#12518,#12519);
#9702=VERTEX_POINT('',#12520);
#9703=VERTEX_POINT('',#12521);
#9704=LINE('',#12522,#12523);
#9705=VERTEX_POINT('',#12524);
#9706=LINE('',#12525,#12526);
#9707=VERTEX_POINT('',#12527);
#9708=LINE('',#12528,#12529);
#9709=VERTEX_POINT('',#12530);
#9710=LINE('',#12531,#12532);
#9711=LINE('',#12533,#12534);
#9712=VERTEX_POINT('',#12535);
#9713=VERTEX_POINT('',#12536);
#9714=LINE('',#12537,#12538);
#9715=VERTEX_POINT('',#12539);
#9716=LINE('',#12540,#12541);
#9717=VERTEX_POINT('',#12542);
#9718=LINE('',#12543,#12544);
#9719=LINE('',#12545,#12546);
#9720=VERTEX_POINT('',#12547);
#9721=VERTEX_POINT('',#12548);
#9722=LINE('',#12549,#12550);
#9723=VERTEX_POINT('',#12551);
#9724=LINE('',#12552,#12553);
#9725=VERTEX_POINT('',#12554);
#9726=LINE('',#12555,#12556);
#9727=VERTEX_POINT('',#12557);
#9728=LINE('',#12558,#12559);
#9729=LINE('',#12560,#12561);
#9730=VERTEX_POINT('',#12562);
#9731=VERTEX_POINT('',#12563);
#9732=LINE('',#12564,#12565);
#9733=VERTEX_POINT('',#12566);
#9734=LINE('',#12567,#12568);
#9735=VERTEX_POINT('',#12569);
#9736=LINE('',#12570,#12571);
#9737=LINE('',#12572,#12573);
#9738=VERTEX_POINT('',#12574);
#9739=VERTEX_POINT('',#12575);
#9740=LINE('',#12576,#12577);
#9741=VERTEX_POINT('',#12578);
#9742=LINE('',#12579,#12580);
#9743=VERTEX_POINT('',#12581);
#9744=LINE('',#12582,#12583);
#9745=VERTEX_POINT('',#12584);
#9746=LINE('',#12585,#12586);
#9747=LINE('',#12587,#12588);
#9748=VERTEX_POINT('',#12589);
#9749=VERTEX_POINT('',#12590);
#9750=LINE('',#12591,#12592);
#9751=VERTEX_POINT('',#12593);
#9752=LINE('',#12594,#12595);
#9753=VERTEX_POINT('',#12596);
#9754=LINE('',#12597,#12598);
#9755=LINE('',#12599,#12600);
#9756=VERTEX_POINT('',#12601);
#9757=VERTEX_POINT('',#12602);
#9758=LINE('',#12603,#12604);
#9759=VERTEX_POINT('',#12605);
#9760=LINE('',#12606,#12607);
#9761=VERTEX_POINT('',#12608);
#9762=LINE('',#12609,#12610);
#9763=VERTEX_POINT('',#12611);
#9764=LINE('',#12612,#12613);
#9765=LINE('',#12614,#12615);
#9766=VERTEX_POINT('',#12616);
#9767=VERTEX_POINT('',#12617);
#9768=LINE('',#12618,#12619);
#9769=VERTEX_POINT('',#12620);
#9770=LINE('',#12621,#12622);
#9771=VERTEX_POINT('',#12623);
#9772=LINE('',#12624,#12625);
#9773=LINE('',#12626,#12627);
#9774=VERTEX_POINT('',#12628);
#9775=VERTEX_POINT('',#12629);
#9776=LINE('',#12630,#12631);
#9777=VERTEX_POINT('',#12632);
#9778=LINE('',#12633,#12634);
#9779=VERTEX_POINT('',#12635);
#9780=LINE('',#12636,#12637);
#9781=LINE('',#12638,#12639);
#9782=VERTEX_POINT('',#12640);
#9783=VERTEX_POINT('',#12641);
#9784=LINE('',#12642,#12643);
#9785=VERTEX_POINT('',#12644);
#9786=LINE('',#12645,#12646);
#9787=VERTEX_POINT('',#12647);
#9788=LINE('',#12648,#12649);
#9789=LINE('',#12650,#12651);
#9790=VERTEX_POINT('',#12652);
#9791=VERTEX_POINT('',#12653);
#9792=LINE('',#12654,#12655);
#9793=VERTEX_POINT('',#12656);
#9794=LINE('',#12657,#12658);
#9795=VERTEX_POINT('',#12659);
#9796=LINE('',#12660,#12661);
#9797=VERTEX_POINT('',#12662);
#9798=LINE('',#12663,#12664);
#9799=LINE('',#12665,#12666);
#9800=VERTEX_POINT('',#12667);
#9801=VERTEX_POINT('',#12668);
#9802=LINE('',#12669,#12670);
#9803=VERTEX_POINT('',#12671);
#9804=LINE('',#12672,#12673);
#9805=VERTEX_POINT('',#12674);
#9806=LINE('',#12675,#12676);
#9807=LINE('',#12677,#12678);
#9808=VERTEX_POINT('',#12679);
#9809=VERTEX_POINT('',#12680);
#9810=LINE('',#12681,#12682);
#9811=VERTEX_POINT('',#12683);
#9812=LINE('',#12684,#12685);
#9813=VERTEX_POINT('',#12686);
#9814=LINE('',#12687,#12688);
#9815=VERTEX_POINT('',#12689);
#9816=LINE('',#12690,#12691);
#9817=LINE('',#12692,#12693);
#9818=VERTEX_POINT('',#12694);
#9819=VERTEX_POINT('',#12695);
#9820=LINE('',#12696,#12697);
#9821=VERTEX_POINT('',#12698);
#9822=LINE('',#12699,#12700);
#9823=VERTEX_POINT('',#12701);
#9824=LINE('',#12702,#12703);
#9825=LINE('',#12704,#12705);
#9826=VERTEX_POINT('',#12706);
#9827=VERTEX_POINT('',#12707);
#9828=LINE('',#12708,#12709);
#9829=VERTEX_POINT('',#12710);
#9830=LINE('',#12711,#12712);
#9831=VERTEX_POINT('',#12713);
#9832=LINE('',#12714,#12715);
#9833=VERTEX_POINT('',#12716);
#9834=LINE('',#12717,#12718);
#9835=LINE('',#12719,#12720);
#9836=VERTEX_POINT('',#12721);
#9837=VERTEX_POINT('',#12722);
#9838=LINE('',#12723,#12724);
#9839=VERTEX_POINT('',#12725);
#9840=LINE('',#12726,#12727);
#9841=VERTEX_POINT('',#12728);
#9842=LINE('',#12729,#12730);
#9843=LINE('',#12731,#12732);
#9844=VERTEX_POINT('',#12733);
#9845=VERTEX_POINT('',#12734);
#9846=LINE('',#12735,#12736);
#9847=VERTEX_POINT('',#12737);
#9848=LINE('',#12738,#12739);
#9849=VERTEX_POINT('',#12740);
#9850=LINE('',#12741,#12742);
#9851=VERTEX_POINT('',#12743);
#9852=LINE('',#12744,#12745);
#9853=LINE('',#12746,#12747);
#9854=LINE('',#12748,#12749);
#9855=LINE('',#12750,#12751);
#9856=VERTEX_POINT('',#12752);
#9857=VERTEX_POINT('',#12753);
#9858=LINE('',#12754,#12755);
#9859=VERTEX_POINT('',#12756);
#9860=LINE('',#12757,#12758);
#9861=VERTEX_POINT('',#12759);
#9862=LINE('',#12760,#12761);
#9863=VERTEX_POINT('',#12762);
#9864=LINE('',#12763,#12764);
#9865=LINE('',#12765,#12766);
#9866=LINE('',#12767,#12768);
#9867=VERTEX_POINT('',#12769);
#9868=VERTEX_POINT('',#12770);
#9869=LINE('',#12771,#12772);
#9870=VERTEX_POINT('',#12773);
#9871=LINE('',#12774,#12775);
#9872=VERTEX_POINT('',#12776);
#9873=LINE('',#12777,#12778);
#9874=VERTEX_POINT('',#12779);
#9875=LINE('',#12780,#12781);
#9876=LINE('',#12782,#12783);
#9877=LINE('',#12784,#12785);
#9878=LINE('',#12786,#12787);
#9879=VERTEX_POINT('',#12788);
#9880=VERTEX_POINT('',#12789);
#9881=LINE('',#12790,#12791);
#9882=VERTEX_POINT('',#12792);
#9883=LINE('',#12793,#12794);
#9884=VERTEX_POINT('',#12795);
#9885=LINE('',#12796,#12797);
#9886=VERTEX_POINT('',#12798);
#9887=LINE('',#12799,#12800);
#9888=LINE('',#12801,#12802);
#9889=LINE('',#12803,#12804);
#9890=LINE('',#12805,#12806);
#9891=VERTEX_POINT('',#12807);
#9892=LINE('',#12808,#12809);
#9893=VERTEX_POINT('',#12810);
#9894=LINE('',#12811,#12812);
#9895=LINE('',#12813,#12814);
#9896=VERTEX_POINT('',#12815);
#9897=LINE('',#12816,#12817);
#9898=VERTEX_POINT('',#12818);
#9899=LINE('',#12819,#12820);
#9900=VERTEX_POINT('',#12821);
#9901=LINE('',#12822,#12823);
#9902=LINE('',#12824,#12825);
#9903=VERTEX_POINT('',#12826);
#9904=VERTEX_POINT('',#12827);
#9905=LINE('',#12828,#12829);
#9906=VERTEX_POINT('',#12830);
#9907=LINE('',#12831,#12832);
#9908=VERTEX_POINT('',#12833);
#9909=LINE('',#12834,#12835);
#9910=VERTEX_POINT('',#12836);
#9911=LINE('',#12837,#12838);
#9912=LINE('',#12839,#12840);
#9913=VERTEX_POINT('',#12841);
#9914=VERTEX_POINT('',#12842);
#9915=LINE('',#12843,#12844);
#9916=VERTEX_POINT('',#12845);
#9917=LINE('',#12846,#12847);
#9918=VERTEX_POINT('',#12848);
#9919=LINE('',#12849,#12850);
#9920=VERTEX_POINT('',#12851);
#9921=LINE('',#12852,#12853);
#9922=LINE('',#12854,#12855);
#9923=VERTEX_POINT('',#12856);
#9924=VERTEX_POINT('',#12857);
#9925=LINE('',#12858,#12859);
#9926=VERTEX_POINT('',#12860);
#9927=LINE('',#12861,#12862);
#9928=VERTEX_POINT('',#12863);
#9929=LINE('',#12864,#12865);
#9930=VERTEX_POINT('',#12866);
#9931=LINE('',#12867,#12868);
#9932=LINE('',#12869,#12870);
#9933=VERTEX_POINT('',#12871);
#9934=VERTEX_POINT('',#12872);
#9935=LINE('',#12873,#12874);
#9936=VERTEX_POINT('',#12875);
#9937=LINE('',#12876,#12877);
#9938=VERTEX_POINT('',#12878);
#9939=LINE('',#12879,#12880);
#9940=VERTEX_POINT('',#12881);
#9941=LINE('',#12882,#12883);
#9942=LINE('',#12884,#12885);
#9943=VERTEX_POINT('',#12886);
#9944=VERTEX_POINT('',#12887);
#9945=LINE('',#12888,#12889);
#9946=VERTEX_POINT('',#12890);
#9947=LINE('',#12891,#12892);
#9948=VERTEX_POINT('',#12893);
#9949=LINE('',#12894,#12895);
#9950=VERTEX_POINT('',#12896);
#9951=LINE('',#12897,#12898);
#9952=LINE('',#12899,#12900);
#9953=VERTEX_POINT('',#12901);
#9954=VERTEX_POINT('',#12902);
#9955=LINE('',#12903,#12904);
#9956=VERTEX_POINT('',#12905);
#9957=LINE('',#12906,#12907);
#9958=VERTEX_POINT('',#12908);
#9959=LINE('',#12909,#12910);
#9960=LINE('',#12911,#12912);
#9961=VERTEX_POINT('',#12913);
#9962=VERTEX_POINT('',#12914);
#9963=LINE('',#12915,#12916);
#9964=VERTEX_POINT('',#12917);
#9965=LINE('',#12918,#12919);
#9966=VERTEX_POINT('',#12920);
#9967=LINE('',#12921,#12922);
#9968=VERTEX_POINT('',#12923);
#9969=LINE('',#12924,#12925);
#9970=LINE('',#12926,#12927);
#9971=VERTEX_POINT('',#12928);
#9972=VERTEX_POINT('',#12929);
#9973=LINE('',#12930,#12931);
#9974=VERTEX_POINT('',#12932);
#9975=LINE('',#12933,#12934);
#9976=VERTEX_POINT('',#12935);
#9977=LINE('',#12936,#12937);
#9978=VERTEX_POINT('',#12938);
#9979=LINE('',#12939,#12940);
#9980=LINE('',#12941,#12942);
#9981=VERTEX_POINT('',#12943);
#9982=VERTEX_POINT('',#12944);
#9983=LINE('',#12945,#12946);
#9984=VERTEX_POINT('',#12947);
#9985=LINE('',#12948,#12949);
#9986=VERTEX_POINT('',#12950);
#9987=LINE('',#12951,#12952);
#9988=VERTEX_POINT('',#12953);
#9989=LINE('',#12954,#12955);
#9990=LINE('',#12956,#12957);
#9991=VERTEX_POINT('',#12958);
#9992=VERTEX_POINT('',#12959);
#9993=LINE('',#12960,#12961);
#9994=VERTEX_POINT('',#12962);
#9995=LINE('',#12963,#12964);
#9996=VERTEX_POINT('',#12965);
#9997=LINE('',#12966,#12967);
#9998=VERTEX_POINT('',#12968);
#9999=LINE('',#12969,#12970);
#10000=LINE('',#12971,#12972);
#10001=VERTEX_POINT('',#12973);
#10002=VERTEX_POINT('',#12974);
#10003=LINE('',#12975,#12976);
#10004=VERTEX_POINT('',#12977);
#10005=LINE('',#12978,#12979);
#10006=VERTEX_POINT('',#12980);
#10007=LINE('',#12981,#12982);
#10008=VERTEX_POINT('',#12983);
#10009=LINE('',#12984,#12985);
#10010=LINE('',#12986,#12987);
#10011=LINE('',#12988,#12989);
#10012=LINE('',#12990,#12991);
#10013=LINE('',#12992,#12993);
#10014=LINE('',#12994,#12995);
#10015=LINE('',#12996,#12997);
#10016=LINE('',#12998,#12999);
#10017=LINE('',#13000,#13001);
#10018=LINE('',#13002,#13003);
#10019=LINE('',#13004,#13005);
#10020=LINE('',#13006,#13007);
#10021=LINE('',#13008,#13009);
#10022=LINE('',#13010,#13011);
#10023=LINE('',#13012,#13013);
#10024=LINE('',#13014,#13015);
#10025=LINE('',#13016,#13017);
#10026=LINE('',#13018,#13019);
#10027=LINE('',#13020,#13021);
#10028=LINE('',#13022,#13023);
#10029=LINE('',#13024,#13025);
#10030=LINE('',#13026,#13027);
#10031=LINE('',#13028,#13029);
#10032=LINE('',#13030,#13031);
#10033=LINE('',#13032,#13033);
#10034=LINE('',#13034,#13035);
#10035=LINE('',#13036,#13037);
#10036=LINE('',#13038,#13039);
#10037=LINE('',#13040,#13041);
#10038=LINE('',#13042,#13043);
#10039=LINE('',#13044,#13045);
#10040=LINE('',#13046,#13047);
#10041=LINE('',#13048,#13049);
#10042=LINE('',#13050,#13051);
#10043=LINE('',#13052,#13053);
#10044=LINE('',#13054,#13055);
#10045=LINE('',#13056,#13057);
#10046=LINE('',#13058,#13059);
#10047=LINE('',#13060,#13061);
#10048=LINE('',#13062,#13063);
#10049=LINE('',#13064,#13065);
#10050=LINE('',#13066,#13067);
#10051=LINE('',#13068,#13069);
#10052=LINE('',#13070,#13071);
#10053=LINE('',#13072,#13073);
#10054=LINE('',#13074,#13075);
#10055=LINE('',#13076,#13077);
#10056=LINE('',#13078,#13079);
#10057=LINE('',#13080,#13081);
#10058=LINE('',#13082,#13083);
#10059=LINE('',#13084,#13085);
#10060=LINE('',#13086,#13087);
#10061=LINE('',#13088,#13089);
#10062=LINE('',#13090,#13091);
#10063=LINE('',#13092,#13093);
#10064=LINE('',#13094,#13095);
#10065=LINE('',#13096,#13097);
#10066=LINE('',#13098,#13099);
#10067=LINE('',#13100,#13101);
#10068=VERTEX_POINT('',#13102);
#10069=LINE('',#13103,#13104);
#10070=VERTEX_POINT('',#13105);
#10071=LINE('',#13106,#13107);
#10072=LINE('',#13108,#13109);
#10073=VERTEX_POINT('',#13110);
#10074=LINE('',#13111,#13112);
#10075=VERTEX_POINT('',#13113);
#10076=LINE('',#13114,#13115);
#10077=LINE('',#13116,#13117);
#10078=VERTEX_POINT('',#13118);
#10079=LINE('',#13119,#13120);
#10080=VERTEX_POINT('',#13121);
#10081=LINE('',#13122,#13123);
#10082=LINE('',#13124,#13125);
#10083=VERTEX_POINT('',#13126);
#10084=VERTEX_POINT('',#13127);
#10085=LINE('',#13128,#13129);
#10086=LINE('',#13130,#13131);
#10087=VERTEX_POINT('',#13132);
#10088=LINE('',#13133,#13134);
#10089=VERTEX_POINT('',#13135);
#10090=LINE('',#13136,#13137);
#10091=LINE('',#13138,#13139);
#10092=VERTEX_POINT('',#13140);
#10093=LINE('',#13141,#13142);
#10094=LINE('',#13143,#13144);
#10095=VERTEX_POINT('',#13145);
#10096=LINE('',#13146,#13147);
#10097=LINE('',#13148,#13149);
#10098=VERTEX_POINT('',#13150);
#10099=LINE('',#13151,#13152);
#10100=LINE('',#13153,#13154);
#10101=VERTEX_POINT('',#13155);
#10102=LINE('',#13156,#13157);
#10103=VERTEX_POINT('',#13158);
#10104=LINE('',#13159,#13160);
#10105=LINE('',#13161,#13162);
#10106=VERTEX_POINT('',#13163);
#10107=LINE('',#13164,#13165);
#10108=LINE('',#13166,#13167);
#10109=VERTEX_POINT('',#13168);
#10110=LINE('',#13169,#13170);
#10111=VERTEX_POINT('',#13171);
#10112=LINE('',#13172,#13173);
#10113=LINE('',#13174,#13175);
#10114=LINE('',#13176,#13177);
#10115=LINE('',#13178,#13179);
#10116=LINE('',#13180,#13181);
#10117=LINE('',#13182,#13183);
#10118=LINE('',#13184,#13185);
#10119=VERTEX_POINT('',#13186);
#10120=LINE('',#13187,#13188);
#10121=LINE('',#13189,#13190);
#10122=VERTEX_POINT('',#13191);
#10123=LINE('',#13192,#13193);
#10124=LINE('',#13194,#13195);
#10125=VERTEX_POINT('',#13196);
#10126=LINE('',#13197,#13198);
#10127=VERTEX_POINT('',#13199);
#10128=LINE('',#13200,#13201);
#10129=LINE('',#13202,#13203);
#10130=VERTEX_POINT('',#13204);
#10131=LINE('',#13205,#13206);
#10132=VERTEX_POINT('',#13207);
#10133=LINE('',#13208,#13209);
#10134=LINE('',#13210,#13211);
#10135=VERTEX_POINT('',#13212);
#10136=LINE('',#13213,#13214);
#10137=LINE('',#13215,#13216);
#10138=VERTEX_POINT('',#13217);
#10139=LINE('',#13218,#13219);
#10140=LINE('',#13220,#13221);
#10141=VERTEX_POINT('',#13222);
#10142=LINE('',#13223,#13224);
#10143=LINE('',#13225,#13226);
#10144=VERTEX_POINT('',#13227);
#10145=LINE('',#13228,#13229);
#10146=LINE('',#13230,#13231);
#10147=LINE('',#13232,#13233);
#10148=LINE('',#13234,#13235);
#10149=LINE('',#13236,#13237);
#10150=LINE('',#13238,#13239);
#10151=LINE('',#13240,#13241);
#10152=LINE('',#13242,#13243);
#10153=VERTEX_POINT('',#13244);
#10154=LINE('',#13245,#13246);
#10155=VERTEX_POINT('',#13247);
#10156=LINE('',#13248,#13249);
#10157=LINE('',#13250,#13251);
#10158=VERTEX_POINT('',#13252);
#10159=LINE('',#13253,#13254);
#10160=VERTEX_POINT('',#13255);
#10161=LINE('',#13256,#13257);
#10162=LINE('',#13258,#13259);
#10163=LINE('',#13260,#13261);
#10164=LINE('',#13262,#13263);
#10165=LINE('',#13264,#13265);
#10166=LINE('',#13266,#13267);
#10167=VERTEX_POINT('',#13268);
#10168=LINE('',#13269,#13270);
#10169=VERTEX_POINT('',#13271);
#10170=LINE('',#13272,#13273);
#10171=LINE('',#13274,#13275);
#10172=VERTEX_POINT('',#13276);
#10173=LINE('',#13277,#13278);
#10174=LINE('',#13279,#13280);
#10175=VERTEX_POINT('',#13281);
#10176=LINE('',#13282,#13283);
#10177=LINE('',#13284,#13285);
#10178=LINE('',#13286,#13287);
#10179=LINE('',#13288,#13289);
#10180=VERTEX_POINT('',#13290);
#10181=LINE('',#13291,#13292);
#10182=VERTEX_POINT('',#13293);
#10183=LINE('',#13294,#13295);
#10184=LINE('',#13296,#13297);
#10185=VERTEX_POINT('',#13298);
#10186=LINE('',#13299,#13300);
#10187=LINE('',#13301,#13302);
#10188=VERTEX_POINT('',#13303);
#10189=LINE('',#13304,#13305);
#10190=VERTEX_POINT('',#13306);
#10191=LINE('',#13307,#13308);
#10192=LINE('',#13309,#13310);
#10193=VERTEX_POINT('',#13311);
#10194=LINE('',#13312,#13313);
#10195=LINE('',#13314,#13315);
#10196=VERTEX_POINT('',#13316);
#10197=LINE('',#13317,#13318);
#10198=VERTEX_POINT('',#13319);
#10199=LINE('',#13320,#13321);
#10200=LINE('',#13322,#13323);
#10201=VERTEX_POINT('',#13324);
#10202=LINE('',#13325,#13326);
#10203=LINE('',#13327,#13328);
#10204=VERTEX_POINT('',#13329);
#10205=LINE('',#13330,#13331);
#10206=LINE('',#13332,#13333);
#10207=VERTEX_POINT('',#13334);
#10208=LINE('',#13335,#13336);
#10209=VERTEX_POINT('',#13337);
#10210=LINE('',#13338,#13339);
#10211=LINE('',#13340,#13341);
#10212=LINE('',#13342,#13343);
#10213=VERTEX_POINT('',#13344);
#10214=LINE('',#13345,#13346);
#10215=VERTEX_POINT('',#13347);
#10216=LINE('',#13348,#13349);
#10217=LINE('',#13350,#13351);
#10218=VERTEX_POINT('',#13352);
#10219=LINE('',#13353,#13354);
#10220=LINE('',#13355,#13356);
#10221=VERTEX_POINT('',#13357);
#10222=LINE('',#13358,#13359);
#10223=VERTEX_POINT('',#13360);
#10224=LINE('',#13361,#13362);
#10225=LINE('',#13363,#13364);
#10226=VERTEX_POINT('',#13365);
#10227=LINE('',#13366,#13367);
#10228=LINE('',#13368,#13369);
#10229=VERTEX_POINT('',#13370);
#10230=VERTEX_POINT('',#13371);
#10231=LINE('',#13372,#13373);
#10232=LINE('',#13374,#13375);
#10233=VERTEX_POINT('',#13376);
#10234=LINE('',#13377,#13378);
#10235=VERTEX_POINT('',#13379);
#10236=LINE('',#13380,#13381);
#10237=LINE('',#13382,#13383);
#10238=VERTEX_POINT('',#13384);
#10239=LINE('',#13385,#13386);
#10240=LINE('',#13387,#13388);
#10241=VERTEX_POINT('',#13389);
#10242=LINE('',#13390,#13391);
#10243=LINE('',#13392,#13393);
#10244=LINE('',#13394,#13395);
#10245=LINE('',#13396,#13397);
#10246=LINE('',#13398,#13399);
#10247=VERTEX_POINT('',#13400);
#10248=LINE('',#13401,#13402);
#10249=LINE('',#13403,#13404);
#10250=LINE('',#13405,#13406);
#10251=VERTEX_POINT('',#13407);
#10252=LINE('',#13408,#13409);
#10253=VERTEX_POINT('',#13410);
#10254=LINE('',#13411,#13412);
#10255=LINE('',#13413,#13414);
#10256=VERTEX_POINT('',#13415);
#10257=LINE('',#13416,#13417);
#10258=LINE('',#13418,#13419);
#10259=VERTEX_POINT('',#13420);
#10260=VERTEX_POINT('',#13421);
#10261=LINE('',#13422,#13423);
#10262=LINE('',#13424,#13425);
#10263=VERTEX_POINT('',#13426);
#10264=LINE('',#13427,#13428);
#10265=LINE('',#13429,#13430);
#10266=VERTEX_POINT('',#13431);
#10267=LINE('',#13432,#13433);
#10268=LINE('',#13434,#13435);
#10269=VERTEX_POINT('',#13436);
#10270=LINE('',#13437,#13438);
#10271=VERTEX_POINT('',#13439);
#10272=LINE('',#13440,#13441);
#10273=LINE('',#13442,#13443);
#10274=LINE('',#13444,#13445);
#10275=VERTEX_POINT('',#13446);
#10276=LINE('',#13447,#13448);
#10277=LINE('',#13449,#13450);
#10278=VERTEX_POINT('',#13451);
#10279=LINE('',#13452,#13453);
#10280=LINE('',#13454,#13455);
#10281=LINE('',#13456,#13457);
#10282=LINE('',#13458,#13459);
#10283=VERTEX_POINT('',#13460);
#10284=LINE('',#13461,#13462);
#10285=VERTEX_POINT('',#13463);
#10286=LINE('',#13464,#13465);
#10287=LINE('',#13466,#13467);
#10288=VERTEX_POINT('',#13468);
#10289=LINE('',#13469,#13470);
#10290=LINE('',#13471,#13472);
#10291=VERTEX_POINT('',#13473);
#10292=LINE('',#13474,#13475);
#10293=LINE('',#13476,#13477);
#10294=LINE('',#13478,#13479);
#10295=LINE('',#13480,#13481);
#10296=VERTEX_POINT('',#13482);
#10297=LINE('',#13483,#13484);
#10298=VERTEX_POINT('',#13485);
#10299=LINE('',#13486,#13487);
#10300=LINE('',#13488,#13489);
#10301=VERTEX_POINT('',#13490);
#10302=LINE('',#13491,#13492);
#10303=LINE('',#13493,#13494);
#10304=LINE('',#13495,#13496);
#10305=LINE('',#13497,#13498);
#10306=VERTEX_POINT('',#13499);
#10307=LINE('',#13500,#13501);
#10308=LINE('',#13502,#13503);
#10309=LINE('',#13504,#13505);
#10310=LINE('',#13506,#13507);
#10311=VERTEX_POINT('',#13508);
#10312=LINE('',#13509,#13510);
#10313=VERTEX_POINT('',#13511);
#10314=LINE('',#13512,#13513);
#10315=VERTEX_POINT('',#13514);
#10316=LINE('',#13515,#13516);
#10317=VERTEX_POINT('',#13517);
#10318=LINE('',#13518,#13519);
#10319=LINE('',#13520,#13521);
#10320=VERTEX_POINT('',#13522);
#10321=LINE('',#13523,#13524);
#10322=VERTEX_POINT('',#13525);
#10323=LINE('',#13526,#13527);
#10324=VERTEX_POINT('',#13528);
#10325=LINE('',#13529,#13530);
#10326=VERTEX_POINT('',#13531);
#10327=LINE('',#13532,#13533);
#10328=LINE('',#13534,#13535);
#10329=VERTEX_POINT('',#13536);
#10330=LINE('',#13537,#13538);
#10331=VERTEX_POINT('',#13539);
#10332=LINE('',#13540,#13541);
#10333=LINE('',#13542,#13543);
#10334=VERTEX_POINT('',#13544);
#10335=LINE('',#13545,#13546);
#10336=VERTEX_POINT('',#13547);
#10337=LINE('',#13548,#13549);
#10338=LINE('',#13550,#13551);
#10339=VERTEX_POINT('',#13552);
#10340=LINE('',#13553,#13554);
#10341=VERTEX_POINT('',#13555);
#10342=LINE('',#13556,#13557);
#10343=LINE('',#13558,#13559);
#10344=VERTEX_POINT('',#13560);
#10345=LINE('',#13561,#13562);
#10346=VERTEX_POINT('',#13563);
#10347=LINE('',#13564,#13565);
#10348=LINE('',#13566,#13567);
#10349=VERTEX_POINT('',#13568);
#10350=LINE('',#13569,#13570);
#10351=VERTEX_POINT('',#13571);
#10352=LINE('',#13572,#13573);
#10353=LINE('',#13574,#13575);
#10354=VERTEX_POINT('',#13576);
#10355=VERTEX_POINT('',#13577);
#10356=LINE('',#13578,#13579);
#10357=LINE('',#13580,#13581);
#10358=VERTEX_POINT('',#13582);
#10359=LINE('',#13583,#13584);
#10360=VERTEX_POINT('',#13585);
#10361=LINE('',#13586,#13587);
#10362=LINE('',#13588,#13589);
#10363=LINE('',#13590,#13591);
#10364=VERTEX_POINT('',#13592);
#10365=LINE('',#13593,#13594);
#10366=LINE('',#13595,#13596);
#10367=VERTEX_POINT('',#13597);
#10368=LINE('',#13598,#13599);
#10369=LINE('',#13600,#13601);
#10370=VERTEX_POINT('',#13602);
#10371=LINE('',#13603,#13604);
#10372=LINE('',#13605,#13606);
#10373=VERTEX_POINT('',#13607);
#10374=LINE('',#13608,#13609);
#10375=LINE('',#13610,#13611);
#10376=VERTEX_POINT('',#13612);
#10377=LINE('',#13613,#13614);
#10378=VERTEX_POINT('',#13615);
#10379=LINE('',#13616,#13617);
#10380=LINE('',#13618,#13619);
#10381=LINE('',#13620,#13621);
#10382=LINE('',#13622,#13623);
#10383=LINE('',#13624,#13625);
#10384=LINE('',#13626,#13627);
#10385=VERTEX_POINT('',#13628);
#10386=LINE('',#13629,#13630);
#10387=LINE('',#13631,#13632);
#10388=VERTEX_POINT('',#13633);
#10389=LINE('',#13634,#13635);
#10390=VERTEX_POINT('',#13636);
#10391=LINE('',#13637,#13638);
#10392=LINE('',#13639,#13640);
#10393=VERTEX_POINT('',#13641);
#10394=LINE('',#13642,#13643);
#10395=LINE('',#13644,#13645);
#10396=VERTEX_POINT('',#13646);
#10397=LINE('',#13647,#13648);
#10398=LINE('',#13649,#13650);
#10399=VERTEX_POINT('',#13651);
#10400=LINE('',#13652,#13653);
#10401=LINE('',#13654,#13655);
#10402=LINE('',#13656,#13657);
#10403=VERTEX_POINT('',#13658);
#10404=LINE('',#13659,#13660);
#10405=LINE('',#13661,#13662);
#10406=VERTEX_POINT('',#13663);
#10407=LINE('',#13664,#13665);
#10408=VERTEX_POINT('',#13666);
#10409=LINE('',#13667,#13668);
#10410=LINE('',#13669,#13670);
#10411=LINE('',#13671,#13672);
#10412=VERTEX_POINT('',#13673);
#10413=VERTEX_POINT('',#13674);
#10414=LINE('',#13675,#13676);
#10415=LINE('',#13677,#13678);
#10416=VERTEX_POINT('',#13679);
#10417=LINE('',#13680,#13681);
#10418=VERTEX_POINT('',#13682);
#10419=LINE('',#13683,#13684);
#10420=LINE('',#13685,#13686);
#10421=LINE('',#13687,#13688);
#10422=LINE('',#13689,#13690);
#10423=VERTEX_POINT('',#13691);
#10424=LINE('',#13692,#13693);
#10425=VERTEX_POINT('',#13694);
#10426=LINE('',#13695,#13696);
#10427=LINE('',#13697,#13698);
#10428=LINE('',#13699,#13700);
#10429=VERTEX_POINT('',#13701);
#10430=LINE('',#13702,#13703);
#10431=LINE('',#13704,#13705);
#10432=VERTEX_POINT('',#13706);
#10433=LINE('',#13707,#13708);
#10434=LINE('',#13709,#13710);
#10435=LINE('',#13711,#13712);
#10436=LINE('',#13713,#13714);
#10437=VERTEX_POINT('',#13715);
#10438=LINE('',#13716,#13717);
#10439=VERTEX_POINT('',#13718);
#10440=LINE('',#13719,#13720);
#10441=LINE('',#13721,#13722);
#10442=VERTEX_POINT('',#13723);
#10443=LINE('',#13724,#13725);
#10444=LINE('',#13726,#13727);
#10445=LINE('',#13728,#13729);
#10446=LINE('',#13730,#13731);
#10447=VERTEX_POINT('',#13732);
#10448=LINE('',#13733,#13734);
#10449=LINE('',#13735,#13736);
#10450=LINE('',#13737,#13738);
#10451=LINE('',#13739,#13740);
#10452=LINE('',#13741,#13742);
#10453=VERTEX_POINT('',#13743);
#10454=LINE('',#13744,#13745);
#10455=VERTEX_POINT('',#13746);
#10456=LINE('',#13747,#13748);
#10457=LINE('',#13749,#13750);
#10458=VERTEX_POINT('',#13751);
#10459=LINE('',#13752,#13753);
#10460=LINE('',#13754,#13755);
#10461=VERTEX_POINT('',#13756);
#10462=LINE('',#13757,#13758);
#10463=LINE('',#13759,#13760);
#10464=LINE('',#13761,#13762);
#10465=VERTEX_POINT('',#13763);
#10466=LINE('',#13764,#13765);
#10467=VERTEX_POINT('',#13766);
#10468=LINE('',#13767,#13768);
#10469=LINE('',#13769,#13770);
#10470=VERTEX_POINT('',#13771);
#10471=LINE('',#13772,#13773);
#10472=VERTEX_POINT('',#13774);
#10473=LINE('',#13775,#13776);
#10474=LINE('',#13777,#13778);
#10475=VERTEX_POINT('',#13779);
#10476=LINE('',#13780,#13781);
#10477=VERTEX_POINT('',#13782);
#10478=LINE('',#13783,#13784);
#10479=LINE('',#13785,#13786);
#10480=VERTEX_POINT('',#13787);
#10481=VERTEX_POINT('',#13788);
#10482=LINE('',#13789,#13790);
#10483=LINE('',#13791,#13792);
#10484=VERTEX_POINT('',#13793);
#10485=LINE('',#13794,#13795);
#10486=VERTEX_POINT('',#13796);
#10487=LINE('',#13797,#13798);
#10488=LINE('',#13799,#13800);
#10489=LINE('',#13801,#13802);
#10490=VERTEX_POINT('',#13803);
#10491=LINE('',#13804,#13805);
#10492=LINE('',#13806,#13807);
#10493=VERTEX_POINT('',#13808);
#10494=LINE('',#13809,#13810);
#10495=VERTEX_POINT('',#13811);
#10496=LINE('',#13812,#13813);
#10497=LINE('',#13814,#13815);
#10498=VERTEX_POINT('',#13816);
#10499=LINE('',#13817,#13818);
#10500=VERTEX_POINT('',#13819);
#10501=LINE('',#13820,#13821);
#10502=LINE('',#13822,#13823);
#10503=VERTEX_POINT('',#13824);
#10504=LINE('',#13825,#13826);
#10505=LINE('',#13827,#13828);
#10506=VERTEX_POINT('',#13829);
#10507=LINE('',#13830,#13831);
#10508=LINE('',#13832,#13833);
#10509=VERTEX_POINT('',#13834);
#10510=LINE('',#13835,#13836);
#10511=LINE('',#13837,#13838);
#10512=VERTEX_POINT('',#13839);
#10513=LINE('',#13840,#13841);
#10514=LINE('',#13842,#13843);
#10515=LINE('',#13844,#13845);
#10516=VERTEX_POINT('',#13846);
#10517=LINE('',#13847,#13848);
#10518=VERTEX_POINT('',#13849);
#10519=LINE('',#13850,#13851);
#10520=LINE('',#13852,#13853);
#10521=VERTEX_POINT('',#13854);
#10522=LINE('',#13855,#13856);
#10523=VERTEX_POINT('',#13857);
#10524=LINE('',#13858,#13859);
#10525=LINE('',#13860,#13861);
#10526=VERTEX_POINT('',#13862);
#10527=VERTEX_POINT('',#13863);
#10528=LINE('',#13864,#13865);
#10529=LINE('',#13866,#13867);
#10530=VERTEX_POINT('',#13868);
#10531=LINE('',#13869,#13870);
#10532=VERTEX_POINT('',#13871);
#10533=LINE('',#13872,#13873);
#10534=LINE('',#13874,#13875);
#10535=LINE('',#13876,#13877);
#10536=VERTEX_POINT('',#13878);
#10537=LINE('',#13879,#13880);
#10538=VERTEX_POINT('',#13881);
#10539=LINE('',#13882,#13883);
#10540=LINE('',#13884,#13885);
#10541=LINE('',#13886,#13887);
#10542=VERTEX_POINT('',#13888);
#10543=LINE('',#13889,#13890);
#10544=LINE('',#13891,#13892);
#10545=VERTEX_POINT('',#13893);
#10546=LINE('',#13894,#13895);
#10547=LINE('',#13896,#13897);
#10548=LINE('',#13898,#13899);
#10549=LINE('',#13900,#13901);
#10550=VERTEX_POINT('',#13902);
#10551=LINE('',#13903,#13904);
#10552=VERTEX_POINT('',#13905);
#10553=LINE('',#13906,#13907);
#10554=LINE('',#13908,#13909);
#10555=VERTEX_POINT('',#13910);
#10556=LINE('',#13911,#13912);
#10557=LINE('',#13913,#13914);
#10558=LINE('',#13915,#13916);
#10559=VERTEX_POINT('',#13917);
#10560=LINE('',#13918,#13919);
#10561=LINE('',#13920,#13921);
#10562=LINE('',#13922,#13923);
#10563=VERTEX_POINT('',#13924);
#10564=LINE('',#13925,#13926);
#10565=LINE('',#13927,#13928);
#10566=VERTEX_POINT('',#13929);
#10567=LINE('',#13930,#13931);
#10568=LINE('',#13932,#13933);
#10569=LINE('',#13934,#13935);
#10570=LINE('',#13936,#13937);
#10571=LINE('',#13938,#13939);
#10572=LINE('',#13940,#13941);
#10573=VERTEX_POINT('',#13942);
#10574=LINE('',#13943,#13944);
#10575=VERTEX_POINT('',#13945);
#10576=LINE('',#13946,#13947);
#10577=LINE('',#13948,#13949);
#10578=VERTEX_POINT('',#13950);
#10579=LINE('',#13951,#13952);
#10580=VERTEX_POINT('',#13953);
#10581=LINE('',#13954,#13955);
#10582=LINE('',#13956,#13957);
#10583=LINE('',#13958,#13959);
#10584=LINE('',#13960,#13961);
#10585=LINE('',#13962,#13963);
#10586=LINE('',#13964,#13965);
#10587=VERTEX_POINT('',#13966);
#10588=LINE('',#13967,#13968);
#10589=LINE('',#13969,#13970);
#10590=LINE('',#13971,#13972);
#10591=LINE('',#13973,#13974);
#10592=VERTEX_POINT('',#13975);
#10593=LINE('',#13976,#13977);
#10594=VERTEX_POINT('',#13978);
#10595=LINE('',#13979,#13980);
#10596=LINE('',#13981,#13982);
#10597=VERTEX_POINT('',#13983);
#10598=LINE('',#13984,#13985);
#10599=LINE('',#13986,#13987);
#10600=VERTEX_POINT('',#13988);
#10601=LINE('',#13989,#13990);
#10602=LINE('',#13991,#13992);
#10603=LINE('',#13993,#13994);
#10604=VERTEX_POINT('',#13995);
#10605=LINE('',#13996,#13997);
#10606=VERTEX_POINT('',#13998);
#10607=LINE('',#13999,#14000);
#10608=LINE('',#14001,#14002);
#10609=VERTEX_POINT('',#14003);
#10610=LINE('',#14004,#14005);
#10611=LINE('',#14006,#14007);
#10612=VERTEX_POINT('',#14008);
#10613=LINE('',#14009,#14010);
#10614=LINE('',#14011,#14012);
#10615=LINE('',#14013,#14014);
#10616=VERTEX_POINT('',#14015);
#10617=LINE('',#14016,#14017);
#10618=VERTEX_POINT('',#14018);
#10619=LINE('',#14019,#14020);
#10620=LINE('',#14021,#14022);
#10621=VERTEX_POINT('',#14023);
#10622=LINE('',#14024,#14025);
#10623=LINE('',#14026,#14027);
#10624=VERTEX_POINT('',#14028);
#10625=LINE('',#14029,#14030);
#10626=LINE('',#14031,#14032);
#10627=LINE('',#14033,#14034);
#10628=LINE('',#14035,#14036);
#10629=VERTEX_POINT('',#14037);
#10630=LINE('',#14038,#14039);
#10631=LINE('',#14040,#14041);
#10632=VERTEX_POINT('',#14042);
#10633=LINE('',#14043,#14044);
#10634=LINE('',#14045,#14046);
#10635=VERTEX_POINT('',#14047);
#10636=LINE('',#14048,#14049);
#10637=VERTEX_POINT('',#14050);
#10638=LINE('',#14051,#14052);
#10639=LINE('',#14053,#14054);
#10640=VERTEX_POINT('',#14055);
#10641=LINE('',#14056,#14057);
#10642=VERTEX_POINT('',#14058);
#10643=LINE('',#14059,#14060);
#10644=LINE('',#14061,#14062);
#10645=VERTEX_POINT('',#14063);
#10646=VERTEX_POINT('',#14064);
#10647=LINE('',#14065,#14066);
#10648=LINE('',#14067,#14068);
#10649=VERTEX_POINT('',#14069);
#10650=LINE('',#14070,#14071);
#10651=LINE('',#14072,#14073);
#10652=VERTEX_POINT('',#14074);
#10653=LINE('',#14075,#14076);
#10654=LINE('',#14077,#14078);
#10655=LINE('',#14079,#14080);
#10656=VERTEX_POINT('',#14081);
#10657=LINE('',#14082,#14083);
#10658=VERTEX_POINT('',#14084);
#10659=LINE('',#14085,#14086);
#10660=LINE('',#14087,#14088);
#10661=LINE('',#14089,#14090);
#10662=VERTEX_POINT('',#14091);
#10663=LINE('',#14092,#14093);
#10664=LINE('',#14094,#14095);
#10665=VERTEX_POINT('',#14096);
#10666=LINE('',#14097,#14098);
#10667=LINE('',#14099,#14100);
#10668=LINE('',#14101,#14102);
#10669=LINE('',#14103,#14104);
#10670=VERTEX_POINT('',#14105);
#10671=LINE('',#14106,#14107);
#10672=VERTEX_POINT('',#14108);
#10673=LINE('',#14109,#14110);
#10674=LINE('',#14111,#14112);
#10675=VERTEX_POINT('',#14113);
#10676=LINE('',#14114,#14115);
#10677=LINE('',#14116,#14117);
#10678=LINE('',#14118,#14119);
#10679=VERTEX_POINT('',#14120);
#10680=LINE('',#14121,#14122);
#10681=LINE('',#14123,#14124);
#10682=LINE('',#14125,#14126);
#10683=LINE('',#14127,#14128);
#10684=VERTEX_POINT('',#14129);
#10685=LINE('',#14130,#14131);
#10686=VERTEX_POINT('',#14132);
#10687=LINE('',#14133,#14134);
#10688=LINE('',#14135,#14136);
#10689=VERTEX_POINT('',#14137);
#10690=LINE('',#14138,#14139);
#10691=LINE('',#14140,#14141);
#10692=LINE('',#14142,#14143);
#10693=LINE('',#14144,#14145);
#10694=VERTEX_POINT('',#14146);
#10695=LINE('',#14147,#14148);
#10696=LINE('',#14149,#14150);
#10697=LINE('',#14151,#14152);
#10698=LINE('',#14153,#14154);
#10699=VERTEX_POINT('',#14155);
#10700=LINE('',#14156,#14157);
#10701=VERTEX_POINT('',#14158);
#10702=LINE('',#14159,#14160);
#10703=LINE('',#14161,#14162);
#10704=VERTEX_POINT('',#14163);
#10705=LINE('',#14164,#14165);
#10706=LINE('',#14166,#14167);
#10707=LINE('',#14168,#14169);
#10708=VERTEX_POINT('',#14170);
#10709=LINE('',#14171,#14172);
#10710=LINE('',#14173,#14174);
#10711=LINE('',#14175,#14176);
#10712=LINE('',#14177,#14178);
#10713=VERTEX_POINT('',#14179);
#10714=LINE('',#14180,#14181);
#10715=VERTEX_POINT('',#14182);
#10716=LINE('',#14183,#14184);
#10717=LINE('',#14185,#14186);
#10718=VERTEX_POINT('',#14187);
#10719=LINE('',#14188,#14189);
#10720=LINE('',#14190,#14191);
#10721=VERTEX_POINT('',#14192);
#10722=LINE('',#14193,#14194);
#10723=LINE('',#14195,#14196);
#10724=LINE('',#14197,#14198);
#10725=LINE('',#14199,#14200);
#10726=LINE('',#14201,#14202);
#10727=VERTEX_POINT('',#14203);
#10728=LINE('',#14204,#14205);
#10729=VERTEX_POINT('',#14206);
#10730=LINE('',#14207,#14208);
#10731=LINE('',#14209,#14210);
#10732=VERTEX_POINT('',#14211);
#10733=LINE('',#14212,#14213);
#10734=LINE('',#14214,#14215);
#10735=VERTEX_POINT('',#14216);
#10736=LINE('',#14217,#14218);
#10737=LINE('',#14219,#14220);
#10738=LINE('',#14221,#14222);
#10739=LINE('',#14223,#14224);
#10740=LINE('',#14225,#14226);
#10741=VERTEX_POINT('',#14227);
#10742=LINE('',#14228,#14229);
#10743=VERTEX_POINT('',#14230);
#10744=LINE('',#14231,#14232);
#10745=LINE('',#14233,#14234);
#10746=VERTEX_POINT('',#14235);
#10747=LINE('',#14236,#14237);
#10748=LINE('',#14238,#14239);
#10749=VERTEX_POINT('',#14240);
#10750=LINE('',#14241,#14242);
#10751=LINE('',#14243,#14244);
#10752=LINE('',#14245,#14246);
#10753=VERTEX_POINT('',#14247);
#10754=LINE('',#14248,#14249);
#10755=LINE('',#14250,#14251);
#10756=VERTEX_POINT('',#14252);
#10757=LINE('',#14253,#14254);
#10758=LINE('',#14255,#14256);
#10759=LINE('',#14257,#14258);
#10760=LINE('',#14259,#14260);
#10761=VERTEX_POINT('',#14261);
#10762=LINE('',#14262,#14263);
#10763=LINE('',#14264,#14265);
#10764=LINE('',#14266,#14267);
#10765=LINE('',#14268,#14269);
#10766=VERTEX_POINT('',#14270);
#10767=LINE('',#14271,#14272);
#10768=VERTEX_POINT('',#14273);
#10769=LINE('',#14274,#14275);
#10770=LINE('',#14276,#14277);
#10771=VERTEX_POINT('',#14278);
#10772=LINE('',#14279,#14280);
#10773=LINE('',#14281,#14282);
#10774=VERTEX_POINT('',#14283);
#10775=LINE('',#14284,#14285);
#10776=LINE('',#14286,#14287);
#10777=LINE('',#14288,#14289);
#10778=LINE('',#14290,#14291);
#10779=LINE('',#14292,#14293);
#10780=VERTEX_POINT('',#14294);
#10781=LINE('',#14295,#14296);
#10782=VERTEX_POINT('',#14297);
#10783=LINE('',#14298,#14299);
#10784=LINE('',#14300,#14301);
#10785=VERTEX_POINT('',#14302);
#10786=LINE('',#14303,#14304);
#10787=LINE('',#14305,#14306);
#10788=VERTEX_POINT('',#14307);
#10789=LINE('',#14308,#14309);
#10790=LINE('',#14310,#14311);
#10791=LINE('',#14312,#14313);
#10792=LINE('',#14314,#14315);
#10793=VERTEX_POINT('',#14316);
#10794=LINE('',#14317,#14318);
#10795=LINE('',#14319,#14320);
#10796=VERTEX_POINT('',#14321);
#10797=LINE('',#14322,#14323);
#10798=LINE('',#14324,#14325);
#10799=LINE('',#14326,#14327);
#10800=LINE('',#14328,#14329);
#10801=LINE('',#14330,#14331);
#10802=LINE('',#14332,#14333);
#10803=VERTEX_POINT('',#14334);
#10804=LINE('',#14335,#14336);
#10805=VERTEX_POINT('',#14337);
#10806=LINE('',#14338,#14339);
#10807=LINE('',#14340,#14341);
#10808=VERTEX_POINT('',#14342);
#10809=LINE('',#14343,#14344);
#10810=LINE('',#14345,#14346);
#10811=VERTEX_POINT('',#14347);
#10812=LINE('',#14348,#14349);
#10813=LINE('',#14350,#14351);
#10814=VERTEX_POINT('',#14352);
#10815=LINE('',#14353,#14354);
#10816=LINE('',#14355,#14356);
#10817=VERTEX_POINT('',#14357);
#10818=LINE('',#14358,#14359);
#10819=LINE('',#14360,#14361);
#10820=VERTEX_POINT('',#14362);
#10821=LINE('',#14363,#14364);
#10822=LINE('',#14365,#14366);
#10823=LINE('',#14367,#14368);
#10824=LINE('',#14369,#14370);
#10825=LINE('',#14371,#14372);
#10826=LINE('',#14373,#14374);
#10827=LINE('',#14375,#14376);
#10828=LINE('',#14377,#14378);
#10829=LINE('',#14379,#14380);
#10830=CARTESIAN_POINT('',(-10.825,-1.1,-0.195));
#10831=CARTESIAN_POINT('',(-10.825,-0.575,-0.195));
#10832=CARTESIAN_POINT('',(-10.825,-1.1,-0.195));
#10833=VECTOR('',#14381,0.525);
#10834=CARTESIAN_POINT('',(-10.825,-0.575,-2.695));
#10835=CARTESIAN_POINT('',(-10.825,-0.575,-0.195));
#10836=VECTOR('',#14382,2.5);
#10837=CARTESIAN_POINT('',(-10.825,0.575,-2.695));
#10838=CARTESIAN_POINT('',(-10.825,-0.575,-2.695));
#10839=VECTOR('',#14383,1.15);
#10840=CARTESIAN_POINT('',(-10.825,0.575,-0.195));
#10841=CARTESIAN_POINT('',(-10.825,0.575,-2.695));
#10842=VECTOR('',#14384,2.5);
#10843=CARTESIAN_POINT('',(-10.825,1.1,-0.195));
#10844=CARTESIAN_POINT('',(-10.825,0.575,-0.195));
#10845=VECTOR('',#14385,0.525);
#10846=CARTESIAN_POINT('',(-10.825,1.1,3.305));
#10847=CARTESIAN_POINT('',(-10.825,1.1,3.305));
#10848=VECTOR('',#14386,3.5);
#10849=CARTESIAN_POINT('',(-10.825,2.68,3.305));
#10850=CARTESIAN_POINT('',(-10.825,1.1,3.305));
#10851=VECTOR('',#14387,1.58);
#10852=CARTESIAN_POINT('',(-10.825,3.43,3.305));
#10853=CARTESIAN_POINT('',(-10.825,3.43,3.305));
#10854=VECTOR('',#14388,0.75);
#10855=CARTESIAN_POINT('',(-10.825,3.43,-3.355));
#10856=CARTESIAN_POINT('',(-10.825,3.43,-3.355));
#10857=VECTOR('',#14389,6.66);
#10858=CARTESIAN_POINT('',(-10.825,-3.05,-3.355));
#10859=CARTESIAN_POINT('',(-10.825,-3.05,-3.355));
#10860=VECTOR('',#14390,6.48);
#10861=CARTESIAN_POINT('',(-10.825,-3.05,3.305));
#10862=CARTESIAN_POINT('',(-10.825,-3.05,3.305));
#10863=VECTOR('',#14391,6.66);
#10864=CARTESIAN_POINT('',(-10.825,-2.41,3.305));
#10865=CARTESIAN_POINT('',(-10.825,-2.41,3.305));
#10866=VECTOR('',#14392,0.64);
#10867=CARTESIAN_POINT('',(-10.825,-1.1,3.305));
#10868=CARTESIAN_POINT('',(-10.825,-2.41,3.305));
#10869=VECTOR('',#14393,1.31);
#10870=CARTESIAN_POINT('',(-10.825,-1.1,3.305));
#10871=VECTOR('',#14394,3.5);
#10872=CARTESIAN_POINT('',(-9.440323739038,-1.1,3.305));
#10873=CARTESIAN_POINT('',(-9.440323739038,-1.1,3.305));
#10874=VECTOR('',#14395,1.384676260962);
#10875=CARTESIAN_POINT('',(-9.440161869519,-1.1,-0.195));
#10876=CARTESIAN_POINT('',(-9.440323739038,-1.1,3.305));
#10877=VECTOR('',#14396,3.500000003743);
#10878=CARTESIAN_POINT('',(-10.825,-1.1,-0.195));
#10879=VECTOR('',#14397,1.384838130481);
#10880=CARTESIAN_POINT('',(-9.440161869519,-0.575,-0.195));
#10881=CARTESIAN_POINT('',(-9.440161869519,-1.1,-0.195));
#10882=VECTOR('',#14398,0.525);
#10883=CARTESIAN_POINT('',(-10.825,-0.575,-0.195));
#10884=VECTOR('',#14399,1.384838130481);
#10885=CARTESIAN_POINT('',(-9.440485608557,-0.575,-2.795));
#10886=CARTESIAN_POINT('',(-9.440161869519,-0.575,-0.195));
#10887=VECTOR('',#14400,2.600000020155);
#10888=CARTESIAN_POINT('',(-9.840485608557,-0.575,-2.795));
#10889=CARTESIAN_POINT('',(-9.840485608557,-0.575,-2.795));
#10890=VECTOR('',#14401,0.4);
#10891=CARTESIAN_POINT('',(-9.840485608557,-0.575,-2.695));
#10892=CARTESIAN_POINT('',(-9.840485608557,-0.575,-2.695));
#10893=VECTOR('',#14402,0.1);
#10894=CARTESIAN_POINT('',(-10.825,-0.575,-2.695));
#10895=VECTOR('',#14403,0.9845143914425);
#10896=CARTESIAN_POINT('',(-9.840485608557,0.575,-2.695));
#10897=CARTESIAN_POINT('',(-10.825,0.575,-2.695));
#10898=VECTOR('',#14404,0.9845143914425);
#10899=CARTESIAN_POINT('',(-9.840485608557,-0.4,-2.695));
#10900=CARTESIAN_POINT('',(-9.840485608557,-0.575,-2.695));
#10901=VECTOR('',#14405,0.175);
#10902=CARTESIAN_POINT('',(-10.14048560856,-0.4,-2.695));
#10903=CARTESIAN_POINT('',(-10.14048560856,-0.4,-2.695));
#10904=VECTOR('',#14406,0.3);
#10905=CARTESIAN_POINT('',(-10.14048560856,0.4,-2.695));
#10906=CARTESIAN_POINT('',(-10.14048560856,0.4,-2.695));
#10907=VECTOR('',#14407,0.8);
#10908=CARTESIAN_POINT('',(-9.840485608557,0.4,-2.695));
#10909=CARTESIAN_POINT('',(-9.840485608557,0.4,-2.695));
#10910=VECTOR('',#14408,0.3);
#10911=CARTESIAN_POINT('',(-9.840485608557,0.575,-2.695));
#10912=VECTOR('',#14409,0.175);
#10913=CARTESIAN_POINT('',(-9.840485608557,0.4,-2.795));
#10914=CARTESIAN_POINT('',(-9.840485608557,0.4,-2.695));
#10915=VECTOR('',#14410,0.1);
#10916=CARTESIAN_POINT('',(-9.840485608557,0.575,-2.795));
#10917=CARTESIAN_POINT('',(-9.840485608557,0.575,-2.795));
#10918=VECTOR('',#14411,0.175);
#10919=CARTESIAN_POINT('',(-9.840485608557,0.575,-2.695));
#10920=VECTOR('',#14412,0.1);
#10921=CARTESIAN_POINT('',(-9.440161869519,0.575,-0.195));
#10922=CARTESIAN_POINT('',(-10.825,0.575,-0.195));
#10923=VECTOR('',#14413,1.384838130481);
#10924=CARTESIAN_POINT('',(-9.440485608557,0.575,-2.795));
#10925=CARTESIAN_POINT('',(-9.440485608557,0.575,-2.795));
#10926=VECTOR('',#14414,0.4);
#10927=CARTESIAN_POINT('',(-9.440161869519,0.575,-0.195));
#10928=VECTOR('',#14415,2.600000020155);
#10929=CARTESIAN_POINT('',(-9.440485608557,-2.41,3.305));
#10930=CARTESIAN_POINT('',(-9.440323739038,-1.1,3.305));
#10931=VECTOR('',#14416,1.310000010001);
#10932=CARTESIAN_POINT('',(-9.440485608557,-2.41,4.955));
#10933=CARTESIAN_POINT('',(-9.440485608557,-2.41,4.955));
#10934=VECTOR('',#14417,1.65);
#10935=CARTESIAN_POINT('',(-9.440485608557,2.68,4.955));
#10936=CARTESIAN_POINT('',(-9.440485608557,-2.41,4.955));
#10937=VECTOR('',#14418,5.09);
#10938=CARTESIAN_POINT('',(-9.440485608557,2.68,3.305));
#10939=CARTESIAN_POINT('',(-9.440485608557,2.68,4.955));
#10940=VECTOR('',#14419,1.65);
#10941=CARTESIAN_POINT('',(-9.440323739038,1.1,3.305));
#10942=CARTESIAN_POINT('',(-9.440485608557,2.68,3.305));
#10943=VECTOR('',#14420,1.580000008292);
#10944=CARTESIAN_POINT('',(-9.440161869519,1.1,-0.195));
#10945=CARTESIAN_POINT('',(-9.440161869519,1.1,-0.195));
#10946=VECTOR('',#14421,3.500000003743);
#10947=CARTESIAN_POINT('',(-9.440161869519,0.575,-0.195));
#10948=VECTOR('',#14422,0.525);
#10949=CARTESIAN_POINT('',(-9.440485608557,-0.575,-2.795));
#10950=VECTOR('',#14423,1.15);
#10951=CARTESIAN_POINT('',(9.440485608557,0.575,-2.795));
#10952=CARTESIAN_POINT('',(9.440485608557,-0.575,-2.795));
#10953=CARTESIAN_POINT('',(9.440485608557,0.575,-2.795));
#10954=VECTOR('',#14424,1.15);
#10955=CARTESIAN_POINT('',(9.840485608557,-0.575,-2.795));
#10956=CARTESIAN_POINT('',(9.440485608557,-0.575,-2.795));
#10957=VECTOR('',#14425,0.4);
#10958=CARTESIAN_POINT('',(9.840485608557,-0.4,-2.795));
#10959=CARTESIAN_POINT('',(9.840485608557,-0.575,-2.795));
#10960=VECTOR('',#14426,0.175);
#10961=CARTESIAN_POINT('',(10.14048560856,-0.4,-2.795));
#10962=CARTESIAN_POINT('',(9.840485608557,-0.4,-2.795));
#10963=VECTOR('',#14427,0.3);
#10964=CARTESIAN_POINT('',(10.14048560856,0.4,-2.795));
#10965=CARTESIAN_POINT('',(10.14048560856,-0.4,-2.795));
#10966=VECTOR('',#14428,0.8);
#10967=CARTESIAN_POINT('',(9.840485608557,0.4,-2.795));
#10968=CARTESIAN_POINT('',(10.14048560856,0.4,-2.795));
#10969=VECTOR('',#14429,0.3);
#10970=CARTESIAN_POINT('',(9.840485608557,0.575,-2.795));
#10971=CARTESIAN_POINT('',(9.840485608557,0.4,-2.795));
#10972=VECTOR('',#14430,0.175);
#10973=CARTESIAN_POINT('',(9.840485608557,0.575,-2.795));
#10974=VECTOR('',#14431,0.4);
#10975=CARTESIAN_POINT('',(-10.14048560856,0.4,-2.795));
#10976=CARTESIAN_POINT('',(-9.840485608557,0.4,-2.795));
#10977=VECTOR('',#14432,0.3);
#10978=CARTESIAN_POINT('',(-10.14048560856,-0.4,-2.795));
#10979=CARTESIAN_POINT('',(-10.14048560856,0.4,-2.795));
#10980=VECTOR('',#14433,0.8);
#10981=CARTESIAN_POINT('',(-9.840485608557,-0.4,-2.795));
#10982=CARTESIAN_POINT('',(-10.14048560856,-0.4,-2.795));
#10983=VECTOR('',#14434,0.3);
#10984=CARTESIAN_POINT('',(-9.840485608557,-0.4,-2.795));
#10985=VECTOR('',#14435,0.175);
#10986=CARTESIAN_POINT('',(10.825,0.575,-2.695));
#10987=CARTESIAN_POINT('',(10.825,0.575,-0.195));
#10988=CARTESIAN_POINT('',(10.825,0.575,-2.695));
#10989=VECTOR('',#14436,2.5);
#10990=CARTESIAN_POINT('',(9.440161869519,0.575,-0.195));
#10991=CARTESIAN_POINT('',(10.825,0.575,-0.195));
#10992=VECTOR('',#14437,1.384838130481);
#10993=CARTESIAN_POINT('',(9.440161869519,0.575,-0.195));
#10994=VECTOR('',#14438,2.600000020155);
#10995=CARTESIAN_POINT('',(9.840485608557,0.575,-2.695));
#10996=CARTESIAN_POINT('',(9.840485608557,0.575,-2.695));
#10997=VECTOR('',#14439,0.1);
#10998=CARTESIAN_POINT('',(10.825,0.575,-2.695));
#10999=VECTOR('',#14440,0.9845143914425);
#11000=CARTESIAN_POINT('',(10.825,-0.575,-2.695));
#11001=CARTESIAN_POINT('',(9.840485608557,-0.575,-2.695));
#11002=CARTESIAN_POINT('',(10.825,-0.575,-2.695));
#11003=VECTOR('',#14441,0.9845143914425);
#11004=CARTESIAN_POINT('',(10.825,-0.575,-2.695));
#11005=VECTOR('',#14442,1.15);
#11006=CARTESIAN_POINT('',(9.840485608557,0.4,-2.695));
#11007=CARTESIAN_POINT('',(9.840485608557,0.575,-2.695));
#11008=VECTOR('',#14443,0.175);
#11009=CARTESIAN_POINT('',(10.14048560856,0.4,-2.695));
#11010=CARTESIAN_POINT('',(10.14048560856,0.4,-2.695));
#11011=VECTOR('',#14444,0.3);
#11012=CARTESIAN_POINT('',(10.14048560856,-0.4,-2.695));
#11013=CARTESIAN_POINT('',(10.14048560856,-0.4,-2.695));
#11014=VECTOR('',#14445,0.8);
#11015=CARTESIAN_POINT('',(9.840485608557,-0.4,-2.695));
#11016=CARTESIAN_POINT('',(9.840485608557,-0.4,-2.695));
#11017=VECTOR('',#14446,0.3);
#11018=CARTESIAN_POINT('',(9.840485608557,-0.575,-2.695));
#11019=VECTOR('',#14447,0.175);
#11020=CARTESIAN_POINT('',(9.840485608557,-0.4,-2.695));
#11021=VECTOR('',#14448,0.1);
#11022=CARTESIAN_POINT('',(9.840485608557,-0.575,-2.695));
#11023=VECTOR('',#14449,0.1);
#11024=CARTESIAN_POINT('',(10.825,-0.575,-0.195));
#11025=CARTESIAN_POINT('',(9.440161869519,-0.575,-0.195));
#11026=CARTESIAN_POINT('',(10.825,-0.575,-0.195));
#11027=VECTOR('',#14450,1.384838130481);
#11028=CARTESIAN_POINT('',(10.825,-0.575,-0.195));
#11029=VECTOR('',#14451,2.5);
#11030=CARTESIAN_POINT('',(9.440161869519,-0.575,-0.195));
#11031=VECTOR('',#14452,2.600000020155);
#11032=CARTESIAN_POINT('',(9.440161869519,1.1,-0.195));
#11033=CARTESIAN_POINT('',(9.440161869519,0.575,-0.195));
#11034=VECTOR('',#14453,0.525);
#11035=CARTESIAN_POINT('',(9.440323739038,1.1,3.305));
#11036=CARTESIAN_POINT('',(9.440161869519,1.1,-0.195));
#11037=VECTOR('',#14454,3.500000003743);
#11038=CARTESIAN_POINT('',(9.440485608557,2.68,3.305));
#11039=CARTESIAN_POINT('',(9.440485608557,2.68,3.305));
#11040=VECTOR('',#14455,1.580000008292);
#11041=CARTESIAN_POINT('',(9.440485608557,2.68,4.955));
#11042=CARTESIAN_POINT('',(9.440485608557,2.68,3.305));
#11043=VECTOR('',#14456,1.65);
#11044=CARTESIAN_POINT('',(9.440485608557,-2.41,4.955));
#11045=CARTESIAN_POINT('',(9.440485608557,-2.41,4.955));
#11046=VECTOR('',#14457,5.09);
#11047=CARTESIAN_POINT('',(9.440485608557,-2.41,3.305));
#11048=CARTESIAN_POINT('',(9.440485608557,-2.41,3.305));
#11049=VECTOR('',#14458,1.65);
#11050=CARTESIAN_POINT('',(9.440323739038,-1.1,3.305));
#11051=CARTESIAN_POINT('',(9.440323739038,-1.1,3.305));
#11052=VECTOR('',#14459,1.310000010001);
#11053=CARTESIAN_POINT('',(9.440161869519,-1.1,-0.195));
#11054=CARTESIAN_POINT('',(9.440323739038,-1.1,3.305));
#11055=VECTOR('',#14460,3.500000003743);
#11056=CARTESIAN_POINT('',(9.440161869519,-1.1,-0.195));
#11057=VECTOR('',#14461,0.525);
#11058=CARTESIAN_POINT('',(10.825,-1.1,-0.195));
#11059=CARTESIAN_POINT('',(10.825,-1.1,-0.195));
#11060=VECTOR('',#14462,1.384838130481);
#11061=CARTESIAN_POINT('',(10.825,-1.1,-0.195));
#11062=VECTOR('',#14463,0.525);
#11063=CARTESIAN_POINT('',(10.825,-2.41,3.305));
#11064=CARTESIAN_POINT('',(10.825,-1.1,3.305));
#11065=CARTESIAN_POINT('',(10.825,-2.41,3.305));
#11066=VECTOR('',#14464,1.31);
#11067=CARTESIAN_POINT('',(10.825,-3.05,3.305));
#11068=CARTESIAN_POINT('',(10.825,-2.41,3.305));
#11069=VECTOR('',#14465,0.64);
#11070=CARTESIAN_POINT('',(10.825,-3.05,-3.355));
#11071=CARTESIAN_POINT('',(10.825,-3.05,3.305));
#11072=VECTOR('',#14466,6.66);
#11073=CARTESIAN_POINT('',(10.825,3.43,-3.355));
#11074=CARTESIAN_POINT('',(10.825,-3.05,-3.355));
#11075=VECTOR('',#14467,6.48);
#11076=CARTESIAN_POINT('',(10.825,3.43,3.305));
#11077=CARTESIAN_POINT('',(10.825,3.43,-3.355));
#11078=VECTOR('',#14468,6.66);
#11079=CARTESIAN_POINT('',(10.825,2.68,3.305));
#11080=CARTESIAN_POINT('',(10.825,3.43,3.305));
#11081=VECTOR('',#14469,0.75);
#11082=CARTESIAN_POINT('',(10.825,1.1,3.305));
#11083=CARTESIAN_POINT('',(10.825,1.1,3.305));
#11084=VECTOR('',#14470,1.58);
#11085=CARTESIAN_POINT('',(10.825,1.1,-0.195));
#11086=CARTESIAN_POINT('',(10.825,1.1,3.305));
#11087=VECTOR('',#14471,3.5);
#11088=CARTESIAN_POINT('',(10.825,0.575,-0.195));
#11089=VECTOR('',#14472,0.525);
#11090=CARTESIAN_POINT('',(10.825,-1.1,3.305));
#11091=VECTOR('',#14473,3.5);
#11092=CARTESIAN_POINT('',(10.825,-2.35,1.605));
#11093=CARTESIAN_POINT('',(10.825,-2.2,1.605));
#11094=CARTESIAN_POINT('',(10.825,-2.35,1.605));
#11095=VECTOR('',#14474,0.15);
#11096=CARTESIAN_POINT('',(10.825,-2.35,2.6007447052));
#11097=CARTESIAN_POINT('',(10.825,-2.35,2.6007447052));
#11098=VECTOR('',#14475,0.9957447052002);
#11099=CARTESIAN_POINT('',(10.825,-2.5,2.422021250725));
#11100=CARTESIAN_POINT('',(10.825,-2.5,2.422021250725));
#11101=VECTOR('',#14476,0.2333282519962);
#11102=CARTESIAN_POINT('',(10.825,-2.5,2.62627661705));
#11103=CARTESIAN_POINT('',(10.825,-2.5,2.62627661705));
#11104=VECTOR('',#14477,0.2042553663254);
#11105=CARTESIAN_POINT('',(10.825,-2.35,2.805));
#11106=CARTESIAN_POINT('',(10.825,-2.35,2.805));
#11107=VECTOR('',#14478,0.2333281972095);
#11108=CARTESIAN_POINT('',(10.825,-2.2,2.805));
#11109=CARTESIAN_POINT('',(10.825,-2.2,2.805));
#11110=VECTOR('',#14479,0.15);
#11111=CARTESIAN_POINT('',(10.825,-2.2,1.605));
#11112=VECTOR('',#14480,1.2);
#11113=CARTESIAN_POINT('',(10.825,-1.1,3.305));
#11114=VECTOR('',#14481,1.384676260962);
#11115=CARTESIAN_POINT('',(10.825,-2.41,3.305));
#11116=VECTOR('',#14482,1.384514391443);
#11117=CARTESIAN_POINT('',(10.825,2.68,3.305));
#11118=VECTOR('',#14483,1.384514391443);
#11119=CARTESIAN_POINT('',(10.825,1.1,3.305));
#11120=VECTOR('',#14484,1.384676260962);
#11121=CARTESIAN_POINT('',(10.825,-2.41,3.305));
#11122=VECTOR('',#14485,2.153922027398);
#11123=CARTESIAN_POINT('',(-9.440485608557,-2.41,3.305));
#11124=VECTOR('',#14486,1.384514391443);
#11125=CARTESIAN_POINT('',(-9.440485608557,-2.41,4.955));
#11126=VECTOR('',#14487,2.153922027398);
#11127=CARTESIAN_POINT('',(9.440485608557,3.43,4.955));
#11128=CARTESIAN_POINT('',(10.825,3.43,3.305));
#11129=VECTOR('',#14488,2.153922027398);
#11130=CARTESIAN_POINT('',(9.440485608557,3.43,4.955));
#11131=VECTOR('',#14489,0.75);
#11132=CARTESIAN_POINT('',(10.825,2.68,3.305));
#11133=VECTOR('',#14490,2.153922027398);
#11134=CARTESIAN_POINT('',(9.440485608557,-3.43,4.955));
#11135=CARTESIAN_POINT('',(9.440485608557,-2.41,4.955));
#11136=VECTOR('',#14491,1.02);
#11137=CARTESIAN_POINT('',(9.805,-3.43,4.520588664446));
#11138=CARTESIAN_POINT('',(9.805,-3.43,4.520588664446));
#11139=VECTOR('',#14492,0.5670837240006);
#11140=CARTESIAN_POINT('',(10.825,-3.05,3.305));
#11141=VECTOR('',#14493,1.631703343482);
#11142=CARTESIAN_POINT('',(-9.440485608557,2.68,3.305));
#11143=VECTOR('',#14494,1.384514391443);
#11144=CARTESIAN_POINT('',(-9.440485608557,2.68,4.955));
#11145=VECTOR('',#14495,2.153922027398);
#11146=CARTESIAN_POINT('',(-9.440485608557,3.43,4.955));
#11147=CARTESIAN_POINT('',(-9.440485608557,3.43,4.955));
#11148=VECTOR('',#14496,0.75);
#11149=CARTESIAN_POINT('',(-9.440485608557,3.43,4.955));
#11150=VECTOR('',#14497,2.153922027398);
#11151=CARTESIAN_POINT('',(-9.805,-3.43,4.520588664446));
#11152=CARTESIAN_POINT('',(-9.805,-3.43,4.520588664446));
#11153=VECTOR('',#14498,1.631703343482);
#11154=CARTESIAN_POINT('',(-9.440485608557,-3.43,4.955));
#11155=CARTESIAN_POINT('',(-9.440485608557,-3.43,4.955));
#11156=VECTOR('',#14499,0.5670837240006);
#11157=CARTESIAN_POINT('',(-9.440485608557,-2.41,4.955));
#11158=VECTOR('',#14500,1.02);
#11159=CARTESIAN_POINT('',(-9.325,3.43,-4.955));
#11160=CARTESIAN_POINT('',(-11.075,3.43,-4.955));
#11161=CARTESIAN_POINT('',(-9.325,3.43,-4.955));
#11162=VECTOR('',#14501,1.75);
#11163=CARTESIAN_POINT('',(-11.075,3.43,-3.355));
#11164=CARTESIAN_POINT('',(-11.075,3.43,-4.955));
#11165=VECTOR('',#14502,1.6);
#11166=CARTESIAN_POINT('',(-11.075,3.43,-3.355));
#11167=VECTOR('',#14503,0.25);
#11168=CARTESIAN_POINT('',(-9.440485608557,3.43,4.955));
#11169=VECTOR('',#14504,18.88097121711);
#11170=CARTESIAN_POINT('',(11.075,3.43,-3.355));
#11171=CARTESIAN_POINT('',(10.825,3.43,-3.355));
#11172=VECTOR('',#14505,0.25);
#11173=CARTESIAN_POINT('',(11.075,3.43,-4.955));
#11174=CARTESIAN_POINT('',(11.075,3.43,-3.355));
#11175=VECTOR('',#14506,1.6);
#11176=CARTESIAN_POINT('',(9.325,3.43,-4.955));
#11177=CARTESIAN_POINT('',(11.075,3.43,-4.955));
#11178=VECTOR('',#14507,1.75);
#11179=CARTESIAN_POINT('',(9.325,3.43,-3.205));
#11180=CARTESIAN_POINT('',(9.325,3.43,-4.955));
#11181=VECTOR('',#14508,1.75);
#11182=CARTESIAN_POINT('',(-9.325,3.43,-3.205));
#11183=CARTESIAN_POINT('',(-9.325,3.43,-3.205));
#11184=VECTOR('',#14509,18.65);
#11185=CARTESIAN_POINT('',(-9.325,3.43,-4.955));
#11186=VECTOR('',#14510,1.75);
#11187=CARTESIAN_POINT('',(-0.7,3.43,1.255));
#11188=CARTESIAN_POINT('',(0.7,3.43,1.255));
#11189=CARTESIAN_POINT('',(-0.7,3.43,1.255));
#11190=VECTOR('',#14511,1.4);
#11191=CARTESIAN_POINT('',(0.7,3.43,4.415));
#11192=CARTESIAN_POINT('',(0.7,3.43,4.415));
#11193=VECTOR('',#14512,3.16);
#11194=CARTESIAN_POINT('',(-0.7,3.43,4.415));
#11195=CARTESIAN_POINT('',(-0.7,3.43,4.415));
#11196=VECTOR('',#14513,1.4);
#11197=CARTESIAN_POINT('',(-0.7,3.43,4.415));
#11198=VECTOR('',#14514,3.16);
#11199=CARTESIAN_POINT('',(-0.7,4.83,2.755));
#11200=CARTESIAN_POINT('',(-0.7,4.83,2.755));
#11201=VECTOR('',#14515,2.171543230056);
#11202=CARTESIAN_POINT('',(-0.7,4.83,2.005));
#11203=CARTESIAN_POINT('',(-0.7,4.83,2.005));
#11204=VECTOR('',#14516,0.75);
#11205=CARTESIAN_POINT('',(-0.7,4.18,2.005));
#11206=CARTESIAN_POINT('',(-0.7,4.18,2.005));
#11207=VECTOR('',#14517,0.65);
#11208=AXIS2_PLACEMENT_3D('',#14518,#14519,#14520);
#11209=CARTESIAN_POINT('',(0.7,4.18,2.005));
#11210=CARTESIAN_POINT('',(-0.7,4.18,2.005));
#11211=VECTOR('',#14521,1.4);
#11212=AXIS2_PLACEMENT_3D('',#14522,#14523,#14524);
#11213=CARTESIAN_POINT('',(0.7,4.83,2.005));
#11214=CARTESIAN_POINT('',(0.7,4.18,2.005));
#11215=VECTOR('',#14525,0.65);
#11216=CARTESIAN_POINT('',(0.7,4.83,2.755));
#11217=CARTESIAN_POINT('',(0.7,4.83,2.005));
#11218=VECTOR('',#14526,0.75);
#11219=CARTESIAN_POINT('',(0.7,4.83,2.755));
#11220=VECTOR('',#14527,2.171543230056);
#11221=CARTESIAN_POINT('',(-0.7,4.83,2.755));
#11222=VECTOR('',#14528,1.4);
#11223=CARTESIAN_POINT('',(-0.7,4.83,2.005));
#11224=VECTOR('',#14529,1.4);
#11225=CARTESIAN_POINT('',(-9.325,3.175,-3.205));
#11226=CARTESIAN_POINT('',(-9.325,3.43,-3.205));
#11227=VECTOR('',#14530,0.255);
#11228=CARTESIAN_POINT('',(-9.325,3.175,-4.955));
#11229=CARTESIAN_POINT('',(-9.325,3.175,-4.955));
#11230=VECTOR('',#14531,1.75);
#11231=CARTESIAN_POINT('',(-9.325,3.175,-4.955));
#11232=VECTOR('',#14532,0.255);
#11233=CARTESIAN_POINT('',(7.82,-2.78,-4.955));
#11234=CARTESIAN_POINT('',(11.075,-2.78,-4.955));
#11235=CARTESIAN_POINT('',(7.82,-2.78,-4.955));
#11236=VECTOR('',#14533,3.255);
#11237=CARTESIAN_POINT('',(11.075,-3.94,-4.955));
#11238=CARTESIAN_POINT('',(11.075,-2.78,-4.955));
#11239=VECTOR('',#14534,1.16);
#11240=CARTESIAN_POINT('',(9.805,-3.94,-4.955));
#11241=CARTESIAN_POINT('',(11.075,-3.94,-4.955));
#11242=VECTOR('',#14535,1.27);
#11243=CARTESIAN_POINT('',(9.805,-3.43,-4.955));
#11244=CARTESIAN_POINT('',(9.805,-3.94,-4.955));
#11245=VECTOR('',#14536,0.51);
#11246=CARTESIAN_POINT('',(7.82,-3.43,-4.955));
#11247=CARTESIAN_POINT('',(9.805,-3.43,-4.955));
#11248=VECTOR('',#14537,1.985);
#11249=CARTESIAN_POINT('',(7.82,-2.78,-4.955));
#11250=VECTOR('',#14538,0.65);
#11251=CARTESIAN_POINT('',(7.82,3.175,-4.955));
#11252=CARTESIAN_POINT('',(9.325,3.175,-4.955));
#11253=CARTESIAN_POINT('',(7.82,3.175,-4.955));
#11254=VECTOR('',#14539,1.505);
#11255=CARTESIAN_POINT('',(9.325,3.175,-4.955));
#11256=VECTOR('',#14540,0.255);
#11257=CARTESIAN_POINT('',(11.075,1.6,-4.955));
#11258=CARTESIAN_POINT('',(11.075,3.43,-4.955));
#11259=VECTOR('',#14541,1.83);
#11260=CARTESIAN_POINT('',(7.82,1.6,-4.955));
#11261=CARTESIAN_POINT('',(11.075,1.6,-4.955));
#11262=VECTOR('',#14542,3.255);
#11263=CARTESIAN_POINT('',(7.82,1.6,-4.955));
#11264=VECTOR('',#14543,1.575);
#11265=CARTESIAN_POINT('',(4.82,-2.78,-4.955));
#11266=CARTESIAN_POINT('',(7.18,-2.78,-4.955));
#11267=CARTESIAN_POINT('',(4.82,-2.78,-4.955));
#11268=VECTOR('',#14544,2.36);
#11269=CARTESIAN_POINT('',(7.18,-3.43,-4.955));
#11270=CARTESIAN_POINT('',(7.18,-2.78,-4.955));
#11271=VECTOR('',#14545,0.65);
#11272=CARTESIAN_POINT('',(4.82,-3.43,-4.955));
#11273=CARTESIAN_POINT('',(7.18,-3.43,-4.955));
#11274=VECTOR('',#14546,2.36);
#11275=CARTESIAN_POINT('',(4.82,-2.78,-4.955));
#11276=VECTOR('',#14547,0.65);
#11277=CARTESIAN_POINT('',(4.82,3.175,-4.955));
#11278=CARTESIAN_POINT('',(7.18,3.175,-4.955));
#11279=CARTESIAN_POINT('',(4.82,3.175,-4.955));
#11280=VECTOR('',#14548,2.36);
#11281=CARTESIAN_POINT('',(7.18,1.6,-4.955));
#11282=CARTESIAN_POINT('',(7.18,1.6,-4.955));
#11283=VECTOR('',#14549,1.575);
#11284=CARTESIAN_POINT('',(4.82,1.6,-4.955));
#11285=CARTESIAN_POINT('',(7.18,1.6,-4.955));
#11286=VECTOR('',#14550,2.36);
#11287=CARTESIAN_POINT('',(4.82,1.6,-4.955));
#11288=VECTOR('',#14551,1.575);
#11289=CARTESIAN_POINT('',(1.82,-2.78,-4.955));
#11290=CARTESIAN_POINT('',(4.18,-2.78,-4.955));
#11291=CARTESIAN_POINT('',(1.82,-2.78,-4.955));
#11292=VECTOR('',#14552,2.36);
#11293=CARTESIAN_POINT('',(4.18,-3.43,-4.955));
#11294=CARTESIAN_POINT('',(4.18,-2.78,-4.955));
#11295=VECTOR('',#14553,0.65);
#11296=CARTESIAN_POINT('',(1.82,-3.43,-4.955));
#11297=CARTESIAN_POINT('',(4.18,-3.43,-4.955));
#11298=VECTOR('',#14554,2.36);
#11299=CARTESIAN_POINT('',(1.82,-2.78,-4.955));
#11300=VECTOR('',#14555,0.65);
#11301=CARTESIAN_POINT('',(1.82,3.175,-4.955));
#11302=CARTESIAN_POINT('',(4.18,3.175,-4.955));
#11303=CARTESIAN_POINT('',(1.82,3.175,-4.955));
#11304=VECTOR('',#14556,2.36);
#11305=CARTESIAN_POINT('',(4.18,1.6,-4.955));
#11306=CARTESIAN_POINT('',(4.18,1.6,-4.955));
#11307=VECTOR('',#14557,1.575);
#11308=CARTESIAN_POINT('',(1.82,1.6,-4.955));
#11309=CARTESIAN_POINT('',(4.18,1.6,-4.955));
#11310=VECTOR('',#14558,2.36);
#11311=CARTESIAN_POINT('',(1.82,1.6,-4.955));
#11312=VECTOR('',#14559,1.575);
#11313=CARTESIAN_POINT('',(-1.18,-2.78,-4.955));
#11314=CARTESIAN_POINT('',(1.18,-2.78,-4.955));
#11315=CARTESIAN_POINT('',(-1.18,-2.78,-4.955));
#11316=VECTOR('',#14560,2.36);
#11317=CARTESIAN_POINT('',(1.18,-3.43,-4.955));
#11318=CARTESIAN_POINT('',(1.18,-2.78,-4.955));
#11319=VECTOR('',#14561,0.65);
#11320=CARTESIAN_POINT('',(-1.18,-3.43,-4.955));
#11321=CARTESIAN_POINT('',(1.18,-3.43,-4.955));
#11322=VECTOR('',#14562,2.36);
#11323=CARTESIAN_POINT('',(-1.18,-2.78,-4.955));
#11324=VECTOR('',#14563,0.65);
#11325=CARTESIAN_POINT('',(-1.18,3.175,-4.955));
#11326=CARTESIAN_POINT('',(1.18,3.175,-4.955));
#11327=CARTESIAN_POINT('',(-1.18,3.175,-4.955));
#11328=VECTOR('',#14564,2.36);
#11329=CARTESIAN_POINT('',(1.18,1.6,-4.955));
#11330=CARTESIAN_POINT('',(1.18,1.6,-4.955));
#11331=VECTOR('',#14565,1.575);
#11332=CARTESIAN_POINT('',(-1.18,1.6,-4.955));
#11333=CARTESIAN_POINT('',(1.18,1.6,-4.955));
#11334=VECTOR('',#14566,2.36);
#11335=CARTESIAN_POINT('',(-1.18,1.6,-4.955));
#11336=VECTOR('',#14567,1.575);
#11337=CARTESIAN_POINT('',(-4.18,-2.78,-4.955));
#11338=CARTESIAN_POINT('',(-1.82,-2.78,-4.955));
#11339=CARTESIAN_POINT('',(-4.18,-2.78,-4.955));
#11340=VECTOR('',#14568,2.36);
#11341=CARTESIAN_POINT('',(-1.82,-3.43,-4.955));
#11342=CARTESIAN_POINT('',(-1.82,-2.78,-4.955));
#11343=VECTOR('',#14569,0.65);
#11344=CARTESIAN_POINT('',(-4.18,-3.43,-4.955));
#11345=CARTESIAN_POINT('',(-1.82,-3.43,-4.955));
#11346=VECTOR('',#14570,2.36);
#11347=CARTESIAN_POINT('',(-4.18,-2.78,-4.955));
#11348=VECTOR('',#14571,0.65);
#11349=CARTESIAN_POINT('',(-4.18,3.175,-4.955));
#11350=CARTESIAN_POINT('',(-1.82,3.175,-4.955));
#11351=CARTESIAN_POINT('',(-4.18,3.175,-4.955));
#11352=VECTOR('',#14572,2.36);
#11353=CARTESIAN_POINT('',(-1.82,1.6,-4.955));
#11354=CARTESIAN_POINT('',(-1.82,1.6,-4.955));
#11355=VECTOR('',#14573,1.575);
#11356=CARTESIAN_POINT('',(-4.18,1.6,-4.955));
#11357=CARTESIAN_POINT('',(-1.82,1.6,-4.955));
#11358=VECTOR('',#14574,2.36);
#11359=CARTESIAN_POINT('',(-4.18,1.6,-4.955));
#11360=VECTOR('',#14575,1.575);
#11361=CARTESIAN_POINT('',(-7.82,-3.43,-4.955));
#11362=CARTESIAN_POINT('',(-9.825,-3.43,-4.955));
#11363=CARTESIAN_POINT('',(-7.82,-3.43,-4.955));
#11364=VECTOR('',#14576,2.005);
#11365=CARTESIAN_POINT('',(-9.825,-3.94,-4.955));
#11366=CARTESIAN_POINT('',(-9.825,-3.94,-4.955));
#11367=VECTOR('',#14577,0.51);
#11368=CARTESIAN_POINT('',(-11.075,-3.94,-4.955));
#11369=CARTESIAN_POINT('',(-9.825,-3.94,-4.955));
#11370=VECTOR('',#14578,1.25);
#11371=CARTESIAN_POINT('',(-11.075,-2.78,-4.955));
#11372=CARTESIAN_POINT('',(-11.075,-2.78,-4.955));
#11373=VECTOR('',#14579,1.16);
#11374=CARTESIAN_POINT('',(-7.82,-2.78,-4.955));
#11375=CARTESIAN_POINT('',(-11.075,-2.78,-4.955));
#11376=VECTOR('',#14580,3.255);
#11377=CARTESIAN_POINT('',(-7.82,-3.43,-4.955));
#11378=VECTOR('',#14581,0.65);
#11379=CARTESIAN_POINT('',(-7.82,1.6,-4.955));
#11380=CARTESIAN_POINT('',(-11.075,1.6,-4.955));
#11381=CARTESIAN_POINT('',(-7.82,1.6,-4.955));
#11382=VECTOR('',#14582,3.255);
#11383=CARTESIAN_POINT('',(-11.075,3.43,-4.955));
#11384=VECTOR('',#14583,1.83);
#11385=CARTESIAN_POINT('',(-7.82,3.175,-4.955));
#11386=CARTESIAN_POINT('',(-9.325,3.175,-4.955));
#11387=VECTOR('',#14584,1.505);
#11388=CARTESIAN_POINT('',(-7.82,1.6,-4.955));
#11389=VECTOR('',#14585,1.575);
#11390=CARTESIAN_POINT('',(-7.18,-2.78,-4.955));
#11391=CARTESIAN_POINT('',(-4.82,-2.78,-4.955));
#11392=CARTESIAN_POINT('',(-7.18,-2.78,-4.955));
#11393=VECTOR('',#14586,2.36);
#11394=CARTESIAN_POINT('',(-4.82,-3.43,-4.955));
#11395=CARTESIAN_POINT('',(-4.82,-2.78,-4.955));
#11396=VECTOR('',#14587,0.65);
#11397=CARTESIAN_POINT('',(-7.18,-3.43,-4.955));
#11398=CARTESIAN_POINT('',(-4.82,-3.43,-4.955));
#11399=VECTOR('',#14588,2.36);
#11400=CARTESIAN_POINT('',(-7.18,-3.43,-4.955));
#11401=VECTOR('',#14589,0.65);
#11402=CARTESIAN_POINT('',(-7.18,3.175,-4.955));
#11403=CARTESIAN_POINT('',(-4.82,3.175,-4.955));
#11404=CARTESIAN_POINT('',(-7.18,3.175,-4.955));
#11405=VECTOR('',#14590,2.36);
#11406=CARTESIAN_POINT('',(-4.82,1.6,-4.955));
#11407=CARTESIAN_POINT('',(-4.82,1.6,-4.955));
#11408=VECTOR('',#14591,1.575);
#11409=CARTESIAN_POINT('',(-7.18,1.6,-4.955));
#11410=CARTESIAN_POINT('',(-4.82,1.6,-4.955));
#11411=VECTOR('',#14592,2.36);
#11412=CARTESIAN_POINT('',(-7.18,1.6,-4.955));
#11413=VECTOR('',#14593,1.575);
#11414=CARTESIAN_POINT('',(7.82,-3.43,-4.285));
#11415=CARTESIAN_POINT('',(7.82,-3.43,-4.955));
#11416=VECTOR('',#14594,0.67);
#11417=CARTESIAN_POINT('',(7.82,-2.78,-4.285));
#11418=CARTESIAN_POINT('',(7.82,-3.43,-4.285));
#11419=VECTOR('',#14595,0.65);
#11420=CARTESIAN_POINT('',(7.82,-2.78,-4.955));
#11421=VECTOR('',#14596,0.67);
#11422=CARTESIAN_POINT('',(7.82,3.175,-3.655));
#11423=CARTESIAN_POINT('',(7.82,3.175,-4.955));
#11424=VECTOR('',#14597,1.3);
#11425=CARTESIAN_POINT('',(7.82,1.6,-4.285));
#11426=CARTESIAN_POINT('',(7.82,1.6,-4.285));
#11427=VECTOR('',#14598,0.67);
#11428=CARTESIAN_POINT('',(7.82,1.589,-4.285));
#11429=CARTESIAN_POINT('',(7.82,1.589,-4.285));
#11430=VECTOR('',#14599,0.011);
#11431=CARTESIAN_POINT('',(7.82,1.589,-3.655));
#11432=CARTESIAN_POINT('',(7.82,1.589,-3.655));
#11433=VECTOR('',#14600,0.63);
#11434=CARTESIAN_POINT('',(7.82,3.175,-3.655));
#11435=VECTOR('',#14601,1.586);
#11436=CARTESIAN_POINT('',(7.82,0.949,-3.655));
#11437=CARTESIAN_POINT('',(7.82,0.949,-4.285));
#11438=CARTESIAN_POINT('',(7.82,0.949,-3.655));
#11439=VECTOR('',#14602,0.63);
#11440=CARTESIAN_POINT('',(7.82,0.32,-4.285));
#11441=CARTESIAN_POINT('',(7.82,0.32,-4.285));
#11442=VECTOR('',#14603,0.629);
#11443=CARTESIAN_POINT('',(7.82,0.32,-3.655));
#11444=CARTESIAN_POINT('',(7.82,0.32,-3.655));
#11445=VECTOR('',#14604,0.63);
#11446=CARTESIAN_POINT('',(7.82,0.949,-3.655));
#11447=VECTOR('',#14605,0.629);
#11448=CARTESIAN_POINT('',(7.82,-1.18,-3.655));
#11449=CARTESIAN_POINT('',(7.82,-1.18,-4.285));
#11450=CARTESIAN_POINT('',(7.82,-1.18,-3.655));
#11451=VECTOR('',#14606,0.63);
#11452=CARTESIAN_POINT('',(7.82,-0.32,-3.655));
#11453=CARTESIAN_POINT('',(7.82,-0.32,-3.655));
#11454=VECTOR('',#14607,0.86);
#11455=CARTESIAN_POINT('',(7.82,-0.32,-4.285));
#11456=CARTESIAN_POINT('',(7.82,-0.32,-3.655));
#11457=VECTOR('',#14608,0.63);
#11458=CARTESIAN_POINT('',(7.82,-1.18,-4.285));
#11459=VECTOR('',#14609,0.86);
#11460=CARTESIAN_POINT('',(11.075,-2.78,-4.285));
#11461=CARTESIAN_POINT('',(7.82,-2.78,-4.285));
#11462=VECTOR('',#14610,3.255);
#11463=CARTESIAN_POINT('',(11.075,-2.78,-4.955));
#11464=VECTOR('',#14611,0.67);
#11465=CARTESIAN_POINT('',(4.82,-2.78,-4.285));
#11466=CARTESIAN_POINT('',(7.18,-2.78,-4.285));
#11467=CARTESIAN_POINT('',(4.82,-2.78,-4.285));
#11468=VECTOR('',#14612,2.36);
#11469=CARTESIAN_POINT('',(7.18,-2.78,-4.955));
#11470=VECTOR('',#14613,0.67);
#11471=CARTESIAN_POINT('',(4.82,-2.78,-4.955));
#11472=VECTOR('',#14614,0.67);
#11473=CARTESIAN_POINT('',(1.82,-2.78,-4.285));
#11474=CARTESIAN_POINT('',(4.18,-2.78,-4.285));
#11475=CARTESIAN_POINT('',(1.82,-2.78,-4.285));
#11476=VECTOR('',#14615,2.36);
#11477=CARTESIAN_POINT('',(4.18,-2.78,-4.955));
#11478=VECTOR('',#14616,0.67);
#11479=CARTESIAN_POINT('',(1.82,-2.78,-4.955));
#11480=VECTOR('',#14617,0.67);
#11481=CARTESIAN_POINT('',(-1.18,-2.78,-4.285));
#11482=CARTESIAN_POINT('',(1.18,-2.78,-4.285));
#11483=CARTESIAN_POINT('',(-1.18,-2.78,-4.285));
#11484=VECTOR('',#14618,2.36);
#11485=CARTESIAN_POINT('',(1.18,-2.78,-4.955));
#11486=VECTOR('',#14619,0.67);
#11487=CARTESIAN_POINT('',(-1.18,-2.78,-4.955));
#11488=VECTOR('',#14620,0.67);
#11489=CARTESIAN_POINT('',(-4.18,-2.78,-4.285));
#11490=CARTESIAN_POINT('',(-1.82,-2.78,-4.285));
#11491=CARTESIAN_POINT('',(-4.18,-2.78,-4.285));
#11492=VECTOR('',#14621,2.36);
#11493=CARTESIAN_POINT('',(-1.82,-2.78,-4.955));
#11494=VECTOR('',#14622,0.67);
#11495=CARTESIAN_POINT('',(-4.18,-2.78,-4.955));
#11496=VECTOR('',#14623,0.67);
#11497=CARTESIAN_POINT('',(-11.075,-2.78,-4.285));
#11498=CARTESIAN_POINT('',(-11.075,-2.78,-4.955));
#11499=VECTOR('',#14624,0.67);
#11500=CARTESIAN_POINT('',(-7.82,-2.78,-4.285));
#11501=CARTESIAN_POINT('',(-11.075,-2.78,-4.285));
#11502=VECTOR('',#14625,3.255);
#11503=CARTESIAN_POINT('',(-7.82,-2.78,-4.955));
#11504=VECTOR('',#14626,0.67);
#11505=CARTESIAN_POINT('',(-7.18,-2.78,-4.285));
#11506=CARTESIAN_POINT('',(-4.82,-2.78,-4.285));
#11507=CARTESIAN_POINT('',(-7.18,-2.78,-4.285));
#11508=VECTOR('',#14627,2.36);
#11509=CARTESIAN_POINT('',(-4.82,-2.78,-4.955));
#11510=VECTOR('',#14628,0.67);
#11511=CARTESIAN_POINT('',(-7.18,-2.78,-4.955));
#11512=VECTOR('',#14629,0.67);
#11513=CARTESIAN_POINT('',(11.075,-1.0,-3.685));
#11514=CARTESIAN_POINT('',(11.075,-1.0,-4.285));
#11515=CARTESIAN_POINT('',(11.075,-1.0,-3.685));
#11516=VECTOR('',#14630,0.6);
#11517=CARTESIAN_POINT('',(11.075,1.0,-3.685));
#11518=CARTESIAN_POINT('',(11.075,1.0,-3.685));
#11519=VECTOR('',#14631,2.0);
#11520=CARTESIAN_POINT('',(11.075,1.0,-4.285));
#11521=CARTESIAN_POINT('',(11.075,1.0,-4.285));
#11522=VECTOR('',#14632,0.6);
#11523=CARTESIAN_POINT('',(11.075,1.6,-4.285));
#11524=CARTESIAN_POINT('',(11.075,1.0,-4.285));
#11525=VECTOR('',#14633,0.6);
#11526=CARTESIAN_POINT('',(11.075,1.6,-4.955));
#11527=VECTOR('',#14634,0.67);
#11528=CARTESIAN_POINT('',(11.075,-3.94,-3.355));
#11529=CARTESIAN_POINT('',(11.075,3.43,-3.355));
#11530=VECTOR('',#14635,7.37);
#11531=CARTESIAN_POINT('',(11.075,-3.94,-3.355));
#11532=VECTOR('',#14636,1.6);
#11533=CARTESIAN_POINT('',(11.075,-2.78,-4.285));
#11534=VECTOR('',#14637,1.78);
#11535=CARTESIAN_POINT('',(-7.18,-6.12,-4.285));
#11536=CARTESIAN_POINT('',(-7.82,-6.12,-4.285));
#11537=CARTESIAN_POINT('',(-7.18,-6.12,-4.285));
#11538=VECTOR('',#14638,0.64);
#11539=CARTESIAN_POINT('',(-7.82,-3.43,-4.285));
#11540=CARTESIAN_POINT('',(-7.82,-6.12,-4.285));
#11541=VECTOR('',#14639,2.69);
#11542=CARTESIAN_POINT('',(-7.82,-3.43,-4.285));
#11543=VECTOR('',#14640,0.65);
#11544=CARTESIAN_POINT('',(-11.075,-1.0,-4.285));
#11545=CARTESIAN_POINT('',(-11.075,-2.78,-4.285));
#11546=VECTOR('',#14641,1.78);
#11547=CARTESIAN_POINT('',(-9.825,-1.0,-4.285));
#11548=CARTESIAN_POINT('',(-9.825,-1.0,-4.285));
#11549=VECTOR('',#14642,1.25);
#11550=CARTESIAN_POINT('',(-9.825,1.0,-4.285));
#11551=CARTESIAN_POINT('',(-9.825,-1.0,-4.285));
#11552=VECTOR('',#14643,2.0);
#11553=CARTESIAN_POINT('',(-11.075,1.0,-4.285));
#11554=CARTESIAN_POINT('',(-11.075,1.0,-4.285));
#11555=VECTOR('',#14644,1.25);
#11556=CARTESIAN_POINT('',(-11.075,1.6,-4.285));
#11557=CARTESIAN_POINT('',(-11.075,1.0,-4.285));
#11558=VECTOR('',#14645,0.6);
#11559=CARTESIAN_POINT('',(-7.82,1.6,-4.285));
#11560=CARTESIAN_POINT('',(-7.82,1.6,-4.285));
#11561=VECTOR('',#14646,3.255);
#11562=CARTESIAN_POINT('',(-7.82,1.589,-4.285));
#11563=CARTESIAN_POINT('',(-7.82,1.589,-4.285));
#11564=VECTOR('',#14647,0.011);
#11565=CARTESIAN_POINT('',(-7.82,0.949,-4.285));
#11566=CARTESIAN_POINT('',(-7.82,0.949,-4.285));
#11567=VECTOR('',#14648,0.64);
#11568=CARTESIAN_POINT('',(-7.82,0.32,-4.285));
#11569=CARTESIAN_POINT('',(-7.82,0.32,-4.285));
#11570=VECTOR('',#14649,0.629);
#11571=CARTESIAN_POINT('',(-7.82,-0.32,-4.285));
#11572=CARTESIAN_POINT('',(-7.82,-0.32,-4.285));
#11573=VECTOR('',#14650,0.64);
#11574=CARTESIAN_POINT('',(-7.82,-1.18,-4.285));
#11575=CARTESIAN_POINT('',(-7.82,-1.18,-4.285));
#11576=VECTOR('',#14651,0.86);
#11577=CARTESIAN_POINT('',(-7.18,-1.18,-4.285));
#11578=CARTESIAN_POINT('',(-7.18,-1.18,-4.285));
#11579=VECTOR('',#14652,0.64);
#11580=CARTESIAN_POINT('',(-7.18,-0.32,-4.285));
#11581=CARTESIAN_POINT('',(-7.18,-1.18,-4.285));
#11582=VECTOR('',#14653,0.86);
#11583=CARTESIAN_POINT('',(-7.18,0.32,-4.285));
#11584=CARTESIAN_POINT('',(-7.18,-0.32,-4.285));
#11585=VECTOR('',#14654,0.64);
#11586=CARTESIAN_POINT('',(-7.18,0.949,-4.285));
#11587=CARTESIAN_POINT('',(-7.18,0.32,-4.285));
#11588=VECTOR('',#14655,0.629);
#11589=CARTESIAN_POINT('',(-7.18,1.589,-4.285));
#11590=CARTESIAN_POINT('',(-7.18,0.949,-4.285));
#11591=VECTOR('',#14656,0.64);
#11592=CARTESIAN_POINT('',(-7.18,1.6,-4.285));
#11593=CARTESIAN_POINT('',(-7.18,1.589,-4.285));
#11594=VECTOR('',#14657,0.011);
#11595=CARTESIAN_POINT('',(-4.82,1.6,-4.285));
#11596=CARTESIAN_POINT('',(-4.82,1.6,-4.285));
#11597=VECTOR('',#14658,2.36);
#11598=CARTESIAN_POINT('',(-4.82,1.589,-4.285));
#11599=CARTESIAN_POINT('',(-4.82,1.589,-4.285));
#11600=VECTOR('',#14659,0.011);
#11601=CARTESIAN_POINT('',(-4.82,0.949,-4.285));
#11602=CARTESIAN_POINT('',(-4.82,0.949,-4.285));
#11603=VECTOR('',#14660,0.64);
#11604=CARTESIAN_POINT('',(-4.82,0.32,-4.285));
#11605=CARTESIAN_POINT('',(-4.82,0.32,-4.285));
#11606=VECTOR('',#14661,0.629);
#11607=CARTESIAN_POINT('',(-4.82,-0.32,-4.285));
#11608=CARTESIAN_POINT('',(-4.82,-0.32,-4.285));
#11609=VECTOR('',#14662,0.64);
#11610=CARTESIAN_POINT('',(-4.82,-1.18,-4.285));
#11611=CARTESIAN_POINT('',(-4.82,-1.18,-4.285));
#11612=VECTOR('',#14663,0.86);
#11613=CARTESIAN_POINT('',(-4.18,-1.18,-4.285));
#11614=CARTESIAN_POINT('',(-4.18,-1.18,-4.285));
#11615=VECTOR('',#14664,0.64);
#11616=CARTESIAN_POINT('',(-4.18,-0.32,-4.285));
#11617=CARTESIAN_POINT('',(-4.18,-1.18,-4.285));
#11618=VECTOR('',#14665,0.86);
#11619=CARTESIAN_POINT('',(-4.18,0.32,-4.285));
#11620=CARTESIAN_POINT('',(-4.18,-0.32,-4.285));
#11621=VECTOR('',#14666,0.64);
#11622=CARTESIAN_POINT('',(-4.18,0.949,-4.285));
#11623=CARTESIAN_POINT('',(-4.18,0.32,-4.285));
#11624=VECTOR('',#14667,0.629);
#11625=CARTESIAN_POINT('',(-4.18,1.589,-4.285));
#11626=CARTESIAN_POINT('',(-4.18,0.949,-4.285));
#11627=VECTOR('',#14668,0.64);
#11628=CARTESIAN_POINT('',(-4.18,1.6,-4.285));
#11629=CARTESIAN_POINT('',(-4.18,1.589,-4.285));
#11630=VECTOR('',#14669,0.011);
#11631=CARTESIAN_POINT('',(-1.82,1.6,-4.285));
#11632=CARTESIAN_POINT('',(-1.82,1.6,-4.285));
#11633=VECTOR('',#14670,2.36);
#11634=CARTESIAN_POINT('',(-1.82,1.589,-4.285));
#11635=CARTESIAN_POINT('',(-1.82,1.589,-4.285));
#11636=VECTOR('',#14671,0.011);
#11637=CARTESIAN_POINT('',(-1.82,0.949,-4.285));
#11638=CARTESIAN_POINT('',(-1.82,0.949,-4.285));
#11639=VECTOR('',#14672,0.64);
#11640=CARTESIAN_POINT('',(-1.82,0.32,-4.285));
#11641=CARTESIAN_POINT('',(-1.82,0.32,-4.285));
#11642=VECTOR('',#14673,0.629);
#11643=CARTESIAN_POINT('',(-1.82,-0.32,-4.285));
#11644=CARTESIAN_POINT('',(-1.82,-0.32,-4.285));
#11645=VECTOR('',#14674,0.64);
#11646=CARTESIAN_POINT('',(-1.82,-1.18,-4.285));
#11647=CARTESIAN_POINT('',(-1.82,-1.18,-4.285));
#11648=VECTOR('',#14675,0.86);
#11649=CARTESIAN_POINT('',(-1.18,-1.18,-4.285));
#11650=CARTESIAN_POINT('',(-1.18,-1.18,-4.285));
#11651=VECTOR('',#14676,0.64);
#11652=CARTESIAN_POINT('',(-1.18,-0.32,-4.285));
#11653=CARTESIAN_POINT('',(-1.18,-1.18,-4.285));
#11654=VECTOR('',#14677,0.86);
#11655=CARTESIAN_POINT('',(-1.18,0.32,-4.285));
#11656=CARTESIAN_POINT('',(-1.18,-0.32,-4.285));
#11657=VECTOR('',#14678,0.64);
#11658=CARTESIAN_POINT('',(-1.18,0.949,-4.285));
#11659=CARTESIAN_POINT('',(-1.18,0.32,-4.285));
#11660=VECTOR('',#14679,0.629);
#11661=CARTESIAN_POINT('',(-1.18,1.589,-4.285));
#11662=CARTESIAN_POINT('',(-1.18,0.949,-4.285));
#11663=VECTOR('',#14680,0.64);
#11664=CARTESIAN_POINT('',(-1.18,1.6,-4.285));
#11665=CARTESIAN_POINT('',(-1.18,1.589,-4.285));
#11666=VECTOR('',#14681,0.011);
#11667=CARTESIAN_POINT('',(1.18,1.6,-4.285));
#11668=CARTESIAN_POINT('',(1.18,1.6,-4.285));
#11669=VECTOR('',#14682,2.36);
#11670=CARTESIAN_POINT('',(1.18,1.589,-4.285));
#11671=CARTESIAN_POINT('',(1.18,1.589,-4.285));
#11672=VECTOR('',#14683,0.011);
#11673=CARTESIAN_POINT('',(1.18,0.949,-4.285));
#11674=CARTESIAN_POINT('',(1.18,0.949,-4.285));
#11675=VECTOR('',#14684,0.64);
#11676=CARTESIAN_POINT('',(1.18,0.32,-4.285));
#11677=CARTESIAN_POINT('',(1.18,0.32,-4.285));
#11678=VECTOR('',#14685,0.629);
#11679=CARTESIAN_POINT('',(1.18,-0.32,-4.285));
#11680=CARTESIAN_POINT('',(1.18,-0.32,-4.285));
#11681=VECTOR('',#14686,0.64);
#11682=CARTESIAN_POINT('',(1.18,-1.18,-4.285));
#11683=CARTESIAN_POINT('',(1.18,-1.18,-4.285));
#11684=VECTOR('',#14687,0.86);
#11685=CARTESIAN_POINT('',(1.82,-1.18,-4.285));
#11686=CARTESIAN_POINT('',(1.82,-1.18,-4.285));
#11687=VECTOR('',#14688,0.64);
#11688=CARTESIAN_POINT('',(1.82,-0.32,-4.285));
#11689=CARTESIAN_POINT('',(1.82,-1.18,-4.285));
#11690=VECTOR('',#14689,0.86);
#11691=CARTESIAN_POINT('',(1.82,0.32,-4.285));
#11692=CARTESIAN_POINT('',(1.82,-0.32,-4.285));
#11693=VECTOR('',#14690,0.64);
#11694=CARTESIAN_POINT('',(1.82,0.949,-4.285));
#11695=CARTESIAN_POINT('',(1.82,0.32,-4.285));
#11696=VECTOR('',#14691,0.629);
#11697=CARTESIAN_POINT('',(1.82,1.589,-4.285));
#11698=CARTESIAN_POINT('',(1.82,0.949,-4.285));
#11699=VECTOR('',#14692,0.64);
#11700=CARTESIAN_POINT('',(1.82,1.6,-4.285));
#11701=CARTESIAN_POINT('',(1.82,1.589,-4.285));
#11702=VECTOR('',#14693,0.011);
#11703=CARTESIAN_POINT('',(4.18,1.6,-4.285));
#11704=CARTESIAN_POINT('',(4.18,1.6,-4.285));
#11705=VECTOR('',#14694,2.36);
#11706=CARTESIAN_POINT('',(4.18,1.589,-4.285));
#11707=CARTESIAN_POINT('',(4.18,1.589,-4.285));
#11708=VECTOR('',#14695,0.011);
#11709=CARTESIAN_POINT('',(4.18,0.949,-4.285));
#11710=CARTESIAN_POINT('',(4.18,0.949,-4.285));
#11711=VECTOR('',#14696,0.64);
#11712=CARTESIAN_POINT('',(4.18,0.32,-4.285));
#11713=CARTESIAN_POINT('',(4.18,0.32,-4.285));
#11714=VECTOR('',#14697,0.629);
#11715=CARTESIAN_POINT('',(4.18,-0.32,-4.285));
#11716=CARTESIAN_POINT('',(4.18,-0.32,-4.285));
#11717=VECTOR('',#14698,0.64);
#11718=CARTESIAN_POINT('',(4.18,-1.18,-4.285));
#11719=CARTESIAN_POINT('',(4.18,-1.18,-4.285));
#11720=VECTOR('',#14699,0.86);
#11721=CARTESIAN_POINT('',(4.82,-1.18,-4.285));
#11722=CARTESIAN_POINT('',(4.82,-1.18,-4.285));
#11723=VECTOR('',#14700,0.64);
#11724=CARTESIAN_POINT('',(4.82,-0.32,-4.285));
#11725=CARTESIAN_POINT('',(4.82,-1.18,-4.285));
#11726=VECTOR('',#14701,0.86);
#11727=CARTESIAN_POINT('',(4.82,0.32,-4.285));
#11728=CARTESIAN_POINT('',(4.82,-0.32,-4.285));
#11729=VECTOR('',#14702,0.64);
#11730=CARTESIAN_POINT('',(4.82,0.949,-4.285));
#11731=CARTESIAN_POINT('',(4.82,0.32,-4.285));
#11732=VECTOR('',#14703,0.629);
#11733=CARTESIAN_POINT('',(4.82,1.589,-4.285));
#11734=CARTESIAN_POINT('',(4.82,0.949,-4.285));
#11735=VECTOR('',#14704,0.64);
#11736=CARTESIAN_POINT('',(4.82,1.6,-4.285));
#11737=CARTESIAN_POINT('',(4.82,1.589,-4.285));
#11738=VECTOR('',#14705,0.011);
#11739=CARTESIAN_POINT('',(7.18,1.6,-4.285));
#11740=CARTESIAN_POINT('',(7.18,1.6,-4.285));
#11741=VECTOR('',#14706,2.36);
#11742=CARTESIAN_POINT('',(7.18,1.589,-4.285));
#11743=CARTESIAN_POINT('',(7.18,1.589,-4.285));
#11744=VECTOR('',#14707,0.011);
#11745=CARTESIAN_POINT('',(7.18,0.949,-4.285));
#11746=CARTESIAN_POINT('',(7.18,0.949,-4.285));
#11747=VECTOR('',#14708,0.64);
#11748=CARTESIAN_POINT('',(7.18,0.32,-4.285));
#11749=CARTESIAN_POINT('',(7.18,0.32,-4.285));
#11750=VECTOR('',#14709,0.629);
#11751=CARTESIAN_POINT('',(7.18,-0.32,-4.285));
#11752=CARTESIAN_POINT('',(7.18,-0.32,-4.285));
#11753=VECTOR('',#14710,0.64);
#11754=CARTESIAN_POINT('',(7.18,-1.18,-4.285));
#11755=CARTESIAN_POINT('',(7.18,-1.18,-4.285));
#11756=VECTOR('',#14711,0.86);
#11757=CARTESIAN_POINT('',(7.82,-1.18,-4.285));
#11758=VECTOR('',#14712,0.64);
#11759=CARTESIAN_POINT('',(7.82,-0.32,-4.285));
#11760=VECTOR('',#14713,0.64);
#11761=CARTESIAN_POINT('',(7.82,0.949,-4.285));
#11762=VECTOR('',#14714,0.64);
#11763=CARTESIAN_POINT('',(11.075,1.6,-4.285));
#11764=VECTOR('',#14715,3.255);
#11765=CARTESIAN_POINT('',(9.825,1.0,-4.285));
#11766=CARTESIAN_POINT('',(9.825,1.0,-4.285));
#11767=VECTOR('',#14716,1.25);
#11768=CARTESIAN_POINT('',(9.825,-1.0,-4.285));
#11769=CARTESIAN_POINT('',(9.825,-1.0,-4.285));
#11770=VECTOR('',#14717,2.0);
#11771=CARTESIAN_POINT('',(11.075,-1.0,-4.285));
#11772=VECTOR('',#14718,1.25);
#11773=CARTESIAN_POINT('',(7.82,-6.12,-4.285));
#11774=CARTESIAN_POINT('',(7.82,-6.12,-4.285));
#11775=VECTOR('',#14719,2.69);
#11776=CARTESIAN_POINT('',(7.18,-6.12,-4.285));
#11777=CARTESIAN_POINT('',(7.82,-6.12,-4.285));
#11778=VECTOR('',#14720,0.64);
#11779=CARTESIAN_POINT('',(7.18,-3.43,-4.285));
#11780=CARTESIAN_POINT('',(7.18,-6.12,-4.285));
#11781=VECTOR('',#14721,2.69);
#11782=CARTESIAN_POINT('',(7.18,-3.43,-4.285));
#11783=VECTOR('',#14722,0.65);
#11784=CARTESIAN_POINT('',(4.82,-3.43,-4.285));
#11785=CARTESIAN_POINT('',(4.82,-3.43,-4.285));
#11786=VECTOR('',#14723,0.65);
#11787=CARTESIAN_POINT('',(4.82,-6.12,-4.285));
#11788=CARTESIAN_POINT('',(4.82,-6.12,-4.285));
#11789=VECTOR('',#14724,2.69);
#11790=CARTESIAN_POINT('',(4.18,-6.12,-4.285));
#11791=CARTESIAN_POINT('',(4.82,-6.12,-4.285));
#11792=VECTOR('',#14725,0.64);
#11793=CARTESIAN_POINT('',(4.18,-3.43,-4.285));
#11794=CARTESIAN_POINT('',(4.18,-6.12,-4.285));
#11795=VECTOR('',#14726,2.69);
#11796=CARTESIAN_POINT('',(4.18,-3.43,-4.285));
#11797=VECTOR('',#14727,0.65);
#11798=CARTESIAN_POINT('',(1.82,-3.43,-4.285));
#11799=CARTESIAN_POINT('',(1.82,-3.43,-4.285));
#11800=VECTOR('',#14728,0.65);
#11801=CARTESIAN_POINT('',(1.82,-6.12,-4.285));
#11802=CARTESIAN_POINT('',(1.82,-6.12,-4.285));
#11803=VECTOR('',#14729,2.69);
#11804=CARTESIAN_POINT('',(1.18,-6.12,-4.285));
#11805=CARTESIAN_POINT('',(1.82,-6.12,-4.285));
#11806=VECTOR('',#14730,0.64);
#11807=CARTESIAN_POINT('',(1.18,-3.43,-4.285));
#11808=CARTESIAN_POINT('',(1.18,-6.12,-4.285));
#11809=VECTOR('',#14731,2.69);
#11810=CARTESIAN_POINT('',(1.18,-3.43,-4.285));
#11811=VECTOR('',#14732,0.65);
#11812=CARTESIAN_POINT('',(-1.18,-3.43,-4.285));
#11813=CARTESIAN_POINT('',(-1.18,-3.43,-4.285));
#11814=VECTOR('',#14733,0.65);
#11815=CARTESIAN_POINT('',(-1.18,-6.12,-4.285));
#11816=CARTESIAN_POINT('',(-1.18,-6.12,-4.285));
#11817=VECTOR('',#14734,2.69);
#11818=CARTESIAN_POINT('',(-1.82,-6.12,-4.285));
#11819=CARTESIAN_POINT('',(-1.18,-6.12,-4.285));
#11820=VECTOR('',#14735,0.64);
#11821=CARTESIAN_POINT('',(-1.82,-3.43,-4.285));
#11822=CARTESIAN_POINT('',(-1.82,-6.12,-4.285));
#11823=VECTOR('',#14736,2.69);
#11824=CARTESIAN_POINT('',(-1.82,-3.43,-4.285));
#11825=VECTOR('',#14737,0.65);
#11826=CARTESIAN_POINT('',(-4.18,-3.43,-4.285));
#11827=CARTESIAN_POINT('',(-4.18,-3.43,-4.285));
#11828=VECTOR('',#14738,0.65);
#11829=CARTESIAN_POINT('',(-4.18,-6.12,-4.285));
#11830=CARTESIAN_POINT('',(-4.18,-6.12,-4.285));
#11831=VECTOR('',#14739,2.69);
#11832=CARTESIAN_POINT('',(-4.82,-6.12,-4.285));
#11833=CARTESIAN_POINT('',(-4.18,-6.12,-4.285));
#11834=VECTOR('',#14740,0.64);
#11835=CARTESIAN_POINT('',(-4.82,-3.43,-4.285));
#11836=CARTESIAN_POINT('',(-4.82,-6.12,-4.285));
#11837=VECTOR('',#14741,2.69);
#11838=CARTESIAN_POINT('',(-4.82,-3.43,-4.285));
#11839=VECTOR('',#14742,0.65);
#11840=CARTESIAN_POINT('',(-7.18,-3.43,-4.285));
#11841=CARTESIAN_POINT('',(-7.18,-3.43,-4.285));
#11842=VECTOR('',#14743,0.65);
#11843=CARTESIAN_POINT('',(-7.18,-6.12,-4.285));
#11844=VECTOR('',#14744,2.69);
#11845=CARTESIAN_POINT('',(-7.18,-0.32,-4.955));
#11846=CARTESIAN_POINT('',(-7.18,-0.32,-4.285));
#11847=VECTOR('',#14745,0.67);
#11848=CARTESIAN_POINT('',(-7.18,0.32,-4.955));
#11849=CARTESIAN_POINT('',(-7.18,-0.32,-4.955));
#11850=VECTOR('',#14746,0.64);
#11851=CARTESIAN_POINT('',(-7.18,0.32,-4.955));
#11852=VECTOR('',#14747,0.67);
#11853=CARTESIAN_POINT('',(-7.18,1.18,1.555));
#11854=CARTESIAN_POINT('',(-7.18,1.18,-1.645));
#11855=CARTESIAN_POINT('',(-7.18,1.18,1.555));
#11856=VECTOR('',#14748,3.2);
#11857=CARTESIAN_POINT('',(-7.18,1.82,-1.645));
#11858=CARTESIAN_POINT('',(-7.18,1.18,-1.645));
#11859=VECTOR('',#14749,0.64);
#11860=CARTESIAN_POINT('',(-7.18,1.82,1.555));
#11861=CARTESIAN_POINT('',(-7.18,1.82,-1.645));
#11862=VECTOR('',#14750,3.2);
#11863=CARTESIAN_POINT('',(-7.18,1.82,1.555));
#11864=VECTOR('',#14751,0.64);
#11865=CARTESIAN_POINT('',(-7.18,-1.82,1.555));
#11866=CARTESIAN_POINT('',(-7.18,-1.82,-1.645));
#11867=CARTESIAN_POINT('',(-7.18,-1.82,1.555));
#11868=VECTOR('',#14752,3.2);
#11869=CARTESIAN_POINT('',(-7.18,-1.18,-1.645));
#11870=CARTESIAN_POINT('',(-7.18,-1.82,-1.645));
#11871=VECTOR('',#14753,0.64);
#11872=CARTESIAN_POINT('',(-7.18,-1.18,1.555));
#11873=CARTESIAN_POINT('',(-7.18,-1.18,-1.645));
#11874=VECTOR('',#14754,3.2);
#11875=CARTESIAN_POINT('',(-7.18,-1.18,1.555));
#11876=VECTOR('',#14755,0.64);
#11877=CARTESIAN_POINT('',(-7.18,-6.12,-7.285));
#11878=CARTESIAN_POINT('',(-7.18,1.589,-7.285));
#11879=CARTESIAN_POINT('',(-7.18,-6.12,-7.285));
#11880=VECTOR('',#14756,7.709);
#11881=CARTESIAN_POINT('',(-7.18,1.589,-7.285));
#11882=VECTOR('',#14757,3.0);
#11883=CARTESIAN_POINT('',(-7.18,0.949,-6.645));
#11884=CARTESIAN_POINT('',(-7.18,0.949,-4.285));
#11885=VECTOR('',#14758,2.36);
#11886=CARTESIAN_POINT('',(-7.18,-6.12,-6.645));
#11887=CARTESIAN_POINT('',(-7.18,0.949,-6.645));
#11888=VECTOR('',#14759,7.069);
#11889=CARTESIAN_POINT('',(-7.18,-6.12,-6.645));
#11890=VECTOR('',#14760,0.64);
#11891=CARTESIAN_POINT('',(-7.18,-3.43,-3.645));
#11892=CARTESIAN_POINT('',(-7.18,-3.43,-4.285));
#11893=VECTOR('',#14761,0.64);
#11894=CARTESIAN_POINT('',(-7.18,-6.12,-3.645));
#11895=CARTESIAN_POINT('',(-7.18,-3.43,-3.645));
#11896=VECTOR('',#14762,2.69);
#11897=CARTESIAN_POINT('',(-7.18,-6.12,-3.645));
#11898=VECTOR('',#14763,0.64);
#11899=CARTESIAN_POINT('',(-7.82,0.32,-3.655));
#11900=CARTESIAN_POINT('',(-7.18,0.32,-3.655));
#11901=CARTESIAN_POINT('',(-7.82,0.32,-3.655));
#11902=VECTOR('',#14764,0.64);
#11903=CARTESIAN_POINT('',(-7.18,0.32,-3.655));
#11904=VECTOR('',#14765,0.63);
#11905=CARTESIAN_POINT('',(-7.82,0.32,-4.955));
#11906=CARTESIAN_POINT('',(-7.18,0.32,-4.955));
#11907=VECTOR('',#14766,0.64);
#11908=CARTESIAN_POINT('',(-7.82,0.32,-4.955));
#11909=VECTOR('',#14767,0.67);
#11910=CARTESIAN_POINT('',(-7.82,0.32,-4.285));
#11911=VECTOR('',#14768,0.63);
#11912=CARTESIAN_POINT('',(-7.82,1.6,-4.285));
#11913=VECTOR('',#14769,0.67);
#11914=CARTESIAN_POINT('',(-7.82,3.175,-3.655));
#11915=CARTESIAN_POINT('',(-7.82,3.175,-4.955));
#11916=VECTOR('',#14770,1.3);
#11917=CARTESIAN_POINT('',(-7.82,1.589,-3.655));
#11918=CARTESIAN_POINT('',(-7.82,3.175,-3.655));
#11919=VECTOR('',#14771,1.586);
#11920=CARTESIAN_POINT('',(-7.82,1.589,-4.285));
#11921=VECTOR('',#14772,0.63);
#11922=CARTESIAN_POINT('',(-7.82,0.949,-3.655));
#11923=CARTESIAN_POINT('',(-7.82,0.949,-3.655));
#11924=VECTOR('',#14773,0.629);
#11925=CARTESIAN_POINT('',(-7.82,0.949,-4.285));
#11926=VECTOR('',#14774,0.63);
#11927=CARTESIAN_POINT('',(-7.82,-3.43,-4.955));
#11928=VECTOR('',#14775,0.67);
#11929=CARTESIAN_POINT('',(-7.82,-0.32,-3.655));
#11930=CARTESIAN_POINT('',(-7.82,-0.32,-4.285));
#11931=VECTOR('',#14776,0.63);
#11932=CARTESIAN_POINT('',(-7.82,-1.18,-3.655));
#11933=CARTESIAN_POINT('',(-7.82,-0.32,-3.655));
#11934=VECTOR('',#14777,0.86);
#11935=CARTESIAN_POINT('',(-7.82,-1.18,-3.655));
#11936=VECTOR('',#14778,0.63);
#11937=CARTESIAN_POINT('',(-7.18,1.589,-3.655));
#11938=CARTESIAN_POINT('',(-7.82,1.589,-3.655));
#11939=VECTOR('',#14779,0.64);
#11940=CARTESIAN_POINT('',(-7.18,1.589,-3.655));
#11941=VECTOR('',#14780,0.63);
#11942=CARTESIAN_POINT('',(-7.82,1.589,-7.285));
#11943=CARTESIAN_POINT('',(-7.18,1.589,-7.285));
#11944=VECTOR('',#14781,0.64);
#11945=CARTESIAN_POINT('',(-7.82,1.589,-7.285));
#11946=VECTOR('',#14782,3.0);
#11947=CARTESIAN_POINT('',(-7.82,-0.32,-4.955));
#11948=CARTESIAN_POINT('',(-7.82,-0.32,-4.955));
#11949=VECTOR('',#14783,0.64);
#11950=CARTESIAN_POINT('',(-7.82,-0.32,-4.285));
#11951=VECTOR('',#14784,0.67);
#11952=CARTESIAN_POINT('',(-7.82,1.82,-1.645));
#11953=CARTESIAN_POINT('',(-7.82,1.82,1.555));
#11954=CARTESIAN_POINT('',(-7.82,1.82,-1.645));
#11955=VECTOR('',#14785,3.2);
#11956=CARTESIAN_POINT('',(-7.82,1.18,-1.645));
#11957=CARTESIAN_POINT('',(-7.82,1.18,-1.645));
#11958=VECTOR('',#14786,0.64);
#11959=CARTESIAN_POINT('',(-7.82,1.18,1.555));
#11960=CARTESIAN_POINT('',(-7.82,1.18,1.555));
#11961=VECTOR('',#14787,3.2);
#11962=CARTESIAN_POINT('',(-7.82,1.18,1.555));
#11963=VECTOR('',#14788,0.64);
#11964=CARTESIAN_POINT('',(-7.82,-1.18,-1.645));
#11965=CARTESIAN_POINT('',(-7.82,-1.18,1.555));
#11966=CARTESIAN_POINT('',(-7.82,-1.18,-1.645));
#11967=VECTOR('',#14789,3.2);
#11968=CARTESIAN_POINT('',(-7.82,-1.82,-1.645));
#11969=CARTESIAN_POINT('',(-7.82,-1.82,-1.645));
#11970=VECTOR('',#14790,0.64);
#11971=CARTESIAN_POINT('',(-7.82,-1.82,1.555));
#11972=CARTESIAN_POINT('',(-7.82,-1.82,1.555));
#11973=VECTOR('',#14791,3.2);
#11974=CARTESIAN_POINT('',(-7.82,-1.82,1.555));
#11975=VECTOR('',#14792,0.64);
#11976=CARTESIAN_POINT('',(-7.82,0.949,-6.645));
#11977=CARTESIAN_POINT('',(-7.82,-6.12,-6.645));
#11978=CARTESIAN_POINT('',(-7.82,0.949,-6.645));
#11979=VECTOR('',#14793,7.069);
#11980=CARTESIAN_POINT('',(-7.82,0.949,-4.285));
#11981=VECTOR('',#14794,2.36);
#11982=CARTESIAN_POINT('',(-7.82,-6.12,-7.285));
#11983=CARTESIAN_POINT('',(-7.82,-6.12,-7.285));
#11984=VECTOR('',#14795,7.709);
#11985=CARTESIAN_POINT('',(-7.82,-6.12,-7.285));
#11986=VECTOR('',#14796,0.64);
#11987=CARTESIAN_POINT('',(-7.82,-3.43,-3.645));
#11988=CARTESIAN_POINT('',(-7.82,-6.12,-3.645));
#11989=CARTESIAN_POINT('',(-7.82,-3.43,-3.645));
#11990=VECTOR('',#14797,2.69);
#11991=CARTESIAN_POINT('',(-7.82,-3.43,-3.645));
#11992=VECTOR('',#14798,0.64);
#11993=CARTESIAN_POINT('',(-7.82,-6.12,-4.285));
#11994=VECTOR('',#14799,0.64);
#11995=CARTESIAN_POINT('',(-7.18,-0.32,-4.955));
#11996=VECTOR('',#14800,0.64);
#11997=CARTESIAN_POINT('',(-7.18,-0.32,-3.655));
#11998=CARTESIAN_POINT('',(-7.18,-0.32,-3.655));
#11999=VECTOR('',#14801,0.63);
#12000=CARTESIAN_POINT('',(-7.82,-0.32,-3.655));
#12001=VECTOR('',#14802,0.64);
#12002=CARTESIAN_POINT('',(-7.18,3.175,-3.655));
#12003=CARTESIAN_POINT('',(-7.82,3.175,-3.655));
#12004=VECTOR('',#14803,0.64);
#12005=CARTESIAN_POINT('',(-7.18,3.175,-3.655));
#12006=VECTOR('',#14804,1.586);
#12007=CARTESIAN_POINT('',(-7.18,0.949,-3.655));
#12008=CARTESIAN_POINT('',(-7.18,0.949,-3.655));
#12009=VECTOR('',#14805,0.629);
#12010=CARTESIAN_POINT('',(-7.82,0.949,-3.655));
#12011=VECTOR('',#14806,0.64);
#12012=CARTESIAN_POINT('',(-7.18,-1.18,-3.655));
#12013=CARTESIAN_POINT('',(-7.18,-0.32,-3.655));
#12014=VECTOR('',#14807,0.86);
#12015=CARTESIAN_POINT('',(-7.82,-1.18,-3.655));
#12016=VECTOR('',#14808,0.64);
#12017=CARTESIAN_POINT('',(-7.18,3.175,-4.955));
#12018=VECTOR('',#14809,1.3);
#12019=CARTESIAN_POINT('',(-7.18,1.6,-4.285));
#12020=VECTOR('',#14810,0.67);
#12021=CARTESIAN_POINT('',(-7.18,0.949,-3.655));
#12022=VECTOR('',#14811,0.63);
#12023=CARTESIAN_POINT('',(-7.18,-3.43,-4.955));
#12024=VECTOR('',#14812,0.67);
#12025=CARTESIAN_POINT('',(-7.18,-1.18,-3.655));
#12026=VECTOR('',#14813,0.63);
#12027=CARTESIAN_POINT('',(7.18,1.6,-4.285));
#12028=VECTOR('',#14814,0.67);
#12029=CARTESIAN_POINT('',(4.82,1.6,-4.285));
#12030=VECTOR('',#14815,0.67);
#12031=CARTESIAN_POINT('',(4.18,1.6,-4.285));
#12032=VECTOR('',#14816,0.67);
#12033=CARTESIAN_POINT('',(1.82,1.6,-4.285));
#12034=VECTOR('',#14817,0.67);
#12035=CARTESIAN_POINT('',(1.18,1.6,-4.285));
#12036=VECTOR('',#14818,0.67);
#12037=CARTESIAN_POINT('',(-1.18,1.6,-4.285));
#12038=VECTOR('',#14819,0.67);
#12039=CARTESIAN_POINT('',(-1.82,1.6,-4.285));
#12040=VECTOR('',#14820,0.67);
#12041=CARTESIAN_POINT('',(-4.18,1.6,-4.285));
#12042=VECTOR('',#14821,0.67);
#12043=CARTESIAN_POINT('',(-11.075,1.6,-4.955));
#12044=VECTOR('',#14822,0.67);
#12045=CARTESIAN_POINT('',(-4.82,1.6,-4.285));
#12046=VECTOR('',#14823,0.67);
#12047=CARTESIAN_POINT('',(4.82,-3.43,-4.955));
#12048=VECTOR('',#14824,0.67);
#12049=CARTESIAN_POINT('',(4.82,-1.18,-3.655));
#12050=CARTESIAN_POINT('',(4.82,-1.18,-3.655));
#12051=VECTOR('',#14825,0.63);
#12052=CARTESIAN_POINT('',(4.82,-0.32,-3.655));
#12053=CARTESIAN_POINT('',(4.82,-0.32,-3.655));
#12054=VECTOR('',#14826,0.86);
#12055=CARTESIAN_POINT('',(4.82,-0.32,-3.655));
#12056=VECTOR('',#14827,0.63);
#12057=CARTESIAN_POINT('',(4.82,3.175,-3.655));
#12058=CARTESIAN_POINT('',(4.82,3.175,-4.955));
#12059=VECTOR('',#14828,1.3);
#12060=CARTESIAN_POINT('',(4.82,1.589,-3.655));
#12061=CARTESIAN_POINT('',(4.82,1.589,-3.655));
#12062=VECTOR('',#14829,0.63);
#12063=CARTESIAN_POINT('',(4.82,3.175,-3.655));
#12064=VECTOR('',#14830,1.586);
#12065=CARTESIAN_POINT('',(4.82,0.949,-3.655));
#12066=CARTESIAN_POINT('',(4.82,0.949,-3.655));
#12067=VECTOR('',#14831,0.63);
#12068=CARTESIAN_POINT('',(4.82,0.32,-3.655));
#12069=CARTESIAN_POINT('',(4.82,0.32,-3.655));
#12070=VECTOR('',#14832,0.63);
#12071=CARTESIAN_POINT('',(4.82,0.949,-3.655));
#12072=VECTOR('',#14833,0.629);
#12073=CARTESIAN_POINT('',(-4.18,-3.43,-4.955));
#12074=VECTOR('',#14834,0.67);
#12075=CARTESIAN_POINT('',(-1.82,-3.43,-4.955));
#12076=VECTOR('',#14835,0.67);
#12077=CARTESIAN_POINT('',(-1.82,-3.43,-3.655));
#12078=CARTESIAN_POINT('',(-1.82,-3.43,-4.285));
#12079=VECTOR('',#14836,0.63);
#12080=CARTESIAN_POINT('',(-1.18,-3.43,-3.655));
#12081=CARTESIAN_POINT('',(-1.82,-3.43,-3.655));
#12082=VECTOR('',#14837,0.64);
#12083=CARTESIAN_POINT('',(-1.18,-3.43,-4.285));
#12084=VECTOR('',#14838,0.63);
#12085=CARTESIAN_POINT('',(-1.18,-3.43,-4.955));
#12086=VECTOR('',#14839,0.67);
#12087=CARTESIAN_POINT('',(1.18,-3.43,-4.955));
#12088=VECTOR('',#14840,0.67);
#12089=CARTESIAN_POINT('',(1.18,-3.43,-3.655));
#12090=CARTESIAN_POINT('',(1.18,-3.43,-4.285));
#12091=VECTOR('',#14841,0.63);
#12092=CARTESIAN_POINT('',(1.82,-3.43,-3.655));
#12093=CARTESIAN_POINT('',(1.18,-3.43,-3.655));
#12094=VECTOR('',#14842,0.64);
#12095=CARTESIAN_POINT('',(1.82,-3.43,-4.285));
#12096=VECTOR('',#14843,0.63);
#12097=CARTESIAN_POINT('',(1.82,-3.43,-4.955));
#12098=VECTOR('',#14844,0.67);
#12099=CARTESIAN_POINT('',(4.18,-3.43,-4.955));
#12100=VECTOR('',#14845,0.67);
#12101=CARTESIAN_POINT('',(4.18,-3.43,-3.655));
#12102=CARTESIAN_POINT('',(4.18,-3.43,-4.285));
#12103=VECTOR('',#14846,0.63);
#12104=CARTESIAN_POINT('',(4.82,-3.43,-3.655));
#12105=CARTESIAN_POINT('',(4.18,-3.43,-3.655));
#12106=VECTOR('',#14847,0.64);
#12107=CARTESIAN_POINT('',(4.82,-3.43,-4.285));
#12108=VECTOR('',#14848,0.63);
#12109=CARTESIAN_POINT('',(7.18,-3.43,-4.955));
#12110=VECTOR('',#14849,0.67);
#12111=CARTESIAN_POINT('',(7.18,-3.43,-3.645));
#12112=CARTESIAN_POINT('',(7.18,-3.43,-4.285));
#12113=VECTOR('',#14850,0.64);
#12114=CARTESIAN_POINT('',(7.82,-3.43,-3.645));
#12115=CARTESIAN_POINT('',(7.82,-3.43,-3.645));
#12116=VECTOR('',#14851,0.64);
#12117=CARTESIAN_POINT('',(7.82,-3.43,-4.285));
#12118=VECTOR('',#14852,0.64);
#12119=CARTESIAN_POINT('',(9.805,-3.43,-3.355));
#12120=CARTESIAN_POINT('',(9.805,-3.43,-3.355));
#12121=VECTOR('',#14853,1.6);
#12122=CARTESIAN_POINT('',(9.805,-3.43,4.520588664446));
#12123=VECTOR('',#14854,7.875588664446);
#12124=CARTESIAN_POINT('',(-9.440485608557,-3.43,4.955));
#12125=VECTOR('',#14855,18.88097121711);
#12126=CARTESIAN_POINT('',(-9.805,-3.43,-3.355));
#12127=CARTESIAN_POINT('',(-9.805,-3.43,4.520588664446));
#12128=VECTOR('',#14856,7.875588664446);
#12129=CARTESIAN_POINT('',(-9.825,-3.43,-3.355));
#12130=CARTESIAN_POINT('',(-9.805,-3.43,-3.355));
#12131=VECTOR('',#14857,0.02);
#12132=CARTESIAN_POINT('',(-9.825,-3.43,-3.355));
#12133=VECTOR('',#14858,1.6);
#12134=CARTESIAN_POINT('',(-7.82,-3.43,-3.645));
#12135=VECTOR('',#14859,0.64);
#12136=CARTESIAN_POINT('',(-4.82,-3.43,-4.955));
#12137=VECTOR('',#14860,0.67);
#12138=CARTESIAN_POINT('',(-4.82,-3.43,-3.655));
#12139=CARTESIAN_POINT('',(-4.82,-3.43,-4.285));
#12140=VECTOR('',#14861,0.63);
#12141=CARTESIAN_POINT('',(-4.18,-3.43,-3.655));
#12142=CARTESIAN_POINT('',(-4.82,-3.43,-3.655));
#12143=VECTOR('',#14862,0.64);
#12144=CARTESIAN_POINT('',(-4.18,-3.43,-4.285));
#12145=VECTOR('',#14863,0.63);
#12146=CARTESIAN_POINT('',(-5.85,-3.43,-3.655));
#12147=CARTESIAN_POINT('',(-6.85,-3.43,-3.655));
#12148=CARTESIAN_POINT('',(-5.85,-3.43,-3.655));
#12149=VECTOR('',#14864,1.0);
#12150=CARTESIAN_POINT('',(-6.85,-3.43,3.545));
#12151=CARTESIAN_POINT('',(-6.85,-3.43,3.545));
#12152=VECTOR('',#14865,7.2);
#12153=CARTESIAN_POINT('',(-5.85,-3.43,3.545));
#12154=CARTESIAN_POINT('',(-6.85,-3.43,3.545));
#12155=VECTOR('',#14866,1.0);
#12156=CARTESIAN_POINT('',(-5.85,-3.43,3.545));
#12157=VECTOR('',#14867,7.2);
#12158=CARTESIAN_POINT('',(6.85,-3.43,3.545));
#12159=CARTESIAN_POINT('',(5.85,-3.43,3.545));
#12160=CARTESIAN_POINT('',(6.85,-3.43,3.545));
#12161=VECTOR('',#14868,1.0);
#12162=CARTESIAN_POINT('',(6.85,-3.43,-3.655));
#12163=CARTESIAN_POINT('',(6.85,-3.43,-3.655));
#12164=VECTOR('',#14869,7.2);
#12165=CARTESIAN_POINT('',(5.85,-3.43,-3.655));
#12166=CARTESIAN_POINT('',(5.85,-3.43,-3.655));
#12167=VECTOR('',#14870,1.0);
#12168=CARTESIAN_POINT('',(5.85,-3.43,-3.655));
#12169=VECTOR('',#14871,7.2);
#12170=CARTESIAN_POINT('',(5.85,-5.69,1.355));
#12171=CARTESIAN_POINT('',(5.85,-3.94,1.355));
#12172=CARTESIAN_POINT('',(5.85,-5.69,1.355));
#12173=VECTOR('',#14872,1.75);
#12174=CARTESIAN_POINT('',(5.85,-3.94,3.545));
#12175=CARTESIAN_POINT('',(5.85,-3.94,3.545));
#12176=VECTOR('',#14873,2.19);
#12177=CARTESIAN_POINT('',(5.85,-3.43,3.545));
#12178=VECTOR('',#14874,0.51);
#12179=CARTESIAN_POINT('',(5.85,-3.94,-3.655));
#12180=CARTESIAN_POINT('',(5.85,-3.43,-3.655));
#12181=VECTOR('',#14875,0.51);
#12182=CARTESIAN_POINT('',(5.85,-3.94,-0.645));
#12183=CARTESIAN_POINT('',(5.85,-3.94,-0.645));
#12184=VECTOR('',#14876,3.01);
#12185=CARTESIAN_POINT('',(5.85,-5.69,-0.645));
#12186=CARTESIAN_POINT('',(5.85,-5.69,-0.645));
#12187=VECTOR('',#14877,1.75);
#12188=CARTESIAN_POINT('',(5.85,-6.559615242271,-0.645));
#12189=CARTESIAN_POINT('',(5.85,-6.559615242271,-0.645));
#12190=VECTOR('',#14878,0.8696152422706);
#12191=CARTESIAN_POINT('',(5.85,-6.995,-0.3936304929239));
#12192=CARTESIAN_POINT('',(5.85,-6.995,-0.3936304929239));
#12193=VECTOR('',#14879,0.5027390141522);
#12194=CARTESIAN_POINT('',(5.85,-7.12,-0.1771241419778));
#12195=AXIS2_PLACEMENT_3D('',#14880,#14881,#14882);
#12196=CARTESIAN_POINT('',(5.85,-7.12,0.8871241419778));
#12197=CARTESIAN_POINT('',(5.85,-7.12,0.8871241419778));
#12198=VECTOR('',#14883,1.064248283956);
#12199=CARTESIAN_POINT('',(5.85,-6.995,1.103630492924));
#12200=AXIS2_PLACEMENT_3D('',#14884,#14885,#14886);
#12201=CARTESIAN_POINT('',(5.85,-6.559615242271,1.355));
#12202=CARTESIAN_POINT('',(5.85,-6.995,1.103630492924));
#12203=VECTOR('',#14887,0.5027390141522);
#12204=CARTESIAN_POINT('',(5.85,-6.559615242271,1.355));
#12205=VECTOR('',#14888,0.8696152422706);
#12206=CARTESIAN_POINT('',(6.680662386292,-6.04,1.355));
#12207=CARTESIAN_POINT('',(6.680662386292,-6.04,1.355));
#12208=CARTESIAN_POINT('',(6.63678710867,-6.088558101426,1.355));
#12209=CARTESIAN_POINT('',(6.551636219438,-6.178222311913,1.355));
#12210=CARTESIAN_POINT('',(6.432148658847,-6.28999601293,1.355));
#12211=CARTESIAN_POINT('',(6.319917226397,-6.380451282892,1.355));
#12212=CARTESIAN_POINT('',(6.214559326975,-6.450583610061,1.355));
#12213=CARTESIAN_POINT('',(6.116668736468,-6.501418802618,1.355));
#12214=CARTESIAN_POINT('',(6.024853011229,-6.535552264807,1.355));
#12215=CARTESIAN_POINT('',(5.936672747491,-6.555308301941,1.355));
#12216=CARTESIAN_POINT('',(5.878669311298,-6.559615242271,1.355));
#12217=CARTESIAN_POINT('',(5.85,-6.559615242271,1.355));
#12218=CARTESIAN_POINT('',(6.680662386292,-5.69,1.355));
#12219=CARTESIAN_POINT('',(6.680662386292,-5.69,1.355));
#12220=VECTOR('',#14889,0.35);
#12221=CARTESIAN_POINT('',(6.680662386292,-5.69,1.355));
#12222=VECTOR('',#14890,0.8306623862918);
#12223=CARTESIAN_POINT('',(-6.680662386292,-5.69,1.355));
#12224=CARTESIAN_POINT('',(-5.85,-5.69,1.355));
#12225=CARTESIAN_POINT('',(-6.680662386292,-5.69,1.355));
#12226=VECTOR('',#14891,0.8306623862918);
#12227=CARTESIAN_POINT('',(-6.680662386292,-6.04,1.355));
#12228=CARTESIAN_POINT('',(-6.680662386292,-6.04,1.355));
#12229=VECTOR('',#14892,0.35);
#12230=CARTESIAN_POINT('',(-5.85,-6.559615242271,1.355));
#12231=CARTESIAN_POINT('',(-6.680662386292,-6.04,1.355));
#12232=CARTESIAN_POINT('',(-6.63678710867,-6.088558101426,1.355));
#12233=CARTESIAN_POINT('',(-6.551636219438,-6.178222311913,1.355));
#12234=CARTESIAN_POINT('',(-6.432148658847,-6.28999601293,1.355));
#12235=CARTESIAN_POINT('',(-6.319917226397,-6.380451282892,1.355));
#12236=CARTESIAN_POINT('',(-6.214559326975,-6.450583610061,1.355));
#12237=CARTESIAN_POINT('',(-6.116668736468,-6.501418802618,1.355));
#12238=CARTESIAN_POINT('',(-6.024853011229,-6.535552264807,1.355));
#12239=CARTESIAN_POINT('',(-5.936672747491,-6.555308301941,1.355));
#12240=CARTESIAN_POINT('',(-5.878669311298,-6.559615242271,1.355));
#12241=CARTESIAN_POINT('',(-5.85,-6.559615242271,1.355));
#12242=CARTESIAN_POINT('',(-5.85,-6.559615242271,1.355));
#12243=VECTOR('',#14893,0.8696152422706);
#12244=CARTESIAN_POINT('',(6.680662386292,-5.69,-0.645));
#12245=AXIS2_PLACEMENT_3D('',#14894,#14895,#14896);
#12246=CARTESIAN_POINT('',(6.680662386292,-5.69,-0.645));
#12247=VECTOR('',#14897,0.8306623862918);
#12248=AXIS2_PLACEMENT_3D('',#14898,#14899,#14900);
#12249=CARTESIAN_POINT('',(6.85,-3.94,0.355));
#12250=AXIS2_PLACEMENT_3D('',#14901,#14902,#14903);
#12251=AXIS2_PLACEMENT_3D('',#14904,#14905,#14906);
#12252=CARTESIAN_POINT('',(6.85,-3.94,-3.655));
#12253=CARTESIAN_POINT('',(5.85,-3.94,-3.655));
#12254=VECTOR('',#14907,1.0);
#12255=CARTESIAN_POINT('',(6.85,-3.94,-3.655));
#12256=VECTOR('',#14908,4.01);
#12257=CARTESIAN_POINT('',(6.85,-3.94,3.545));
#12258=CARTESIAN_POINT('',(6.85,-3.94,0.355));
#12259=VECTOR('',#14909,3.19);
#12260=CARTESIAN_POINT('',(6.85,-3.94,3.545));
#12261=VECTOR('',#14910,1.0);
#12262=CARTESIAN_POINT('',(6.85,-3.43,-3.655));
#12263=VECTOR('',#14911,0.51);
#12264=CARTESIAN_POINT('',(6.85,-3.43,3.545));
#12265=VECTOR('',#14912,0.51);
#12266=CARTESIAN_POINT('',(6.680662386292,-6.04,-0.645));
#12267=CARTESIAN_POINT('',(6.680662386292,-5.69,-0.645));
#12268=VECTOR('',#14913,0.35);
#12269=CARTESIAN_POINT('',(5.85,-6.559615242271,-0.645));
#12270=CARTESIAN_POINT('',(5.878682919013,-6.559615242271,-0.645));
#12271=CARTESIAN_POINT('',(5.936705684089,-6.555304257436,-0.645));
#12272=CARTESIAN_POINT('',(6.024891182519,-6.535540355142,-0.645));
#12273=CARTESIAN_POINT('',(6.116688589208,-6.501408975048,-0.645));
#12274=CARTESIAN_POINT('',(6.214567887526,-6.450578332438,-0.645));
#12275=CARTESIAN_POINT('',(6.31992745728,-6.380443944713,-0.645));
#12276=CARTESIAN_POINT('',(6.432169411929,-6.289978799929,-0.645));
#12277=CARTESIAN_POINT('',(6.551676525916,-6.178181943907,-0.645));
#12278=CARTESIAN_POINT('',(6.636803385945,-6.088540086872,-0.645));
#12279=CARTESIAN_POINT('',(6.680662386292,-6.04,-0.645));
#12280=CARTESIAN_POINT('',(-5.85,-6.559615242271,-0.645));
#12281=CARTESIAN_POINT('',(-6.680662386292,-6.04,-0.645));
#12282=CARTESIAN_POINT('',(-5.85,-6.559615242271,-0.645));
#12283=CARTESIAN_POINT('',(-5.878682919013,-6.559615242271,-0.645));
#12284=CARTESIAN_POINT('',(-5.936705684089,-6.555304257436,-0.645));
#12285=CARTESIAN_POINT('',(-6.024891182519,-6.535540355142,-0.645));
#12286=CARTESIAN_POINT('',(-6.116688589208,-6.501408975048,-0.645));
#12287=CARTESIAN_POINT('',(-6.214567887526,-6.450578332438,-0.645));
#12288=CARTESIAN_POINT('',(-6.31992745728,-6.380443944713,-0.645));
#12289=CARTESIAN_POINT('',(-6.432169411929,-6.289978799929,-0.645));
#12290=CARTESIAN_POINT('',(-6.551676525916,-6.178181943907,-0.645));
#12291=CARTESIAN_POINT('',(-6.636803385945,-6.088540086872,-0.645));
#12292=CARTESIAN_POINT('',(-6.680662386292,-6.04,-0.645));
#12293=CARTESIAN_POINT('',(-6.680662386292,-5.69,-0.645));
#12294=CARTESIAN_POINT('',(-6.680662386292,-6.04,-0.645));
#12295=VECTOR('',#14914,0.35);
#12296=CARTESIAN_POINT('',(-5.85,-5.69,-0.645));
#12297=CARTESIAN_POINT('',(-6.680662386292,-5.69,-0.645));
#12298=VECTOR('',#14915,0.8306623862918);
#12299=CARTESIAN_POINT('',(-5.85,-6.559615242271,-0.645));
#12300=VECTOR('',#14916,0.8696152422706);
#12301=AXIS2_PLACEMENT_3D('',#14917,#14918,#14919);
#12302=AXIS2_PLACEMENT_3D('',#14920,#14921,#14922);
#12303=AXIS2_PLACEMENT_3D('',#14923,#14924,#14925);
#12304=CARTESIAN_POINT('',(-5.85,-6.995,1.103630492924));
#12305=CARTESIAN_POINT('',(-5.85,-6.995,1.103630492924));
#12306=VECTOR('',#14926,0.5027390141522);
#12307=CARTESIAN_POINT('',(-5.85,-7.12,0.8871241419778));
#12308=AXIS2_PLACEMENT_3D('',#14927,#14928,#14929);
#12309=CARTESIAN_POINT('',(-5.85,-7.12,-0.1771241419778));
#12310=CARTESIAN_POINT('',(-5.85,-7.12,0.8871241419778));
#12311=VECTOR('',#14930,1.064248283956);
#12312=CARTESIAN_POINT('',(-5.85,-6.995,-0.3936304929239));
#12313=AXIS2_PLACEMENT_3D('',#14931,#14932,#14933);
#12314=CARTESIAN_POINT('',(-5.85,-6.995,-0.3936304929239));
#12315=VECTOR('',#14934,0.5027390141522);
#12316=CARTESIAN_POINT('',(-5.85,-3.94,-0.645));
#12317=CARTESIAN_POINT('',(-5.85,-5.69,-0.645));
#12318=VECTOR('',#14935,1.75);
#12319=CARTESIAN_POINT('',(-5.85,-3.94,-3.655));
#12320=CARTESIAN_POINT('',(-5.85,-3.94,-0.645));
#12321=VECTOR('',#14936,3.01);
#12322=CARTESIAN_POINT('',(-5.85,-3.43,-3.655));
#12323=VECTOR('',#14937,0.51);
#12324=CARTESIAN_POINT('',(-5.85,-3.94,3.545));
#12325=CARTESIAN_POINT('',(-5.85,-3.43,3.545));
#12326=VECTOR('',#14938,0.51);
#12327=CARTESIAN_POINT('',(-5.85,-3.94,1.355));
#12328=CARTESIAN_POINT('',(-5.85,-3.94,3.545));
#12329=VECTOR('',#14939,2.19);
#12330=CARTESIAN_POINT('',(-5.85,-5.69,1.355));
#12331=VECTOR('',#14940,1.75);
#12332=CARTESIAN_POINT('',(-6.85,-3.94,0.355));
#12333=AXIS2_PLACEMENT_3D('',#14941,#14942,#14943);
#12334=AXIS2_PLACEMENT_3D('',#14944,#14945,#14946);
#12335=AXIS2_PLACEMENT_3D('',#14947,#14948,#14949);
#12336=AXIS2_PLACEMENT_3D('',#14950,#14951,#14952);
#12337=AXIS2_PLACEMENT_3D('',#14953,#14954,#14955);
#12338=AXIS2_PLACEMENT_3D('',#14956,#14957,#14958);
#12339=AXIS2_PLACEMENT_3D('',#14959,#14960,#14961);
#12340=CARTESIAN_POINT('',(-6.85,-3.94,3.545));
#12341=CARTESIAN_POINT('',(-6.85,-3.94,3.545));
#12342=VECTOR('',#14962,1.0);
#12343=CARTESIAN_POINT('',(-6.85,-3.94,0.355));
#12344=VECTOR('',#14963,3.19);
#12345=CARTESIAN_POINT('',(-6.85,-3.94,-3.655));
#12346=CARTESIAN_POINT('',(-6.85,-3.94,-3.655));
#12347=VECTOR('',#14964,4.01);
#12348=CARTESIAN_POINT('',(-5.85,-3.94,-3.655));
#12349=VECTOR('',#14965,1.0);
#12350=CARTESIAN_POINT('',(-6.85,-3.43,3.545));
#12351=VECTOR('',#14966,0.51);
#12352=CARTESIAN_POINT('',(-6.85,-3.43,-3.655));
#12353=VECTOR('',#14967,0.51);
#12354=CARTESIAN_POINT('',(-4.18,-0.32,-4.955));
#12355=CARTESIAN_POINT('',(-4.18,-0.32,-4.285));
#12356=VECTOR('',#14968,0.67);
#12357=CARTESIAN_POINT('',(-4.18,0.32,-4.955));
#12358=CARTESIAN_POINT('',(-4.18,-0.32,-4.955));
#12359=VECTOR('',#14969,0.64);
#12360=CARTESIAN_POINT('',(-4.18,0.32,-4.955));
#12361=VECTOR('',#14970,0.67);
#12362=CARTESIAN_POINT('',(-4.18,1.18,1.555));
#12363=CARTESIAN_POINT('',(-4.18,1.18,-1.645));
#12364=CARTESIAN_POINT('',(-4.18,1.18,1.555));
#12365=VECTOR('',#14971,3.2);
#12366=CARTESIAN_POINT('',(-4.18,1.82,-1.645));
#12367=CARTESIAN_POINT('',(-4.18,1.18,-1.645));
#12368=VECTOR('',#14972,0.64);
#12369=CARTESIAN_POINT('',(-4.18,1.82,1.555));
#12370=CARTESIAN_POINT('',(-4.18,1.82,-1.645));
#12371=VECTOR('',#14973,3.2);
#12372=CARTESIAN_POINT('',(-4.18,1.82,1.555));
#12373=VECTOR('',#14974,0.64);
#12374=CARTESIAN_POINT('',(-4.18,-1.82,1.555));
#12375=CARTESIAN_POINT('',(-4.18,-1.82,-1.645));
#12376=CARTESIAN_POINT('',(-4.18,-1.82,1.555));
#12377=VECTOR('',#14975,3.2);
#12378=CARTESIAN_POINT('',(-4.18,-1.18,-1.645));
#12379=CARTESIAN_POINT('',(-4.18,-1.82,-1.645));
#12380=VECTOR('',#14976,0.64);
#12381=CARTESIAN_POINT('',(-4.18,-1.18,1.555));
#12382=CARTESIAN_POINT('',(-4.18,-1.18,-1.645));
#12383=VECTOR('',#14977,3.2);
#12384=CARTESIAN_POINT('',(-4.18,-1.18,1.555));
#12385=VECTOR('',#14978,0.64);
#12386=CARTESIAN_POINT('',(-4.18,-6.12,-7.285));
#12387=CARTESIAN_POINT('',(-4.18,1.589,-7.285));
#12388=CARTESIAN_POINT('',(-4.18,-6.12,-7.285));
#12389=VECTOR('',#14979,7.709);
#12390=CARTESIAN_POINT('',(-4.18,1.589,-7.285));
#12391=VECTOR('',#14980,3.0);
#12392=CARTESIAN_POINT('',(-4.18,0.949,-6.645));
#12393=CARTESIAN_POINT('',(-4.18,0.949,-4.285));
#12394=VECTOR('',#14981,2.36);
#12395=CARTESIAN_POINT('',(-4.18,-6.12,-6.645));
#12396=CARTESIAN_POINT('',(-4.18,0.949,-6.645));
#12397=VECTOR('',#14982,7.069);
#12398=CARTESIAN_POINT('',(-4.18,-6.12,-6.645));
#12399=VECTOR('',#14983,0.64);
#12400=CARTESIAN_POINT('',(-4.18,-6.12,-3.655));
#12401=CARTESIAN_POINT('',(-4.18,-6.12,-3.655));
#12402=VECTOR('',#14984,0.63);
#12403=CARTESIAN_POINT('',(-4.18,-6.12,-3.655));
#12404=VECTOR('',#14985,2.69);
#12405=CARTESIAN_POINT('',(-4.82,0.32,-4.955));
#12406=CARTESIAN_POINT('',(-4.18,0.32,-4.955));
#12407=VECTOR('',#14986,0.64);
#12408=CARTESIAN_POINT('',(-4.82,0.32,-4.955));
#12409=VECTOR('',#14987,0.67);
#12410=CARTESIAN_POINT('',(-4.82,0.32,-3.655));
#12411=CARTESIAN_POINT('',(-4.82,0.32,-4.285));
#12412=VECTOR('',#14988,0.63);
#12413=CARTESIAN_POINT('',(-4.18,0.32,-3.655));
#12414=CARTESIAN_POINT('',(-4.82,0.32,-3.655));
#12415=VECTOR('',#14989,0.64);
#12416=CARTESIAN_POINT('',(-4.18,0.32,-3.655));
#12417=VECTOR('',#14990,0.63);
#12418=CARTESIAN_POINT('',(-4.18,-1.18,-3.655));
#12419=CARTESIAN_POINT('',(-4.18,-1.18,-3.655));
#12420=VECTOR('',#14991,0.63);
#12421=CARTESIAN_POINT('',(-4.18,-0.32,-3.655));
#12422=CARTESIAN_POINT('',(-4.18,-0.32,-3.655));
#12423=VECTOR('',#14992,0.86);
#12424=CARTESIAN_POINT('',(-4.18,-0.32,-3.655));
#12425=VECTOR('',#14993,0.63);
#12426=CARTESIAN_POINT('',(-4.18,3.175,-3.655));
#12427=CARTESIAN_POINT('',(-4.18,3.175,-4.955));
#12428=VECTOR('',#14994,1.3);
#12429=CARTESIAN_POINT('',(-4.18,1.589,-3.655));
#12430=CARTESIAN_POINT('',(-4.18,1.589,-3.655));
#12431=VECTOR('',#14995,0.63);
#12432=CARTESIAN_POINT('',(-4.18,3.175,-3.655));
#12433=VECTOR('',#14996,1.586);
#12434=CARTESIAN_POINT('',(-4.18,0.949,-3.655));
#12435=CARTESIAN_POINT('',(-4.18,0.949,-3.655));
#12436=VECTOR('',#14997,0.63);
#12437=CARTESIAN_POINT('',(-4.18,0.949,-3.655));
#12438=VECTOR('',#14998,0.629);
#12439=CARTESIAN_POINT('',(-4.82,-0.32,-3.655));
#12440=CARTESIAN_POINT('',(-4.82,-0.32,-3.655));
#12441=VECTOR('',#14999,0.64);
#12442=CARTESIAN_POINT('',(-4.82,-0.32,-4.285));
#12443=VECTOR('',#15000,0.63);
#12444=CARTESIAN_POINT('',(-4.82,-0.32,-4.955));
#12445=CARTESIAN_POINT('',(-4.82,-0.32,-4.285));
#12446=VECTOR('',#15001,0.67);
#12447=CARTESIAN_POINT('',(-4.18,-0.32,-4.955));
#12448=VECTOR('',#15002,0.64);
#12449=CARTESIAN_POINT('',(-4.82,-0.32,-4.955));
#12450=VECTOR('',#15003,0.64);
#12451=CARTESIAN_POINT('',(-4.82,1.82,-1.645));
#12452=CARTESIAN_POINT('',(-4.82,1.82,1.555));
#12453=CARTESIAN_POINT('',(-4.82,1.82,-1.645));
#12454=VECTOR('',#15004,3.2);
#12455=CARTESIAN_POINT('',(-4.82,1.18,-1.645));
#12456=CARTESIAN_POINT('',(-4.82,1.18,-1.645));
#12457=VECTOR('',#15005,0.64);
#12458=CARTESIAN_POINT('',(-4.82,1.18,1.555));
#12459=CARTESIAN_POINT('',(-4.82,1.18,1.555));
#12460=VECTOR('',#15006,3.2);
#12461=CARTESIAN_POINT('',(-4.82,1.18,1.555));
#12462=VECTOR('',#15007,0.64);
#12463=CARTESIAN_POINT('',(-4.82,-1.18,-1.645));
#12464=CARTESIAN_POINT('',(-4.82,-1.18,1.555));
#12465=CARTESIAN_POINT('',(-4.82,-1.18,-1.645));
#12466=VECTOR('',#15008,3.2);
#12467=CARTESIAN_POINT('',(-4.82,-1.82,-1.645));
#12468=CARTESIAN_POINT('',(-4.82,-1.82,-1.645));
#12469=VECTOR('',#15009,0.64);
#12470=CARTESIAN_POINT('',(-4.82,-1.82,1.555));
#12471=CARTESIAN_POINT('',(-4.82,-1.82,1.555));
#12472=VECTOR('',#15010,3.2);
#12473=CARTESIAN_POINT('',(-4.82,-1.82,1.555));
#12474=VECTOR('',#15011,0.64);
#12475=CARTESIAN_POINT('',(-4.82,0.949,-6.645));
#12476=CARTESIAN_POINT('',(-4.82,-6.12,-6.645));
#12477=CARTESIAN_POINT('',(-4.82,0.949,-6.645));
#12478=VECTOR('',#15012,7.069);
#12479=CARTESIAN_POINT('',(-4.82,0.949,-4.285));
#12480=VECTOR('',#15013,2.36);
#12481=CARTESIAN_POINT('',(-4.82,1.589,-7.285));
#12482=CARTESIAN_POINT('',(-4.82,1.589,-7.285));
#12483=VECTOR('',#15014,3.0);
#12484=CARTESIAN_POINT('',(-4.82,-6.12,-7.285));
#12485=CARTESIAN_POINT('',(-4.82,-6.12,-7.285));
#12486=VECTOR('',#15015,7.709);
#12487=CARTESIAN_POINT('',(-4.82,-6.12,-7.285));
#12488=VECTOR('',#15016,0.64);
#12489=CARTESIAN_POINT('',(-4.82,-6.12,-3.655));
#12490=CARTESIAN_POINT('',(-4.82,-6.12,-4.285));
#12491=VECTOR('',#15017,0.63);
#12492=CARTESIAN_POINT('',(-4.82,-6.12,-3.655));
#12493=VECTOR('',#15018,2.69);
#12494=CARTESIAN_POINT('',(-4.64,1.36,2.555));
#12495=CARTESIAN_POINT('',(-4.64,1.36,2.555));
#12496=VECTOR('',#15019,1.031891467161);
#12497=CARTESIAN_POINT('',(-4.64,1.64,2.555));
#12498=CARTESIAN_POINT('',(-4.64,1.36,2.555));
#12499=VECTOR('',#15020,0.28);
#12500=CARTESIAN_POINT('',(-4.82,1.82,1.555));
#12501=VECTOR('',#15021,1.031891467161);
#12502=CARTESIAN_POINT('',(-4.18,1.82,1.555));
#12503=VECTOR('',#15022,0.64);
#12504=CARTESIAN_POINT('',(-4.36,1.64,2.555));
#12505=CARTESIAN_POINT('',(-4.36,1.64,2.555));
#12506=VECTOR('',#15023,0.28);
#12507=CARTESIAN_POINT('',(-4.36,1.64,2.555));
#12508=VECTOR('',#15024,1.031891467161);
#12509=CARTESIAN_POINT('',(-4.36,1.36,2.555));
#12510=CARTESIAN_POINT('',(-4.18,1.18,1.555));
#12511=VECTOR('',#15025,1.031891467161);
#12512=CARTESIAN_POINT('',(-4.36,1.64,2.555));
#12513=VECTOR('',#15026,0.28);
#12514=CARTESIAN_POINT('',(-4.36,1.36,2.555));
#12515=VECTOR('',#15027,0.28);
#12516=CARTESIAN_POINT('',(-4.18,1.18,1.555));
#12517=VECTOR('',#15028,0.64);
#12518=CARTESIAN_POINT('',(-4.82,1.18,-1.645));
#12519=VECTOR('',#15029,0.64);
#12520=CARTESIAN_POINT('',(6.23,0.23,-1.645));
#12521=CARTESIAN_POINT('',(8.07,0.23,-1.645));
#12522=CARTESIAN_POINT('',(6.23,0.23,-1.645));
#12523=VECTOR('',#15030,1.84);
#12524=CARTESIAN_POINT('',(8.77,0.93,-1.645));
#12525=CARTESIAN_POINT('',(8.07,0.23,-1.645));
#12526=VECTOR('',#15031,0.9899494936611);
#12527=CARTESIAN_POINT('',(8.77,2.77,-1.645));
#12528=CARTESIAN_POINT('',(8.77,0.93,-1.645));
#12529=VECTOR('',#15032,1.84);
#12530=CARTESIAN_POINT('',(6.23,2.77,-1.645));
#12531=CARTESIAN_POINT('',(8.77,2.77,-1.645));
#12532=VECTOR('',#15033,2.54);
#12533=CARTESIAN_POINT('',(6.23,2.77,-1.645));
#12534=VECTOR('',#15034,2.54);
#12535=CARTESIAN_POINT('',(7.18,1.18,-1.645));
#12536=CARTESIAN_POINT('',(7.82,1.18,-1.645));
#12537=CARTESIAN_POINT('',(7.18,1.18,-1.645));
#12538=VECTOR('',#15035,0.64);
#12539=CARTESIAN_POINT('',(7.18,1.82,-1.645));
#12540=CARTESIAN_POINT('',(7.18,1.18,-1.645));
#12541=VECTOR('',#15036,0.64);
#12542=CARTESIAN_POINT('',(7.82,1.82,-1.645));
#12543=CARTESIAN_POINT('',(7.18,1.82,-1.645));
#12544=VECTOR('',#15037,0.64);
#12545=CARTESIAN_POINT('',(7.82,1.18,-1.645));
#12546=VECTOR('',#15038,0.64);
#12547=CARTESIAN_POINT('',(6.23,-0.23,-1.645));
#12548=CARTESIAN_POINT('',(6.23,-2.77,-1.645));
#12549=CARTESIAN_POINT('',(6.23,-0.23,-1.645));
#12550=VECTOR('',#15039,2.54);
#12551=CARTESIAN_POINT('',(8.07,-2.77,-1.645));
#12552=CARTESIAN_POINT('',(6.23,-2.77,-1.645));
#12553=VECTOR('',#15040,1.84);
#12554=CARTESIAN_POINT('',(8.77,-2.07,-1.645));
#12555=CARTESIAN_POINT('',(8.07,-2.77,-1.645));
#12556=VECTOR('',#15041,0.9899494936611);
#12557=CARTESIAN_POINT('',(8.77,-0.23,-1.645));
#12558=CARTESIAN_POINT('',(8.77,-2.07,-1.645));
#12559=VECTOR('',#15042,1.84);
#12560=CARTESIAN_POINT('',(8.77,-0.23,-1.645));
#12561=VECTOR('',#15043,2.54);
#12562=CARTESIAN_POINT('',(7.18,-1.82,-1.645));
#12563=CARTESIAN_POINT('',(7.82,-1.82,-1.645));
#12564=CARTESIAN_POINT('',(7.18,-1.82,-1.645));
#12565=VECTOR('',#15044,0.64);
#12566=CARTESIAN_POINT('',(7.18,-1.18,-1.645));
#12567=CARTESIAN_POINT('',(7.18,-1.82,-1.645));
#12568=VECTOR('',#15045,0.64);
#12569=CARTESIAN_POINT('',(7.82,-1.18,-1.645));
#12570=CARTESIAN_POINT('',(7.18,-1.18,-1.645));
#12571=VECTOR('',#15046,0.64);
#12572=CARTESIAN_POINT('',(7.82,-1.82,-1.645));
#12573=VECTOR('',#15047,0.64);
#12574=CARTESIAN_POINT('',(3.23,-2.07,-1.645));
#12575=CARTESIAN_POINT('',(3.93,-2.77,-1.645));
#12576=CARTESIAN_POINT('',(3.23,-2.07,-1.645));
#12577=VECTOR('',#15048,0.9899494936611);
#12578=CARTESIAN_POINT('',(5.77,-2.77,-1.645));
#12579=CARTESIAN_POINT('',(3.93,-2.77,-1.645));
#12580=VECTOR('',#15049,1.84);
#12581=CARTESIAN_POINT('',(5.77,-0.23,-1.645));
#12582=CARTESIAN_POINT('',(5.77,-2.77,-1.645));
#12583=VECTOR('',#15050,2.54);
#12584=CARTESIAN_POINT('',(3.23,-0.23,-1.645));
#12585=CARTESIAN_POINT('',(5.77,-0.23,-1.645));
#12586=VECTOR('',#15051,2.54);
#12587=CARTESIAN_POINT('',(3.23,-0.23,-1.645));
#12588=VECTOR('',#15052,1.84);
#12589=CARTESIAN_POINT('',(4.18,-1.82,-1.645));
#12590=CARTESIAN_POINT('',(4.82,-1.82,-1.645));
#12591=CARTESIAN_POINT('',(4.18,-1.82,-1.645));
#12592=VECTOR('',#15053,0.64);
#12593=CARTESIAN_POINT('',(4.18,-1.18,-1.645));
#12594=CARTESIAN_POINT('',(4.18,-1.82,-1.645));
#12595=VECTOR('',#15054,0.64);
#12596=CARTESIAN_POINT('',(4.82,-1.18,-1.645));
#12597=CARTESIAN_POINT('',(4.18,-1.18,-1.645));
#12598=VECTOR('',#15055,0.64);
#12599=CARTESIAN_POINT('',(4.82,-1.82,-1.645));
#12600=VECTOR('',#15056,0.64);
#12601=CARTESIAN_POINT('',(5.77,0.23,-1.645));
#12602=CARTESIAN_POINT('',(5.77,2.77,-1.645));
#12603=CARTESIAN_POINT('',(5.77,0.23,-1.645));
#12604=VECTOR('',#15057,2.54);
#12605=CARTESIAN_POINT('',(3.23,2.77,-1.645));
#12606=CARTESIAN_POINT('',(5.77,2.77,-1.645));
#12607=VECTOR('',#15058,2.54);
#12608=CARTESIAN_POINT('',(3.23,0.93,-1.645));
#12609=CARTESIAN_POINT('',(3.23,2.77,-1.645));
#12610=VECTOR('',#15059,1.84);
#12611=CARTESIAN_POINT('',(3.93,0.23,-1.645));
#12612=CARTESIAN_POINT('',(3.23,0.93,-1.645));
#12613=VECTOR('',#15060,0.9899494936611);
#12614=CARTESIAN_POINT('',(3.93,0.23,-1.645));
#12615=VECTOR('',#15061,1.84);
#12616=CARTESIAN_POINT('',(4.18,1.18,-1.645));
#12617=CARTESIAN_POINT('',(4.82,1.18,-1.645));
#12618=CARTESIAN_POINT('',(4.18,1.18,-1.645));
#12619=VECTOR('',#15062,0.64);
#12620=CARTESIAN_POINT('',(4.18,1.82,-1.645));
#12621=CARTESIAN_POINT('',(4.18,1.18,-1.645));
#12622=VECTOR('',#15063,0.64);
#12623=CARTESIAN_POINT('',(4.82,1.82,-1.645));
#12624=CARTESIAN_POINT('',(4.18,1.82,-1.645));
#12625=VECTOR('',#15064,0.64);
#12626=CARTESIAN_POINT('',(4.82,1.18,-1.645));
#12627=VECTOR('',#15065,0.64);
#12628=CARTESIAN_POINT('',(2.77,0.23,-1.645));
#12629=CARTESIAN_POINT('',(2.77,2.77,-1.645));
#12630=CARTESIAN_POINT('',(2.77,0.23,-1.645));
#12631=VECTOR('',#15066,2.54);
#12632=CARTESIAN_POINT('',(0.23,2.77,-1.645));
#12633=CARTESIAN_POINT('',(2.77,2.77,-1.645));
#12634=VECTOR('',#15067,2.54);
#12635=CARTESIAN_POINT('',(0.23,0.23,-1.645));
#12636=CARTESIAN_POINT('',(0.23,2.77,-1.645));
#12637=VECTOR('',#15068,2.54);
#12638=CARTESIAN_POINT('',(0.23,0.23,-1.645));
#12639=VECTOR('',#15069,2.54);
#12640=CARTESIAN_POINT('',(1.18,1.18,-1.645));
#12641=CARTESIAN_POINT('',(1.82,1.18,-1.645));
#12642=CARTESIAN_POINT('',(1.18,1.18,-1.645));
#12643=VECTOR('',#15070,0.64);
#12644=CARTESIAN_POINT('',(1.18,1.82,-1.645));
#12645=CARTESIAN_POINT('',(1.18,1.18,-1.645));
#12646=VECTOR('',#15071,0.64);
#12647=CARTESIAN_POINT('',(1.82,1.82,-1.645));
#12648=CARTESIAN_POINT('',(1.18,1.82,-1.645));
#12649=VECTOR('',#15072,0.64);
#12650=CARTESIAN_POINT('',(1.82,1.18,-1.645));
#12651=VECTOR('',#15073,0.64);
#12652=CARTESIAN_POINT('',(0.23,-0.23,-1.645));
#12653=CARTESIAN_POINT('',(0.23,-2.77,-1.645));
#12654=CARTESIAN_POINT('',(0.23,-0.23,-1.645));
#12655=VECTOR('',#15074,2.54);
#12656=CARTESIAN_POINT('',(2.07,-2.77,-1.645));
#12657=CARTESIAN_POINT('',(0.23,-2.77,-1.645));
#12658=VECTOR('',#15075,1.84);
#12659=CARTESIAN_POINT('',(2.77,-2.07,-1.645));
#12660=CARTESIAN_POINT('',(2.07,-2.77,-1.645));
#12661=VECTOR('',#15076,0.9899494936611);
#12662=CARTESIAN_POINT('',(2.77,-0.23,-1.645));
#12663=CARTESIAN_POINT('',(2.77,-2.07,-1.645));
#12664=VECTOR('',#15077,1.84);
#12665=CARTESIAN_POINT('',(2.77,-0.23,-1.645));
#12666=VECTOR('',#15078,2.54);
#12667=CARTESIAN_POINT('',(1.18,-1.82,-1.645));
#12668=CARTESIAN_POINT('',(1.82,-1.82,-1.645));
#12669=CARTESIAN_POINT('',(1.18,-1.82,-1.645));
#12670=VECTOR('',#15079,0.64);
#12671=CARTESIAN_POINT('',(1.18,-1.18,-1.645));
#12672=CARTESIAN_POINT('',(1.18,-1.82,-1.645));
#12673=VECTOR('',#15080,0.64);
#12674=CARTESIAN_POINT('',(1.82,-1.18,-1.645));
#12675=CARTESIAN_POINT('',(1.18,-1.18,-1.645));
#12676=VECTOR('',#15081,0.64);
#12677=CARTESIAN_POINT('',(1.82,-1.82,-1.645));
#12678=VECTOR('',#15082,0.64);
#12679=CARTESIAN_POINT('',(-0.9299999999999,-2.77,-1.645));
#12680=CARTESIAN_POINT('',(-0.23,-2.07,-1.645));
#12681=CARTESIAN_POINT('',(-0.9299999999999,-2.77,-1.645));
#12682=VECTOR('',#15083,0.9899494936611);
#12683=CARTESIAN_POINT('',(-0.23,-0.23,-1.645));
#12684=CARTESIAN_POINT('',(-0.23,-2.07,-1.645));
#12685=VECTOR('',#15084,1.84);
#12686=CARTESIAN_POINT('',(-2.77,-0.23,-1.645));
#12687=CARTESIAN_POINT('',(-0.23,-0.23,-1.645));
#12688=VECTOR('',#15085,2.54);
#12689=CARTESIAN_POINT('',(-2.77,-2.77,-1.645));
#12690=CARTESIAN_POINT('',(-2.77,-0.23,-1.645));
#12691=VECTOR('',#15086,2.54);
#12692=CARTESIAN_POINT('',(-2.77,-2.77,-1.645));
#12693=VECTOR('',#15087,1.84);
#12694=CARTESIAN_POINT('',(-1.82,-1.82,-1.645));
#12695=CARTESIAN_POINT('',(-1.18,-1.82,-1.645));
#12696=CARTESIAN_POINT('',(-1.82,-1.82,-1.645));
#12697=VECTOR('',#15088,0.64);
#12698=CARTESIAN_POINT('',(-1.82,-1.18,-1.645));
#12699=CARTESIAN_POINT('',(-1.82,-1.82,-1.645));
#12700=VECTOR('',#15089,0.64);
#12701=CARTESIAN_POINT('',(-1.18,-1.18,-1.645));
#12702=CARTESIAN_POINT('',(-1.82,-1.18,-1.645));
#12703=VECTOR('',#15090,0.64);
#12704=CARTESIAN_POINT('',(-1.18,-1.82,-1.645));
#12705=VECTOR('',#15091,0.64);
#12706=CARTESIAN_POINT('',(-0.9299999999999,0.23,-1.645));
#12707=CARTESIAN_POINT('',(-0.23,0.93,-1.645));
#12708=CARTESIAN_POINT('',(-0.9299999999999,0.23,-1.645));
#12709=VECTOR('',#15092,0.9899494936611);
#12710=CARTESIAN_POINT('',(-0.23,2.77,-1.645));
#12711=CARTESIAN_POINT('',(-0.23,0.93,-1.645));
#12712=VECTOR('',#15093,1.84);
#12713=CARTESIAN_POINT('',(-2.77,2.77,-1.645));
#12714=CARTESIAN_POINT('',(-0.23,2.77,-1.645));
#12715=VECTOR('',#15094,2.54);
#12716=CARTESIAN_POINT('',(-2.77,0.23,-1.645));
#12717=CARTESIAN_POINT('',(-2.77,2.77,-1.645));
#12718=VECTOR('',#15095,2.54);
#12719=CARTESIAN_POINT('',(-2.77,0.23,-1.645));
#12720=VECTOR('',#15096,1.84);
#12721=CARTESIAN_POINT('',(-1.82,1.18,-1.645));
#12722=CARTESIAN_POINT('',(-1.18,1.18,-1.645));
#12723=CARTESIAN_POINT('',(-1.82,1.18,-1.645));
#12724=VECTOR('',#15097,0.64);
#12725=CARTESIAN_POINT('',(-1.82,1.82,-1.645));
#12726=CARTESIAN_POINT('',(-1.82,1.18,-1.645));
#12727=VECTOR('',#15098,0.64);
#12728=CARTESIAN_POINT('',(-1.18,1.82,-1.645));
#12729=CARTESIAN_POINT('',(-1.82,1.82,-1.645));
#12730=VECTOR('',#15099,0.64);
#12731=CARTESIAN_POINT('',(-1.18,1.18,-1.645));
#12732=VECTOR('',#15100,0.64);
#12733=CARTESIAN_POINT('',(-5.77,-0.23,-1.645));
#12734=CARTESIAN_POINT('',(-5.77,-2.77,-1.645));
#12735=CARTESIAN_POINT('',(-5.77,-0.23,-1.645));
#12736=VECTOR('',#15101,2.54);
#12737=CARTESIAN_POINT('',(-3.93,-2.77,-1.645));
#12738=CARTESIAN_POINT('',(-5.77,-2.77,-1.645));
#12739=VECTOR('',#15102,1.84);
#12740=CARTESIAN_POINT('',(-3.23,-2.07,-1.645));
#12741=CARTESIAN_POINT('',(-3.93,-2.77,-1.645));
#12742=VECTOR('',#15103,0.9899494936611);
#12743=CARTESIAN_POINT('',(-3.23,-0.23,-1.645));
#12744=CARTESIAN_POINT('',(-3.23,-2.07,-1.645));
#12745=VECTOR('',#15104,1.84);
#12746=CARTESIAN_POINT('',(-3.23,-0.23,-1.645));
#12747=VECTOR('',#15105,2.54);
#12748=CARTESIAN_POINT('',(-4.82,-1.82,-1.645));
#12749=VECTOR('',#15106,0.64);
#12750=CARTESIAN_POINT('',(-4.82,-1.18,-1.645));
#12751=VECTOR('',#15107,0.64);
#12752=CARTESIAN_POINT('',(-3.93,0.23,-1.645));
#12753=CARTESIAN_POINT('',(-3.23,0.93,-1.645));
#12754=CARTESIAN_POINT('',(-3.93,0.23,-1.645));
#12755=VECTOR('',#15108,0.9899494936611);
#12756=CARTESIAN_POINT('',(-3.23,2.77,-1.645));
#12757=CARTESIAN_POINT('',(-3.23,0.93,-1.645));
#12758=VECTOR('',#15109,1.84);
#12759=CARTESIAN_POINT('',(-5.77,2.77,-1.645));
#12760=CARTESIAN_POINT('',(-3.23,2.77,-1.645));
#12761=VECTOR('',#15110,2.54);
#12762=CARTESIAN_POINT('',(-5.77,0.23,-1.645));
#12763=CARTESIAN_POINT('',(-5.77,2.77,-1.645));
#12764=VECTOR('',#15111,2.54);
#12765=CARTESIAN_POINT('',(-5.77,0.23,-1.645));
#12766=VECTOR('',#15112,1.84);
#12767=CARTESIAN_POINT('',(-4.82,1.82,-1.645));
#12768=VECTOR('',#15113,0.64);
#12769=CARTESIAN_POINT('',(-6.23,-0.23,-1.645));
#12770=CARTESIAN_POINT('',(-8.77,-0.23,-1.645));
#12771=CARTESIAN_POINT('',(-6.23,-0.23,-1.645));
#12772=VECTOR('',#15114,2.54);
#12773=CARTESIAN_POINT('',(-8.77,-2.77,-1.645));
#12774=CARTESIAN_POINT('',(-8.77,-0.23,-1.645));
#12775=VECTOR('',#15115,2.54);
#12776=CARTESIAN_POINT('',(-6.93,-2.77,-1.645));
#12777=CARTESIAN_POINT('',(-8.77,-2.77,-1.645));
#12778=VECTOR('',#15116,1.84);
#12779=CARTESIAN_POINT('',(-6.23,-2.07,-1.645));
#12780=CARTESIAN_POINT('',(-6.93,-2.77,-1.645));
#12781=VECTOR('',#15117,0.9899494936611);
#12782=CARTESIAN_POINT('',(-6.23,-2.07,-1.645));
#12783=VECTOR('',#15118,1.84);
#12784=CARTESIAN_POINT('',(-7.82,-1.82,-1.645));
#12785=VECTOR('',#15119,0.64);
#12786=CARTESIAN_POINT('',(-7.82,-1.18,-1.645));
#12787=VECTOR('',#15120,0.64);
#12788=CARTESIAN_POINT('',(-6.23,2.77,-1.645));
#12789=CARTESIAN_POINT('',(-8.77,2.77,-1.645));
#12790=CARTESIAN_POINT('',(-6.23,2.77,-1.645));
#12791=VECTOR('',#15121,2.54);
#12792=CARTESIAN_POINT('',(-8.77,0.23,-1.645));
#12793=CARTESIAN_POINT('',(-8.77,2.77,-1.645));
#12794=VECTOR('',#15122,2.54);
#12795=CARTESIAN_POINT('',(-6.93,0.23,-1.645));
#12796=CARTESIAN_POINT('',(-8.77,0.23,-1.645));
#12797=VECTOR('',#15123,1.84);
#12798=CARTESIAN_POINT('',(-6.23,0.93,-1.645));
#12799=CARTESIAN_POINT('',(-6.93,0.23,-1.645));
#12800=VECTOR('',#15124,0.9899494936611);
#12801=CARTESIAN_POINT('',(-6.23,0.93,-1.645));
#12802=VECTOR('',#15125,1.84);
#12803=CARTESIAN_POINT('',(-7.82,1.18,-1.645));
#12804=VECTOR('',#15126,0.64);
#12805=CARTESIAN_POINT('',(-7.82,1.82,-1.645));
#12806=VECTOR('',#15127,0.64);
#12807=CARTESIAN_POINT('',(6.23,0.23,4.955));
#12808=CARTESIAN_POINT('',(6.23,0.23,4.955));
#12809=VECTOR('',#15128,6.6);
#12810=CARTESIAN_POINT('',(6.23,2.77,4.955));
#12811=CARTESIAN_POINT('',(6.23,2.77,4.955));
#12812=VECTOR('',#15129,6.6);
#12813=CARTESIAN_POINT('',(6.23,2.77,4.955));
#12814=VECTOR('',#15130,2.54);
#12815=CARTESIAN_POINT('',(8.77,2.77,4.955));
#12816=CARTESIAN_POINT('',(8.77,2.77,4.955));
#12817=VECTOR('',#15131,2.54);
#12818=CARTESIAN_POINT('',(8.77,0.93,4.955));
#12819=CARTESIAN_POINT('',(8.77,0.93,4.955));
#12820=VECTOR('',#15132,1.84);
#12821=CARTESIAN_POINT('',(8.07,0.23,4.955));
#12822=CARTESIAN_POINT('',(8.07,0.23,4.955));
#12823=VECTOR('',#15133,0.9899494936611);
#12824=CARTESIAN_POINT('',(6.23,0.23,4.955));
#12825=VECTOR('',#15134,1.84);
#12826=CARTESIAN_POINT('',(8.77,-2.07,4.955));
#12827=CARTESIAN_POINT('',(8.77,-0.23,4.955));
#12828=CARTESIAN_POINT('',(8.77,-2.07,4.955));
#12829=VECTOR('',#15135,1.84);
#12830=CARTESIAN_POINT('',(8.07,-2.77,4.955));
#12831=CARTESIAN_POINT('',(8.07,-2.77,4.955));
#12832=VECTOR('',#15136,0.9899494936611);
#12833=CARTESIAN_POINT('',(6.23,-2.77,4.955));
#12834=CARTESIAN_POINT('',(6.23,-2.77,4.955));
#12835=VECTOR('',#15137,1.84);
#12836=CARTESIAN_POINT('',(6.23,-0.23,4.955));
#12837=CARTESIAN_POINT('',(6.23,-0.23,4.955));
#12838=VECTOR('',#15138,2.54);
#12839=CARTESIAN_POINT('',(8.77,-0.23,4.955));
#12840=VECTOR('',#15139,2.54);
#12841=CARTESIAN_POINT('',(-6.23,-2.07,4.955));
#12842=CARTESIAN_POINT('',(-6.23,-0.23,4.955));
#12843=CARTESIAN_POINT('',(-6.23,-2.07,4.955));
#12844=VECTOR('',#15140,1.84);
#12845=CARTESIAN_POINT('',(-6.93,-2.77,4.955));
#12846=CARTESIAN_POINT('',(-6.93,-2.77,4.955));
#12847=VECTOR('',#15141,0.9899494936611);
#12848=CARTESIAN_POINT('',(-8.77,-2.77,4.955));
#12849=CARTESIAN_POINT('',(-8.77,-2.77,4.955));
#12850=VECTOR('',#15142,1.84);
#12851=CARTESIAN_POINT('',(-8.77,-0.23,4.955));
#12852=CARTESIAN_POINT('',(-8.77,-0.23,4.955));
#12853=VECTOR('',#15143,2.54);
#12854=CARTESIAN_POINT('',(-6.23,-0.23,4.955));
#12855=VECTOR('',#15144,2.54);
#12856=CARTESIAN_POINT('',(-6.23,0.93,4.955));
#12857=CARTESIAN_POINT('',(-6.23,2.77,4.955));
#12858=CARTESIAN_POINT('',(-6.23,0.93,4.955));
#12859=VECTOR('',#15145,1.84);
#12860=CARTESIAN_POINT('',(-6.93,0.23,4.955));
#12861=CARTESIAN_POINT('',(-6.93,0.23,4.955));
#12862=VECTOR('',#15146,0.9899494936611);
#12863=CARTESIAN_POINT('',(-8.77,0.23,4.955));
#12864=CARTESIAN_POINT('',(-8.77,0.23,4.955));
#12865=VECTOR('',#15147,1.84);
#12866=CARTESIAN_POINT('',(-8.77,2.77,4.955));
#12867=CARTESIAN_POINT('',(-8.77,2.77,4.955));
#12868=VECTOR('',#15148,2.54);
#12869=CARTESIAN_POINT('',(-6.23,2.77,4.955));
#12870=VECTOR('',#15149,2.54);
#12871=CARTESIAN_POINT('',(5.77,-0.23,4.955));
#12872=CARTESIAN_POINT('',(3.23,-0.23,4.955));
#12873=CARTESIAN_POINT('',(5.77,-0.23,4.955));
#12874=VECTOR('',#15150,2.54);
#12875=CARTESIAN_POINT('',(5.77,-2.77,4.955));
#12876=CARTESIAN_POINT('',(5.77,-2.77,4.955));
#12877=VECTOR('',#15151,2.54);
#12878=CARTESIAN_POINT('',(3.93,-2.77,4.955));
#12879=CARTESIAN_POINT('',(3.93,-2.77,4.955));
#12880=VECTOR('',#15152,1.84);
#12881=CARTESIAN_POINT('',(3.23,-2.07,4.955));
#12882=CARTESIAN_POINT('',(3.23,-2.07,4.955));
#12883=VECTOR('',#15153,0.9899494936611);
#12884=CARTESIAN_POINT('',(3.23,-0.23,4.955));
#12885=VECTOR('',#15154,1.84);
#12886=CARTESIAN_POINT('',(3.23,0.93,4.955));
#12887=CARTESIAN_POINT('',(3.93,0.23,4.955));
#12888=CARTESIAN_POINT('',(3.23,0.93,4.955));
#12889=VECTOR('',#15155,0.9899494936611);
#12890=CARTESIAN_POINT('',(3.23,2.77,4.955));
#12891=CARTESIAN_POINT('',(3.23,2.77,4.955));
#12892=VECTOR('',#15156,1.84);
#12893=CARTESIAN_POINT('',(5.77,2.77,4.955));
#12894=CARTESIAN_POINT('',(5.77,2.77,4.955));
#12895=VECTOR('',#15157,2.54);
#12896=CARTESIAN_POINT('',(5.77,0.23,4.955));
#12897=CARTESIAN_POINT('',(5.77,0.23,4.955));
#12898=VECTOR('',#15158,2.54);
#12899=CARTESIAN_POINT('',(3.93,0.23,4.955));
#12900=VECTOR('',#15159,1.84);
#12901=CARTESIAN_POINT('',(0.23,2.77,4.955));
#12902=CARTESIAN_POINT('',(0.23,0.23,4.955));
#12903=CARTESIAN_POINT('',(0.23,2.77,4.955));
#12904=VECTOR('',#15160,2.54);
#12905=CARTESIAN_POINT('',(2.77,2.77,4.955));
#12906=CARTESIAN_POINT('',(2.77,2.77,4.955));
#12907=VECTOR('',#15161,2.54);
#12908=CARTESIAN_POINT('',(2.77,0.23,4.955));
#12909=CARTESIAN_POINT('',(2.77,0.23,4.955));
#12910=VECTOR('',#15162,2.54);
#12911=CARTESIAN_POINT('',(0.23,0.23,4.955));
#12912=VECTOR('',#15163,2.54);
#12913=CARTESIAN_POINT('',(2.77,-2.07,4.955));
#12914=CARTESIAN_POINT('',(2.77,-0.23,4.955));
#12915=CARTESIAN_POINT('',(2.77,-2.07,4.955));
#12916=VECTOR('',#15164,1.84);
#12917=CARTESIAN_POINT('',(2.07,-2.77,4.955));
#12918=CARTESIAN_POINT('',(2.07,-2.77,4.955));
#12919=VECTOR('',#15165,0.9899494936611);
#12920=CARTESIAN_POINT('',(0.23,-2.77,4.955));
#12921=CARTESIAN_POINT('',(0.23,-2.77,4.955));
#12922=VECTOR('',#15166,1.84);
#12923=CARTESIAN_POINT('',(0.23,-0.23,4.955));
#12924=CARTESIAN_POINT('',(0.23,-0.23,4.955));
#12925=VECTOR('',#15167,2.54);
#12926=CARTESIAN_POINT('',(2.77,-0.23,4.955));
#12927=VECTOR('',#15168,2.54);
#12928=CARTESIAN_POINT('',(-2.77,-0.23,4.955));
#12929=CARTESIAN_POINT('',(-2.77,-2.77,4.955));
#12930=CARTESIAN_POINT('',(-2.77,-0.23,4.955));
#12931=VECTOR('',#15169,2.54);
#12932=CARTESIAN_POINT('',(-0.23,-0.23,4.955));
#12933=CARTESIAN_POINT('',(-0.23,-0.23,4.955));
#12934=VECTOR('',#15170,2.54);
#12935=CARTESIAN_POINT('',(-0.23,-2.07,4.955));
#12936=CARTESIAN_POINT('',(-0.23,-2.07,4.955));
#12937=VECTOR('',#15171,1.84);
#12938=CARTESIAN_POINT('',(-0.9299999999999,-2.77,4.955));
#12939=CARTESIAN_POINT('',(-0.9299999999999,-2.77,4.955));
#12940=VECTOR('',#15172,0.9899494936611);
#12941=CARTESIAN_POINT('',(-2.77,-2.77,4.955));
#12942=VECTOR('',#15173,1.84);
#12943=CARTESIAN_POINT('',(-2.77,2.77,4.955));
#12944=CARTESIAN_POINT('',(-2.77,0.23,4.955));
#12945=CARTESIAN_POINT('',(-2.77,2.77,4.955));
#12946=VECTOR('',#15174,2.54);
#12947=CARTESIAN_POINT('',(-0.23,2.77,4.955));
#12948=CARTESIAN_POINT('',(-0.23,2.77,4.955));
#12949=VECTOR('',#15175,2.54);
#12950=CARTESIAN_POINT('',(-0.23,0.93,4.955));
#12951=CARTESIAN_POINT('',(-0.23,0.93,4.955));
#12952=VECTOR('',#15176,1.84);
#12953=CARTESIAN_POINT('',(-0.9299999999999,0.23,4.955));
#12954=CARTESIAN_POINT('',(-0.9299999999999,0.23,4.955));
#12955=VECTOR('',#15177,0.9899494936611);
#12956=CARTESIAN_POINT('',(-2.77,0.23,4.955));
#12957=VECTOR('',#15178,1.84);
#12958=CARTESIAN_POINT('',(-3.23,-2.07,4.955));
#12959=CARTESIAN_POINT('',(-3.23,-0.23,4.955));
#12960=CARTESIAN_POINT('',(-3.23,-2.07,4.955));
#12961=VECTOR('',#15179,1.84);
#12962=CARTESIAN_POINT('',(-3.93,-2.77,4.955));
#12963=CARTESIAN_POINT('',(-3.93,-2.77,4.955));
#12964=VECTOR('',#15180,0.9899494936611);
#12965=CARTESIAN_POINT('',(-5.77,-2.77,4.955));
#12966=CARTESIAN_POINT('',(-5.77,-2.77,4.955));
#12967=VECTOR('',#15181,1.84);
#12968=CARTESIAN_POINT('',(-5.77,-0.23,4.955));
#12969=CARTESIAN_POINT('',(-5.77,-0.23,4.955));
#12970=VECTOR('',#15182,2.54);
#12971=CARTESIAN_POINT('',(-3.23,-0.23,4.955));
#12972=VECTOR('',#15183,2.54);
#12973=CARTESIAN_POINT('',(-5.77,2.77,4.955));
#12974=CARTESIAN_POINT('',(-5.77,0.23,4.955));
#12975=CARTESIAN_POINT('',(-5.77,2.77,4.955));
#12976=VECTOR('',#15184,2.54);
#12977=CARTESIAN_POINT('',(-3.23,2.77,4.955));
#12978=CARTESIAN_POINT('',(-3.23,2.77,4.955));
#12979=VECTOR('',#15185,2.54);
#12980=CARTESIAN_POINT('',(-3.23,0.93,4.955));
#12981=CARTESIAN_POINT('',(-3.23,0.93,4.955));
#12982=VECTOR('',#15186,1.84);
#12983=CARTESIAN_POINT('',(-3.93,0.23,4.955));
#12984=CARTESIAN_POINT('',(-3.93,0.23,4.955));
#12985=VECTOR('',#15187,0.9899494936611);
#12986=CARTESIAN_POINT('',(-5.77,0.23,4.955));
#12987=VECTOR('',#15188,1.84);
#12988=CARTESIAN_POINT('',(8.07,0.23,4.955));
#12989=VECTOR('',#15189,6.6);
#12990=CARTESIAN_POINT('',(8.77,0.93,4.955));
#12991=VECTOR('',#15190,6.6);
#12992=CARTESIAN_POINT('',(8.77,2.77,4.955));
#12993=VECTOR('',#15191,6.6);
#12994=CARTESIAN_POINT('',(6.23,-0.23,4.955));
#12995=VECTOR('',#15192,6.6);
#12996=CARTESIAN_POINT('',(8.77,-0.23,4.955));
#12997=VECTOR('',#15193,6.6);
#12998=CARTESIAN_POINT('',(8.77,-2.07,4.955));
#12999=VECTOR('',#15194,6.6);
#13000=CARTESIAN_POINT('',(8.07,-2.77,4.955));
#13001=VECTOR('',#15195,6.6);
#13002=CARTESIAN_POINT('',(6.23,-2.77,4.955));
#13003=VECTOR('',#15196,6.6);
#13004=CARTESIAN_POINT('',(-8.77,-0.23,4.955));
#13005=VECTOR('',#15197,6.6);
#13006=CARTESIAN_POINT('',(-6.23,-0.23,4.955));
#13007=VECTOR('',#15198,6.6);
#13008=CARTESIAN_POINT('',(-6.23,-2.07,4.955));
#13009=VECTOR('',#15199,6.6);
#13010=CARTESIAN_POINT('',(-6.93,-2.77,4.955));
#13011=VECTOR('',#15200,6.6);
#13012=CARTESIAN_POINT('',(-8.77,-2.77,4.955));
#13013=VECTOR('',#15201,6.6);
#13014=CARTESIAN_POINT('',(-8.77,2.77,4.955));
#13015=VECTOR('',#15202,6.6);
#13016=CARTESIAN_POINT('',(-6.23,2.77,4.955));
#13017=VECTOR('',#15203,6.6);
#13018=CARTESIAN_POINT('',(-6.23,0.93,4.955));
#13019=VECTOR('',#15204,6.6);
#13020=CARTESIAN_POINT('',(-6.93,0.23,4.955));
#13021=VECTOR('',#15205,6.6);
#13022=CARTESIAN_POINT('',(-8.77,0.23,4.955));
#13023=VECTOR('',#15206,6.6);
#13024=CARTESIAN_POINT('',(3.23,-2.07,4.955));
#13025=VECTOR('',#15207,6.6);
#13026=CARTESIAN_POINT('',(3.23,-0.23,4.955));
#13027=VECTOR('',#15208,6.6);
#13028=CARTESIAN_POINT('',(5.77,-0.23,4.955));
#13029=VECTOR('',#15209,6.6);
#13030=CARTESIAN_POINT('',(5.77,-2.77,4.955));
#13031=VECTOR('',#15210,6.6);
#13032=CARTESIAN_POINT('',(3.93,-2.77,4.955));
#13033=VECTOR('',#15211,6.6);
#13034=CARTESIAN_POINT('',(5.77,0.23,4.955));
#13035=VECTOR('',#15212,6.6);
#13036=CARTESIAN_POINT('',(3.93,0.23,4.955));
#13037=VECTOR('',#15213,6.6);
#13038=CARTESIAN_POINT('',(3.23,0.93,4.955));
#13039=VECTOR('',#15214,6.6);
#13040=CARTESIAN_POINT('',(3.23,2.77,4.955));
#13041=VECTOR('',#15215,6.6);
#13042=CARTESIAN_POINT('',(5.77,2.77,4.955));
#13043=VECTOR('',#15216,6.6);
#13044=CARTESIAN_POINT('',(2.77,0.23,4.955));
#13045=VECTOR('',#15217,6.6);
#13046=CARTESIAN_POINT('',(0.23,0.23,4.955));
#13047=VECTOR('',#15218,6.6);
#13048=CARTESIAN_POINT('',(0.23,2.77,4.955));
#13049=VECTOR('',#15219,6.6);
#13050=CARTESIAN_POINT('',(2.77,2.77,4.955));
#13051=VECTOR('',#15220,6.6);
#13052=CARTESIAN_POINT('',(0.23,-0.23,4.955));
#13053=VECTOR('',#15221,6.6);
#13054=CARTESIAN_POINT('',(2.77,-0.23,4.955));
#13055=VECTOR('',#15222,6.6);
#13056=CARTESIAN_POINT('',(2.77,-2.07,4.955));
#13057=VECTOR('',#15223,6.6);
#13058=CARTESIAN_POINT('',(2.07,-2.77,4.955));
#13059=VECTOR('',#15224,6.6);
#13060=CARTESIAN_POINT('',(0.23,-2.77,4.955));
#13061=VECTOR('',#15225,6.6);
#13062=CARTESIAN_POINT('',(-0.9299999999999,-2.77,4.955));
#13063=VECTOR('',#15226,6.6);
#13064=CARTESIAN_POINT('',(-2.77,-2.77,4.955));
#13065=VECTOR('',#15227,6.6);
#13066=CARTESIAN_POINT('',(-2.77,-0.23,4.955));
#13067=VECTOR('',#15228,6.6);
#13068=CARTESIAN_POINT('',(-0.23,-0.23,4.955));
#13069=VECTOR('',#15229,6.6);
#13070=CARTESIAN_POINT('',(-0.23,-2.07,4.955));
#13071=VECTOR('',#15230,6.6);
#13072=CARTESIAN_POINT('',(-0.9299999999999,0.23,4.955));
#13073=VECTOR('',#15231,6.6);
#13074=CARTESIAN_POINT('',(-2.77,0.23,4.955));
#13075=VECTOR('',#15232,6.6);
#13076=CARTESIAN_POINT('',(-2.77,2.77,4.955));
#13077=VECTOR('',#15233,6.6);
#13078=CARTESIAN_POINT('',(-0.23,2.77,4.955));
#13079=VECTOR('',#15234,6.6);
#13080=CARTESIAN_POINT('',(-0.23,0.93,4.955));
#13081=VECTOR('',#15235,6.6);
#13082=CARTESIAN_POINT('',(-5.77,-0.23,4.955));
#13083=VECTOR('',#15236,6.6);
#13084=CARTESIAN_POINT('',(-3.23,-0.23,4.955));
#13085=VECTOR('',#15237,6.6);
#13086=CARTESIAN_POINT('',(-3.23,-2.07,4.955));
#13087=VECTOR('',#15238,6.6);
#13088=CARTESIAN_POINT('',(-3.93,-2.77,4.955));
#13089=VECTOR('',#15239,6.6);
#13090=CARTESIAN_POINT('',(-5.77,-2.77,4.955));
#13091=VECTOR('',#15240,6.6);
#13092=CARTESIAN_POINT('',(-3.93,0.23,4.955));
#13093=VECTOR('',#15241,6.6);
#13094=CARTESIAN_POINT('',(-5.77,0.23,4.955));
#13095=VECTOR('',#15242,6.6);
#13096=CARTESIAN_POINT('',(-5.77,2.77,4.955));
#13097=VECTOR('',#15243,6.6);
#13098=CARTESIAN_POINT('',(-3.23,2.77,4.955));
#13099=VECTOR('',#15244,6.6);
#13100=CARTESIAN_POINT('',(-3.23,0.93,4.955));
#13101=VECTOR('',#15245,6.6);
#13102=CARTESIAN_POINT('',(7.82,-0.32,-4.955));
#13103=CARTESIAN_POINT('',(7.82,-0.32,-4.285));
#13104=VECTOR('',#15246,0.67);
#13105=CARTESIAN_POINT('',(7.82,0.32,-4.955));
#13106=CARTESIAN_POINT('',(7.82,-0.32,-4.955));
#13107=VECTOR('',#15247,0.64);
#13108=CARTESIAN_POINT('',(7.82,0.32,-4.955));
#13109=VECTOR('',#15248,0.67);
#13110=CARTESIAN_POINT('',(7.82,1.18,1.555));
#13111=CARTESIAN_POINT('',(7.82,1.18,1.555));
#13112=VECTOR('',#15249,3.2);
#13113=CARTESIAN_POINT('',(7.82,1.82,1.555));
#13114=CARTESIAN_POINT('',(7.82,1.82,-1.645));
#13115=VECTOR('',#15250,3.2);
#13116=CARTESIAN_POINT('',(7.82,1.82,1.555));
#13117=VECTOR('',#15251,0.64);
#13118=CARTESIAN_POINT('',(7.82,-1.82,1.555));
#13119=CARTESIAN_POINT('',(7.82,-1.82,1.555));
#13120=VECTOR('',#15252,3.2);
#13121=CARTESIAN_POINT('',(7.82,-1.18,1.555));
#13122=CARTESIAN_POINT('',(7.82,-1.18,-1.645));
#13123=VECTOR('',#15253,3.2);
#13124=CARTESIAN_POINT('',(7.82,-1.18,1.555));
#13125=VECTOR('',#15254,0.64);
#13126=CARTESIAN_POINT('',(7.82,-6.12,-7.285));
#13127=CARTESIAN_POINT('',(7.82,1.589,-7.285));
#13128=CARTESIAN_POINT('',(7.82,-6.12,-7.285));
#13129=VECTOR('',#15255,7.709);
#13130=CARTESIAN_POINT('',(7.82,1.589,-7.285));
#13131=VECTOR('',#15256,3.0);
#13132=CARTESIAN_POINT('',(7.82,0.949,-6.645));
#13133=CARTESIAN_POINT('',(7.82,0.949,-4.285));
#13134=VECTOR('',#15257,2.36);
#13135=CARTESIAN_POINT('',(7.82,-6.12,-6.645));
#13136=CARTESIAN_POINT('',(7.82,0.949,-6.645));
#13137=VECTOR('',#15258,7.069);
#13138=CARTESIAN_POINT('',(7.82,-6.12,-6.645));
#13139=VECTOR('',#15259,0.64);
#13140=CARTESIAN_POINT('',(7.82,-6.12,-3.645));
#13141=CARTESIAN_POINT('',(7.82,-3.43,-3.645));
#13142=VECTOR('',#15260,2.69);
#13143=CARTESIAN_POINT('',(7.82,-6.12,-3.645));
#13144=VECTOR('',#15261,0.64);
#13145=CARTESIAN_POINT('',(7.18,0.32,-4.955));
#13146=CARTESIAN_POINT('',(7.82,0.32,-4.955));
#13147=VECTOR('',#15262,0.64);
#13148=CARTESIAN_POINT('',(7.18,0.32,-4.955));
#13149=VECTOR('',#15263,0.67);
#13150=CARTESIAN_POINT('',(7.18,0.32,-3.655));
#13151=CARTESIAN_POINT('',(7.18,0.32,-4.285));
#13152=VECTOR('',#15264,0.63);
#13153=CARTESIAN_POINT('',(7.18,0.32,-3.655));
#13154=VECTOR('',#15265,0.64);
#13155=CARTESIAN_POINT('',(7.18,3.175,-3.655));
#13156=CARTESIAN_POINT('',(7.18,3.175,-3.655));
#13157=VECTOR('',#15266,0.64);
#13158=CARTESIAN_POINT('',(7.18,1.589,-3.655));
#13159=CARTESIAN_POINT('',(7.18,1.589,-3.655));
#13160=VECTOR('',#15267,0.64);
#13161=CARTESIAN_POINT('',(7.18,3.175,-3.655));
#13162=VECTOR('',#15268,1.586);
#13163=CARTESIAN_POINT('',(7.18,0.949,-3.655));
#13164=CARTESIAN_POINT('',(7.18,0.949,-3.655));
#13165=VECTOR('',#15269,0.64);
#13166=CARTESIAN_POINT('',(7.18,0.949,-3.655));
#13167=VECTOR('',#15270,0.629);
#13168=CARTESIAN_POINT('',(7.18,-1.18,-3.655));
#13169=CARTESIAN_POINT('',(7.18,-1.18,-3.655));
#13170=VECTOR('',#15271,0.64);
#13171=CARTESIAN_POINT('',(7.18,-0.32,-3.655));
#13172=CARTESIAN_POINT('',(7.18,-0.32,-3.655));
#13173=VECTOR('',#15272,0.86);
#13174=CARTESIAN_POINT('',(7.18,-0.32,-3.655));
#13175=VECTOR('',#15273,0.64);
#13176=CARTESIAN_POINT('',(7.18,1.589,-4.285));
#13177=VECTOR('',#15274,0.63);
#13178=CARTESIAN_POINT('',(7.18,3.175,-4.955));
#13179=VECTOR('',#15275,1.3);
#13180=CARTESIAN_POINT('',(7.18,0.949,-4.285));
#13181=VECTOR('',#15276,0.63);
#13182=CARTESIAN_POINT('',(7.18,-0.32,-4.285));
#13183=VECTOR('',#15277,0.63);
#13184=CARTESIAN_POINT('',(7.18,-1.18,-3.655));
#13185=VECTOR('',#15278,0.63);
#13186=CARTESIAN_POINT('',(9.325,3.175,-3.205));
#13187=CARTESIAN_POINT('',(-9.325,3.175,-3.205));
#13188=VECTOR('',#15279,18.65);
#13189=CARTESIAN_POINT('',(9.325,3.175,-3.205));
#13190=VECTOR('',#15280,1.75);
#13191=CARTESIAN_POINT('',(4.18,3.175,-3.655));
#13192=CARTESIAN_POINT('',(4.18,3.175,-3.655));
#13193=VECTOR('',#15281,0.64);
#13194=CARTESIAN_POINT('',(4.18,3.175,-4.955));
#13195=VECTOR('',#15282,1.3);
#13196=CARTESIAN_POINT('',(1.82,3.175,-3.655));
#13197=CARTESIAN_POINT('',(1.82,3.175,-4.955));
#13198=VECTOR('',#15283,1.3);
#13199=CARTESIAN_POINT('',(1.18,3.175,-3.655));
#13200=CARTESIAN_POINT('',(1.18,3.175,-3.655));
#13201=VECTOR('',#15284,0.64);
#13202=CARTESIAN_POINT('',(1.18,3.175,-4.955));
#13203=VECTOR('',#15285,1.3);
#13204=CARTESIAN_POINT('',(-1.18,3.175,-3.655));
#13205=CARTESIAN_POINT('',(-1.18,3.175,-4.955));
#13206=VECTOR('',#15286,1.3);
#13207=CARTESIAN_POINT('',(-1.82,3.175,-3.655));
#13208=CARTESIAN_POINT('',(-1.82,3.175,-3.655));
#13209=VECTOR('',#15287,0.64);
#13210=CARTESIAN_POINT('',(-1.82,3.175,-4.955));
#13211=VECTOR('',#15288,1.3);
#13212=CARTESIAN_POINT('',(-4.82,3.175,-3.655));
#13213=CARTESIAN_POINT('',(-4.82,3.175,-3.655));
#13214=VECTOR('',#15289,0.64);
#13215=CARTESIAN_POINT('',(-4.82,3.175,-4.955));
#13216=VECTOR('',#15290,1.3);
#13217=CARTESIAN_POINT('',(-4.82,-1.18,-3.655));
#13218=CARTESIAN_POINT('',(-4.82,-0.32,-3.655));
#13219=VECTOR('',#15291,0.86);
#13220=CARTESIAN_POINT('',(-4.82,-1.18,-3.655));
#13221=VECTOR('',#15292,0.63);
#13222=CARTESIAN_POINT('',(-4.82,1.589,-3.655));
#13223=CARTESIAN_POINT('',(-4.82,1.589,-4.285));
#13224=VECTOR('',#15293,0.63);
#13225=CARTESIAN_POINT('',(-4.82,3.175,-3.655));
#13226=VECTOR('',#15294,1.586);
#13227=CARTESIAN_POINT('',(-4.82,0.949,-3.655));
#13228=CARTESIAN_POINT('',(-4.82,0.949,-4.285));
#13229=VECTOR('',#15295,0.63);
#13230=CARTESIAN_POINT('',(-4.82,0.949,-3.655));
#13231=VECTOR('',#15296,0.629);
#13232=CARTESIAN_POINT('',(-4.82,-1.18,-3.655));
#13233=VECTOR('',#15297,0.64);
#13234=CARTESIAN_POINT('',(-4.18,-1.18,1.555));
#13235=VECTOR('',#15298,0.64);
#13236=CARTESIAN_POINT('',(-4.82,1.589,-3.655));
#13237=VECTOR('',#15299,0.64);
#13238=CARTESIAN_POINT('',(-4.82,0.949,-3.655));
#13239=VECTOR('',#15300,0.64);
#13240=CARTESIAN_POINT('',(-4.18,1.589,-7.285));
#13241=VECTOR('',#15301,0.64);
#13242=CARTESIAN_POINT('',(-4.18,-6.12,-7.285));
#13243=VECTOR('',#15302,0.64);
#13244=CARTESIAN_POINT('',(-4.64,-7.12,-7.105));
#13245=CARTESIAN_POINT('',(-4.64,-7.12,-7.105));
#13246=VECTOR('',#15303,1.031891467161);
#13247=CARTESIAN_POINT('',(-4.36,-7.12,-7.105));
#13248=CARTESIAN_POINT('',(-4.18,-6.12,-7.285));
#13249=VECTOR('',#15304,1.031891467161);
#13250=CARTESIAN_POINT('',(-4.36,-7.12,-7.105));
#13251=VECTOR('',#15305,0.28);
#13252=CARTESIAN_POINT('',(-4.36,-7.12,-6.825));
#13253=CARTESIAN_POINT('',(-4.36,-7.12,-6.825));
#13254=VECTOR('',#15306,0.28);
#13255=CARTESIAN_POINT('',(-4.64,-7.12,-6.825));
#13256=CARTESIAN_POINT('',(-4.36,-7.12,-6.825));
#13257=VECTOR('',#15307,0.28);
#13258=CARTESIAN_POINT('',(-4.64,-7.12,-7.105));
#13259=VECTOR('',#15308,0.28);
#13260=CARTESIAN_POINT('',(-4.64,-7.12,-6.825));
#13261=VECTOR('',#15309,1.031891467161);
#13262=CARTESIAN_POINT('',(-4.36,-7.12,-6.825));
#13263=VECTOR('',#15310,1.031891467161);
#13264=CARTESIAN_POINT('',(-4.18,-6.12,-6.645));
#13265=VECTOR('',#15311,0.64);
#13266=CARTESIAN_POINT('',(-4.18,0.949,-6.645));
#13267=VECTOR('',#15312,0.64);
#13268=CARTESIAN_POINT('',(-4.64,-1.36,2.555));
#13269=CARTESIAN_POINT('',(-4.64,-1.36,2.555));
#13270=VECTOR('',#15313,1.031891467161);
#13271=CARTESIAN_POINT('',(-4.36,-1.36,2.555));
#13272=CARTESIAN_POINT('',(-4.36,-1.36,2.555));
#13273=VECTOR('',#15314,0.28);
#13274=CARTESIAN_POINT('',(-4.36,-1.36,2.555));
#13275=VECTOR('',#15315,1.031891467161);
#13276=CARTESIAN_POINT('',(-4.36,-1.64,2.555));
#13277=CARTESIAN_POINT('',(-4.18,-1.82,1.555));
#13278=VECTOR('',#15316,1.031891467161);
#13279=CARTESIAN_POINT('',(-4.36,-1.36,2.555));
#13280=VECTOR('',#15317,0.28);
#13281=CARTESIAN_POINT('',(-4.64,-1.64,2.555));
#13282=CARTESIAN_POINT('',(-4.64,-1.64,2.555));
#13283=VECTOR('',#15318,0.28);
#13284=CARTESIAN_POINT('',(-4.36,-1.64,2.555));
#13285=VECTOR('',#15319,0.28);
#13286=CARTESIAN_POINT('',(-4.64,-1.64,2.555));
#13287=VECTOR('',#15320,1.031891467161);
#13288=CARTESIAN_POINT('',(-4.18,-1.82,1.555));
#13289=VECTOR('',#15321,0.64);
#13290=CARTESIAN_POINT('',(-1.82,-0.32,-3.655));
#13291=CARTESIAN_POINT('',(-1.82,-0.32,-4.285));
#13292=VECTOR('',#15322,0.63);
#13293=CARTESIAN_POINT('',(-1.82,-1.18,-3.655));
#13294=CARTESIAN_POINT('',(-1.82,-0.32,-3.655));
#13295=VECTOR('',#15323,0.86);
#13296=CARTESIAN_POINT('',(-1.82,-1.18,-3.655));
#13297=VECTOR('',#15324,0.63);
#13298=CARTESIAN_POINT('',(-1.82,1.589,-3.655));
#13299=CARTESIAN_POINT('',(-1.82,1.589,-4.285));
#13300=VECTOR('',#15325,0.63);
#13301=CARTESIAN_POINT('',(-1.82,3.175,-3.655));
#13302=VECTOR('',#15326,1.586);
#13303=CARTESIAN_POINT('',(-1.82,0.32,-3.655));
#13304=CARTESIAN_POINT('',(-1.82,0.32,-4.285));
#13305=VECTOR('',#15327,0.63);
#13306=CARTESIAN_POINT('',(-1.82,0.949,-3.655));
#13307=CARTESIAN_POINT('',(-1.82,0.949,-4.285));
#13308=VECTOR('',#15328,0.63);
#13309=CARTESIAN_POINT('',(-1.82,0.949,-3.655));
#13310=VECTOR('',#15329,0.629);
#13311=CARTESIAN_POINT('',(-1.18,-1.18,-3.655));
#13312=CARTESIAN_POINT('',(-1.82,-1.18,-3.655));
#13313=VECTOR('',#15330,0.64);
#13314=CARTESIAN_POINT('',(-1.18,-1.18,-3.655));
#13315=VECTOR('',#15331,0.63);
#13316=CARTESIAN_POINT('',(-1.18,-1.18,1.555));
#13317=CARTESIAN_POINT('',(-1.18,-1.18,-1.645));
#13318=VECTOR('',#15332,3.2);
#13319=CARTESIAN_POINT('',(-1.82,-1.18,1.555));
#13320=CARTESIAN_POINT('',(-1.82,-1.18,-1.645));
#13321=VECTOR('',#15333,3.2);
#13322=CARTESIAN_POINT('',(-1.18,-1.18,1.555));
#13323=VECTOR('',#15334,0.64);
#13324=CARTESIAN_POINT('',(-1.18,-0.32,-3.655));
#13325=CARTESIAN_POINT('',(-1.18,-0.32,-3.655));
#13326=VECTOR('',#15335,0.86);
#13327=CARTESIAN_POINT('',(-1.18,-0.32,-3.655));
#13328=VECTOR('',#15336,0.63);
#13329=CARTESIAN_POINT('',(-1.18,1.589,-3.655));
#13330=CARTESIAN_POINT('',(-1.18,1.589,-3.655));
#13331=VECTOR('',#15337,0.63);
#13332=CARTESIAN_POINT('',(-1.18,3.175,-3.655));
#13333=VECTOR('',#15338,1.586);
#13334=CARTESIAN_POINT('',(-1.18,0.949,-3.655));
#13335=CARTESIAN_POINT('',(-1.18,0.949,-3.655));
#13336=VECTOR('',#15339,0.63);
#13337=CARTESIAN_POINT('',(-1.18,0.32,-3.655));
#13338=CARTESIAN_POINT('',(-1.18,0.32,-3.655));
#13339=VECTOR('',#15340,0.63);
#13340=CARTESIAN_POINT('',(-1.18,0.949,-3.655));
#13341=VECTOR('',#15341,0.629);
#13342=CARTESIAN_POINT('',(-1.82,-0.32,-3.655));
#13343=VECTOR('',#15342,0.64);
#13344=CARTESIAN_POINT('',(-1.82,-0.32,-4.955));
#13345=CARTESIAN_POINT('',(-1.82,-0.32,-4.285));
#13346=VECTOR('',#15343,0.67);
#13347=CARTESIAN_POINT('',(-1.18,-0.32,-4.955));
#13348=CARTESIAN_POINT('',(-1.18,-0.32,-4.955));
#13349=VECTOR('',#15344,0.64);
#13350=CARTESIAN_POINT('',(-1.18,-0.32,-4.285));
#13351=VECTOR('',#15345,0.67);
#13352=CARTESIAN_POINT('',(-1.18,0.32,-4.955));
#13353=CARTESIAN_POINT('',(-1.18,-0.32,-4.955));
#13354=VECTOR('',#15346,0.64);
#13355=CARTESIAN_POINT('',(-1.18,0.32,-4.955));
#13356=VECTOR('',#15347,0.67);
#13357=CARTESIAN_POINT('',(-1.18,1.18,1.555));
#13358=CARTESIAN_POINT('',(-1.18,1.18,1.555));
#13359=VECTOR('',#15348,3.2);
#13360=CARTESIAN_POINT('',(-1.18,1.82,1.555));
#13361=CARTESIAN_POINT('',(-1.18,1.82,-1.645));
#13362=VECTOR('',#15349,3.2);
#13363=CARTESIAN_POINT('',(-1.18,1.82,1.555));
#13364=VECTOR('',#15350,0.64);
#13365=CARTESIAN_POINT('',(-1.18,-1.82,1.555));
#13366=CARTESIAN_POINT('',(-1.18,-1.82,1.555));
#13367=VECTOR('',#15351,3.2);
#13368=CARTESIAN_POINT('',(-1.18,-1.18,1.555));
#13369=VECTOR('',#15352,0.64);
#13370=CARTESIAN_POINT('',(-1.18,-6.12,-7.285));
#13371=CARTESIAN_POINT('',(-1.18,1.589,-7.285));
#13372=CARTESIAN_POINT('',(-1.18,-6.12,-7.285));
#13373=VECTOR('',#15353,7.709);
#13374=CARTESIAN_POINT('',(-1.18,1.589,-7.285));
#13375=VECTOR('',#15354,3.0);
#13376=CARTESIAN_POINT('',(-1.18,0.949,-6.645));
#13377=CARTESIAN_POINT('',(-1.18,0.949,-4.285));
#13378=VECTOR('',#15355,2.36);
#13379=CARTESIAN_POINT('',(-1.18,-6.12,-6.645));
#13380=CARTESIAN_POINT('',(-1.18,0.949,-6.645));
#13381=VECTOR('',#15356,7.069);
#13382=CARTESIAN_POINT('',(-1.18,-6.12,-6.645));
#13383=VECTOR('',#15357,0.64);
#13384=CARTESIAN_POINT('',(-1.18,-6.12,-3.655));
#13385=CARTESIAN_POINT('',(-1.18,-6.12,-3.655));
#13386=VECTOR('',#15358,0.63);
#13387=CARTESIAN_POINT('',(-1.18,-6.12,-3.655));
#13388=VECTOR('',#15359,2.69);
#13389=CARTESIAN_POINT('',(-1.82,0.32,-4.955));
#13390=CARTESIAN_POINT('',(-1.18,0.32,-4.955));
#13391=VECTOR('',#15360,0.64);
#13392=CARTESIAN_POINT('',(-1.82,0.32,-4.955));
#13393=VECTOR('',#15361,0.67);
#13394=CARTESIAN_POINT('',(-1.82,0.32,-3.655));
#13395=VECTOR('',#15362,0.64);
#13396=CARTESIAN_POINT('',(-1.82,1.589,-3.655));
#13397=VECTOR('',#15363,0.64);
#13398=CARTESIAN_POINT('',(-1.82,0.949,-3.655));
#13399=VECTOR('',#15364,0.64);
#13400=CARTESIAN_POINT('',(-1.82,1.589,-7.285));
#13401=CARTESIAN_POINT('',(-1.18,1.589,-7.285));
#13402=VECTOR('',#15365,0.64);
#13403=CARTESIAN_POINT('',(-1.82,1.589,-7.285));
#13404=VECTOR('',#15366,3.0);
#13405=CARTESIAN_POINT('',(-1.82,-0.32,-4.955));
#13406=VECTOR('',#15367,0.64);
#13407=CARTESIAN_POINT('',(-1.82,1.82,1.555));
#13408=CARTESIAN_POINT('',(-1.82,1.82,-1.645));
#13409=VECTOR('',#15368,3.2);
#13410=CARTESIAN_POINT('',(-1.82,1.18,1.555));
#13411=CARTESIAN_POINT('',(-1.82,1.18,1.555));
#13412=VECTOR('',#15369,3.2);
#13413=CARTESIAN_POINT('',(-1.82,1.18,1.555));
#13414=VECTOR('',#15370,0.64);
#13415=CARTESIAN_POINT('',(-1.82,-1.82,1.555));
#13416=CARTESIAN_POINT('',(-1.82,-1.82,1.555));
#13417=VECTOR('',#15371,3.2);
#13418=CARTESIAN_POINT('',(-1.82,-1.82,1.555));
#13419=VECTOR('',#15372,0.64);
#13420=CARTESIAN_POINT('',(-1.82,0.949,-6.645));
#13421=CARTESIAN_POINT('',(-1.82,-6.12,-6.645));
#13422=CARTESIAN_POINT('',(-1.82,0.949,-6.645));
#13423=VECTOR('',#15373,7.069);
#13424=CARTESIAN_POINT('',(-1.82,0.949,-4.285));
#13425=VECTOR('',#15374,2.36);
#13426=CARTESIAN_POINT('',(-1.82,-6.12,-7.285));
#13427=CARTESIAN_POINT('',(-1.82,-6.12,-7.285));
#13428=VECTOR('',#15375,7.709);
#13429=CARTESIAN_POINT('',(-1.82,-6.12,-7.285));
#13430=VECTOR('',#15376,0.64);
#13431=CARTESIAN_POINT('',(-1.82,-6.12,-3.655));
#13432=CARTESIAN_POINT('',(-1.82,-6.12,-4.285));
#13433=VECTOR('',#15377,0.63);
#13434=CARTESIAN_POINT('',(-1.82,-6.12,-3.655));
#13435=VECTOR('',#15378,2.69);
#13436=CARTESIAN_POINT('',(-1.64,1.36,2.555));
#13437=CARTESIAN_POINT('',(-1.64,1.36,2.555));
#13438=VECTOR('',#15379,1.031891467161);
#13439=CARTESIAN_POINT('',(-1.64,1.64,2.555));
#13440=CARTESIAN_POINT('',(-1.64,1.36,2.555));
#13441=VECTOR('',#15380,0.28);
#13442=CARTESIAN_POINT('',(-1.82,1.82,1.555));
#13443=VECTOR('',#15381,1.031891467161);
#13444=CARTESIAN_POINT('',(-1.18,1.82,1.555));
#13445=VECTOR('',#15382,0.64);
#13446=CARTESIAN_POINT('',(-1.36,1.64,2.555));
#13447=CARTESIAN_POINT('',(-1.36,1.64,2.555));
#13448=VECTOR('',#15383,0.28);
#13449=CARTESIAN_POINT('',(-1.36,1.64,2.555));
#13450=VECTOR('',#15384,1.031891467161);
#13451=CARTESIAN_POINT('',(-1.36,1.36,2.555));
#13452=CARTESIAN_POINT('',(-1.18,1.18,1.555));
#13453=VECTOR('',#15385,1.031891467161);
#13454=CARTESIAN_POINT('',(-1.36,1.64,2.555));
#13455=VECTOR('',#15386,0.28);
#13456=CARTESIAN_POINT('',(-1.36,1.36,2.555));
#13457=VECTOR('',#15387,0.28);
#13458=CARTESIAN_POINT('',(-1.18,1.18,1.555));
#13459=VECTOR('',#15388,0.64);
#13460=CARTESIAN_POINT('',(-1.64,-1.64,2.555));
#13461=CARTESIAN_POINT('',(-1.64,-1.64,2.555));
#13462=VECTOR('',#15389,1.031891467161);
#13463=CARTESIAN_POINT('',(-1.64,-1.36,2.555));
#13464=CARTESIAN_POINT('',(-1.64,-1.64,2.555));
#13465=VECTOR('',#15390,0.28);
#13466=CARTESIAN_POINT('',(-1.64,-1.36,2.555));
#13467=VECTOR('',#15391,1.031891467161);
#13468=CARTESIAN_POINT('',(-1.36,-1.36,2.555));
#13469=CARTESIAN_POINT('',(-1.36,-1.36,2.555));
#13470=VECTOR('',#15392,0.28);
#13471=CARTESIAN_POINT('',(-1.36,-1.36,2.555));
#13472=VECTOR('',#15393,1.031891467161);
#13473=CARTESIAN_POINT('',(-1.36,-1.64,2.555));
#13474=CARTESIAN_POINT('',(-1.18,-1.82,1.555));
#13475=VECTOR('',#15394,1.031891467161);
#13476=CARTESIAN_POINT('',(-1.36,-1.36,2.555));
#13477=VECTOR('',#15395,0.28);
#13478=CARTESIAN_POINT('',(-1.36,-1.64,2.555));
#13479=VECTOR('',#15396,0.28);
#13480=CARTESIAN_POINT('',(-1.18,-1.82,1.555));
#13481=VECTOR('',#15397,0.64);
#13482=CARTESIAN_POINT('',(-1.64,-7.12,-7.105));
#13483=CARTESIAN_POINT('',(-1.64,-7.12,-7.105));
#13484=VECTOR('',#15398,1.031891467161);
#13485=CARTESIAN_POINT('',(-1.64,-7.12,-6.825));
#13486=CARTESIAN_POINT('',(-1.64,-7.12,-7.105));
#13487=VECTOR('',#15399,0.28);
#13488=CARTESIAN_POINT('',(-1.64,-7.12,-6.825));
#13489=VECTOR('',#15400,1.031891467161);
#13490=CARTESIAN_POINT('',(-1.36,-7.12,-6.825));
#13491=CARTESIAN_POINT('',(-1.36,-7.12,-6.825));
#13492=VECTOR('',#15401,0.28);
#13493=CARTESIAN_POINT('',(-1.36,-7.12,-6.825));
#13494=VECTOR('',#15402,1.031891467161);
#13495=CARTESIAN_POINT('',(-1.18,-6.12,-6.645));
#13496=VECTOR('',#15403,0.64);
#13497=CARTESIAN_POINT('',(-1.18,0.949,-6.645));
#13498=VECTOR('',#15404,0.64);
#13499=CARTESIAN_POINT('',(-1.36,-7.12,-7.105));
#13500=CARTESIAN_POINT('',(-1.18,-6.12,-7.285));
#13501=VECTOR('',#15405,1.031891467161);
#13502=CARTESIAN_POINT('',(-1.36,-7.12,-6.825));
#13503=VECTOR('',#15406,0.28);
#13504=CARTESIAN_POINT('',(-1.36,-7.12,-7.105));
#13505=VECTOR('',#15407,0.28);
#13506=CARTESIAN_POINT('',(-1.18,-6.12,-7.285));
#13507=VECTOR('',#15408,0.64);
#13508=CARTESIAN_POINT('',(4.18,-6.12,-3.655));
#13509=CARTESIAN_POINT('',(4.18,-6.12,-3.655));
#13510=VECTOR('',#15409,2.69);
#13511=CARTESIAN_POINT('',(4.19,-6.175555555556,-3.655));
#13512=CARTESIAN_POINT('',(4.18,-6.12,-3.655));
#13513=VECTOR('',#15410,0.05644838131501);
#13514=CARTESIAN_POINT('',(4.81,-6.175555555556,-3.655));
#13515=CARTESIAN_POINT('',(4.81,-6.175555555556,-3.655));
#13516=VECTOR('',#15411,0.62);
#13517=CARTESIAN_POINT('',(4.82,-6.12,-3.655));
#13518=CARTESIAN_POINT('',(4.82,-6.12,-3.655));
#13519=VECTOR('',#15412,0.05644838131501);
#13520=CARTESIAN_POINT('',(4.82,-6.12,-3.655));
#13521=VECTOR('',#15413,2.69);
#13522=CARTESIAN_POINT('',(1.18,-6.12,-3.655));
#13523=CARTESIAN_POINT('',(1.18,-6.12,-3.655));
#13524=VECTOR('',#15414,2.69);
#13525=CARTESIAN_POINT('',(1.19,-6.175555555556,-3.655));
#13526=CARTESIAN_POINT('',(1.18,-6.12,-3.655));
#13527=VECTOR('',#15415,0.05644838131501);
#13528=CARTESIAN_POINT('',(1.81,-6.175555555556,-3.655));
#13529=CARTESIAN_POINT('',(1.81,-6.175555555556,-3.655));
#13530=VECTOR('',#15416,0.62);
#13531=CARTESIAN_POINT('',(1.82,-6.12,-3.655));
#13532=CARTESIAN_POINT('',(1.82,-6.12,-3.655));
#13533=VECTOR('',#15417,0.05644838131501);
#13534=CARTESIAN_POINT('',(1.82,-6.12,-3.655));
#13535=VECTOR('',#15418,2.69);
#13536=CARTESIAN_POINT('',(-1.81,-6.175555555556,-3.655));
#13537=CARTESIAN_POINT('',(-1.82,-6.12,-3.655));
#13538=VECTOR('',#15419,0.05644838131501);
#13539=CARTESIAN_POINT('',(-1.19,-6.175555555556,-3.655));
#13540=CARTESIAN_POINT('',(-1.19,-6.175555555556,-3.655));
#13541=VECTOR('',#15420,0.62);
#13542=CARTESIAN_POINT('',(-1.18,-6.12,-3.655));
#13543=VECTOR('',#15421,0.05644838131501);
#13544=CARTESIAN_POINT('',(-4.81,-6.175555555556,-3.655));
#13545=CARTESIAN_POINT('',(-4.82,-6.12,-3.655));
#13546=VECTOR('',#15422,0.05644838131501);
#13547=CARTESIAN_POINT('',(-4.19,-6.175555555556,-3.655));
#13548=CARTESIAN_POINT('',(-4.19,-6.175555555556,-3.655));
#13549=VECTOR('',#15423,0.62);
#13550=CARTESIAN_POINT('',(-4.18,-6.12,-3.655));
#13551=VECTOR('',#15424,0.05644838131501);
#13552=CARTESIAN_POINT('',(4.82,-0.32,-4.955));
#13553=CARTESIAN_POINT('',(4.82,-0.32,-4.285));
#13554=VECTOR('',#15425,0.67);
#13555=CARTESIAN_POINT('',(4.82,0.32,-4.955));
#13556=CARTESIAN_POINT('',(4.82,-0.32,-4.955));
#13557=VECTOR('',#15426,0.64);
#13558=CARTESIAN_POINT('',(4.82,0.32,-4.955));
#13559=VECTOR('',#15427,0.67);
#13560=CARTESIAN_POINT('',(4.82,1.18,1.555));
#13561=CARTESIAN_POINT('',(4.82,1.18,1.555));
#13562=VECTOR('',#15428,3.2);
#13563=CARTESIAN_POINT('',(4.82,1.82,1.555));
#13564=CARTESIAN_POINT('',(4.82,1.82,-1.645));
#13565=VECTOR('',#15429,3.2);
#13566=CARTESIAN_POINT('',(4.82,1.82,1.555));
#13567=VECTOR('',#15430,0.64);
#13568=CARTESIAN_POINT('',(4.82,-1.82,1.555));
#13569=CARTESIAN_POINT('',(4.82,-1.82,1.555));
#13570=VECTOR('',#15431,3.2);
#13571=CARTESIAN_POINT('',(4.82,-1.18,1.555));
#13572=CARTESIAN_POINT('',(4.82,-1.18,-1.645));
#13573=VECTOR('',#15432,3.2);
#13574=CARTESIAN_POINT('',(4.82,-1.18,1.555));
#13575=VECTOR('',#15433,0.64);
#13576=CARTESIAN_POINT('',(4.82,-6.12,-7.285));
#13577=CARTESIAN_POINT('',(4.82,1.589,-7.285));
#13578=CARTESIAN_POINT('',(4.82,-6.12,-7.285));
#13579=VECTOR('',#15434,7.709);
#13580=CARTESIAN_POINT('',(4.82,1.589,-7.285));
#13581=VECTOR('',#15435,3.0);
#13582=CARTESIAN_POINT('',(4.82,0.949,-6.645));
#13583=CARTESIAN_POINT('',(4.82,0.949,-4.285));
#13584=VECTOR('',#15436,2.36);
#13585=CARTESIAN_POINT('',(4.82,-6.12,-6.645));
#13586=CARTESIAN_POINT('',(4.82,0.949,-6.645));
#13587=VECTOR('',#15437,7.069);
#13588=CARTESIAN_POINT('',(4.82,-6.12,-6.645));
#13589=VECTOR('',#15438,0.64);
#13590=CARTESIAN_POINT('',(4.82,-6.12,-3.655));
#13591=VECTOR('',#15439,0.63);
#13592=CARTESIAN_POINT('',(4.18,0.32,-4.955));
#13593=CARTESIAN_POINT('',(4.82,0.32,-4.955));
#13594=VECTOR('',#15440,0.64);
#13595=CARTESIAN_POINT('',(4.18,0.32,-4.955));
#13596=VECTOR('',#15441,0.67);
#13597=CARTESIAN_POINT('',(4.18,0.32,-3.655));
#13598=CARTESIAN_POINT('',(4.18,0.32,-4.285));
#13599=VECTOR('',#15442,0.63);
#13600=CARTESIAN_POINT('',(4.18,0.32,-3.655));
#13601=VECTOR('',#15443,0.64);
#13602=CARTESIAN_POINT('',(4.18,1.589,-3.655));
#13603=CARTESIAN_POINT('',(4.18,1.589,-3.655));
#13604=VECTOR('',#15444,0.64);
#13605=CARTESIAN_POINT('',(4.18,3.175,-3.655));
#13606=VECTOR('',#15445,1.586);
#13607=CARTESIAN_POINT('',(4.18,0.949,-3.655));
#13608=CARTESIAN_POINT('',(4.18,0.949,-3.655));
#13609=VECTOR('',#15446,0.64);
#13610=CARTESIAN_POINT('',(4.18,0.949,-3.655));
#13611=VECTOR('',#15447,0.629);
#13612=CARTESIAN_POINT('',(4.18,-1.18,-3.655));
#13613=CARTESIAN_POINT('',(4.18,-1.18,-3.655));
#13614=VECTOR('',#15448,0.64);
#13615=CARTESIAN_POINT('',(4.18,-0.32,-3.655));
#13616=CARTESIAN_POINT('',(4.18,-0.32,-3.655));
#13617=VECTOR('',#15449,0.86);
#13618=CARTESIAN_POINT('',(4.18,-0.32,-3.655));
#13619=VECTOR('',#15450,0.64);
#13620=CARTESIAN_POINT('',(4.18,-0.32,-4.285));
#13621=VECTOR('',#15451,0.63);
#13622=CARTESIAN_POINT('',(4.18,-1.18,-3.655));
#13623=VECTOR('',#15452,0.63);
#13624=CARTESIAN_POINT('',(4.18,1.589,-4.285));
#13625=VECTOR('',#15453,0.63);
#13626=CARTESIAN_POINT('',(4.18,0.949,-4.285));
#13627=VECTOR('',#15454,0.63);
#13628=CARTESIAN_POINT('',(4.18,-1.18,1.555));
#13629=CARTESIAN_POINT('',(4.18,-1.18,-1.645));
#13630=VECTOR('',#15455,3.2);
#13631=CARTESIAN_POINT('',(4.82,-1.18,1.555));
#13632=VECTOR('',#15456,0.64);
#13633=CARTESIAN_POINT('',(4.36,-1.36,2.555));
#13634=CARTESIAN_POINT('',(4.36,-1.36,2.555));
#13635=VECTOR('',#15457,1.031891467161);
#13636=CARTESIAN_POINT('',(4.64,-1.36,2.555));
#13637=CARTESIAN_POINT('',(4.64,-1.36,2.555));
#13638=VECTOR('',#15458,0.28);
#13639=CARTESIAN_POINT('',(4.64,-1.36,2.555));
#13640=VECTOR('',#15459,1.031891467161);
#13641=CARTESIAN_POINT('',(4.64,-1.64,2.555));
#13642=CARTESIAN_POINT('',(4.82,-1.82,1.555));
#13643=VECTOR('',#15460,1.031891467161);
#13644=CARTESIAN_POINT('',(4.64,-1.36,2.555));
#13645=VECTOR('',#15461,0.28);
#13646=CARTESIAN_POINT('',(4.36,-1.64,2.555));
#13647=CARTESIAN_POINT('',(4.36,-1.64,2.555));
#13648=VECTOR('',#15462,0.28);
#13649=CARTESIAN_POINT('',(4.64,-1.64,2.555));
#13650=VECTOR('',#15463,0.28);
#13651=CARTESIAN_POINT('',(4.18,-1.82,1.555));
#13652=CARTESIAN_POINT('',(4.36,-1.64,2.555));
#13653=VECTOR('',#15464,1.031891467161);
#13654=CARTESIAN_POINT('',(4.82,-1.82,1.555));
#13655=VECTOR('',#15465,0.64);
#13656=CARTESIAN_POINT('',(4.18,-1.82,1.555));
#13657=VECTOR('',#15466,3.2);
#13658=CARTESIAN_POINT('',(4.18,-0.32,-4.955));
#13659=CARTESIAN_POINT('',(4.18,-0.32,-4.955));
#13660=VECTOR('',#15467,0.64);
#13661=CARTESIAN_POINT('',(4.18,-0.32,-4.285));
#13662=VECTOR('',#15468,0.67);
#13663=CARTESIAN_POINT('',(4.18,1.82,1.555));
#13664=CARTESIAN_POINT('',(4.18,1.82,-1.645));
#13665=VECTOR('',#15469,3.2);
#13666=CARTESIAN_POINT('',(4.18,1.18,1.555));
#13667=CARTESIAN_POINT('',(4.18,1.18,1.555));
#13668=VECTOR('',#15470,3.2);
#13669=CARTESIAN_POINT('',(4.18,1.18,1.555));
#13670=VECTOR('',#15471,0.64);
#13671=CARTESIAN_POINT('',(4.18,-1.82,1.555));
#13672=VECTOR('',#15472,0.64);
#13673=CARTESIAN_POINT('',(4.18,0.949,-6.645));
#13674=CARTESIAN_POINT('',(4.18,-6.12,-6.645));
#13675=CARTESIAN_POINT('',(4.18,0.949,-6.645));
#13676=VECTOR('',#15473,7.069);
#13677=CARTESIAN_POINT('',(4.18,0.949,-4.285));
#13678=VECTOR('',#15474,2.36);
#13679=CARTESIAN_POINT('',(4.18,1.589,-7.285));
#13680=CARTESIAN_POINT('',(4.18,1.589,-7.285));
#13681=VECTOR('',#15475,3.0);
#13682=CARTESIAN_POINT('',(4.18,-6.12,-7.285));
#13683=CARTESIAN_POINT('',(4.18,-6.12,-7.285));
#13684=VECTOR('',#15476,7.709);
#13685=CARTESIAN_POINT('',(4.18,-6.12,-7.285));
#13686=VECTOR('',#15477,0.64);
#13687=CARTESIAN_POINT('',(4.18,-6.12,-4.285));
#13688=VECTOR('',#15478,0.63);
#13689=CARTESIAN_POINT('',(4.82,-0.32,-4.955));
#13690=VECTOR('',#15479,0.64);
#13691=CARTESIAN_POINT('',(4.36,1.36,2.555));
#13692=CARTESIAN_POINT('',(4.36,1.36,2.555));
#13693=VECTOR('',#15480,1.031891467161);
#13694=CARTESIAN_POINT('',(4.36,1.64,2.555));
#13695=CARTESIAN_POINT('',(4.36,1.36,2.555));
#13696=VECTOR('',#15481,0.28);
#13697=CARTESIAN_POINT('',(4.18,1.82,1.555));
#13698=VECTOR('',#15482,1.031891467161);
#13699=CARTESIAN_POINT('',(4.82,1.82,1.555));
#13700=VECTOR('',#15483,0.64);
#13701=CARTESIAN_POINT('',(4.64,1.64,2.555));
#13702=CARTESIAN_POINT('',(4.64,1.64,2.555));
#13703=VECTOR('',#15484,0.28);
#13704=CARTESIAN_POINT('',(4.64,1.64,2.555));
#13705=VECTOR('',#15485,1.031891467161);
#13706=CARTESIAN_POINT('',(4.64,1.36,2.555));
#13707=CARTESIAN_POINT('',(4.82,1.18,1.555));
#13708=VECTOR('',#15486,1.031891467161);
#13709=CARTESIAN_POINT('',(4.64,1.64,2.555));
#13710=VECTOR('',#15487,0.28);
#13711=CARTESIAN_POINT('',(4.64,1.36,2.555));
#13712=VECTOR('',#15488,0.28);
#13713=CARTESIAN_POINT('',(4.82,1.18,1.555));
#13714=VECTOR('',#15489,0.64);
#13715=CARTESIAN_POINT('',(4.36,-7.12,-7.105));
#13716=CARTESIAN_POINT('',(4.36,-7.12,-7.105));
#13717=VECTOR('',#15490,1.031891467161);
#13718=CARTESIAN_POINT('',(4.36,-7.12,-6.825));
#13719=CARTESIAN_POINT('',(4.36,-7.12,-7.105));
#13720=VECTOR('',#15491,0.28);
#13721=CARTESIAN_POINT('',(4.36,-7.12,-6.825));
#13722=VECTOR('',#15492,1.031891467161);
#13723=CARTESIAN_POINT('',(4.64,-7.12,-6.825));
#13724=CARTESIAN_POINT('',(4.64,-7.12,-6.825));
#13725=VECTOR('',#15493,0.28);
#13726=CARTESIAN_POINT('',(4.64,-7.12,-6.825));
#13727=VECTOR('',#15494,1.031891467161);
#13728=CARTESIAN_POINT('',(4.82,-6.12,-6.645));
#13729=VECTOR('',#15495,0.64);
#13730=CARTESIAN_POINT('',(4.82,0.949,-6.645));
#13731=VECTOR('',#15496,0.64);
#13732=CARTESIAN_POINT('',(4.64,-7.12,-7.105));
#13733=CARTESIAN_POINT('',(4.82,-6.12,-7.285));
#13734=VECTOR('',#15497,1.031891467161);
#13735=CARTESIAN_POINT('',(4.64,-7.12,-6.825));
#13736=VECTOR('',#15498,0.28);
#13737=CARTESIAN_POINT('',(4.64,-7.12,-7.105));
#13738=VECTOR('',#15499,0.28);
#13739=CARTESIAN_POINT('',(4.82,-6.12,-7.285));
#13740=VECTOR('',#15500,0.64);
#13741=CARTESIAN_POINT('',(4.82,1.589,-7.285));
#13742=VECTOR('',#15501,0.64);
#13743=CARTESIAN_POINT('',(4.36,-7.12,-4.105));
#13744=CARTESIAN_POINT('',(4.36,-7.12,-4.105));
#13745=VECTOR('',#15502,1.031891467161);
#13746=CARTESIAN_POINT('',(4.36,-7.12,-3.825));
#13747=CARTESIAN_POINT('',(4.36,-7.12,-4.105));
#13748=VECTOR('',#15503,0.28);
#13749=CARTESIAN_POINT('',(4.36,-7.12,-3.825));
#13750=VECTOR('',#15504,0.97456416343);
#13751=CARTESIAN_POINT('',(4.64,-7.12,-3.825));
#13752=CARTESIAN_POINT('',(4.64,-7.12,-3.825));
#13753=VECTOR('',#15505,0.28);
#13754=CARTESIAN_POINT('',(4.64,-7.12,-3.825));
#13755=VECTOR('',#15506,0.97456416343);
#13756=CARTESIAN_POINT('',(4.64,-7.12,-4.105));
#13757=CARTESIAN_POINT('',(4.64,-7.12,-3.825));
#13758=VECTOR('',#15507,0.28);
#13759=CARTESIAN_POINT('',(4.82,-6.12,-4.285));
#13760=VECTOR('',#15508,1.031891467161);
#13761=CARTESIAN_POINT('',(4.64,-7.12,-4.105));
#13762=VECTOR('',#15509,0.28);
#13763=CARTESIAN_POINT('',(1.82,-0.32,-4.955));
#13764=CARTESIAN_POINT('',(1.82,-0.32,-4.285));
#13765=VECTOR('',#15510,0.67);
#13766=CARTESIAN_POINT('',(1.82,0.32,-4.955));
#13767=CARTESIAN_POINT('',(1.82,-0.32,-4.955));
#13768=VECTOR('',#15511,0.64);
#13769=CARTESIAN_POINT('',(1.82,0.32,-4.955));
#13770=VECTOR('',#15512,0.67);
#13771=CARTESIAN_POINT('',(1.82,1.18,1.555));
#13772=CARTESIAN_POINT('',(1.82,1.18,1.555));
#13773=VECTOR('',#15513,3.2);
#13774=CARTESIAN_POINT('',(1.82,1.82,1.555));
#13775=CARTESIAN_POINT('',(1.82,1.82,-1.645));
#13776=VECTOR('',#15514,3.2);
#13777=CARTESIAN_POINT('',(1.82,1.82,1.555));
#13778=VECTOR('',#15515,0.64);
#13779=CARTESIAN_POINT('',(1.82,-1.82,1.555));
#13780=CARTESIAN_POINT('',(1.82,-1.82,1.555));
#13781=VECTOR('',#15516,3.2);
#13782=CARTESIAN_POINT('',(1.82,-1.18,1.555));
#13783=CARTESIAN_POINT('',(1.82,-1.18,-1.645));
#13784=VECTOR('',#15517,3.2);
#13785=CARTESIAN_POINT('',(1.82,-1.18,1.555));
#13786=VECTOR('',#15518,0.64);
#13787=CARTESIAN_POINT('',(1.82,-6.12,-7.285));
#13788=CARTESIAN_POINT('',(1.82,1.589,-7.285));
#13789=CARTESIAN_POINT('',(1.82,-6.12,-7.285));
#13790=VECTOR('',#15519,7.709);
#13791=CARTESIAN_POINT('',(1.82,1.589,-7.285));
#13792=VECTOR('',#15520,3.0);
#13793=CARTESIAN_POINT('',(1.82,0.949,-6.645));
#13794=CARTESIAN_POINT('',(1.82,0.949,-4.285));
#13795=VECTOR('',#15521,2.36);
#13796=CARTESIAN_POINT('',(1.82,-6.12,-6.645));
#13797=CARTESIAN_POINT('',(1.82,0.949,-6.645));
#13798=VECTOR('',#15522,7.069);
#13799=CARTESIAN_POINT('',(1.82,-6.12,-6.645));
#13800=VECTOR('',#15523,0.64);
#13801=CARTESIAN_POINT('',(1.82,-6.12,-3.655));
#13802=VECTOR('',#15524,0.63);
#13803=CARTESIAN_POINT('',(1.18,0.32,-4.955));
#13804=CARTESIAN_POINT('',(1.82,0.32,-4.955));
#13805=VECTOR('',#15525,0.64);
#13806=CARTESIAN_POINT('',(1.18,0.32,-4.955));
#13807=VECTOR('',#15526,0.67);
#13808=CARTESIAN_POINT('',(1.18,0.32,-3.655));
#13809=CARTESIAN_POINT('',(1.18,0.32,-4.285));
#13810=VECTOR('',#15527,0.63);
#13811=CARTESIAN_POINT('',(1.82,0.32,-3.655));
#13812=CARTESIAN_POINT('',(1.18,0.32,-3.655));
#13813=VECTOR('',#15528,0.64);
#13814=CARTESIAN_POINT('',(1.82,0.32,-3.655));
#13815=VECTOR('',#15529,0.63);
#13816=CARTESIAN_POINT('',(1.82,-1.18,-3.655));
#13817=CARTESIAN_POINT('',(1.82,-1.18,-3.655));
#13818=VECTOR('',#15530,0.63);
#13819=CARTESIAN_POINT('',(1.82,-0.32,-3.655));
#13820=CARTESIAN_POINT('',(1.82,-0.32,-3.655));
#13821=VECTOR('',#15531,0.86);
#13822=CARTESIAN_POINT('',(1.82,-0.32,-3.655));
#13823=VECTOR('',#15532,0.63);
#13824=CARTESIAN_POINT('',(1.82,1.589,-3.655));
#13825=CARTESIAN_POINT('',(1.82,1.589,-3.655));
#13826=VECTOR('',#15533,0.63);
#13827=CARTESIAN_POINT('',(1.82,3.175,-3.655));
#13828=VECTOR('',#15534,1.586);
#13829=CARTESIAN_POINT('',(1.82,0.949,-3.655));
#13830=CARTESIAN_POINT('',(1.82,0.949,-3.655));
#13831=VECTOR('',#15535,0.63);
#13832=CARTESIAN_POINT('',(1.82,0.949,-3.655));
#13833=VECTOR('',#15536,0.629);
#13834=CARTESIAN_POINT('',(1.18,-0.32,-3.655));
#13835=CARTESIAN_POINT('',(1.18,-0.32,-3.655));
#13836=VECTOR('',#15537,0.64);
#13837=CARTESIAN_POINT('',(1.18,-0.32,-4.285));
#13838=VECTOR('',#15538,0.63);
#13839=CARTESIAN_POINT('',(1.18,-0.32,-4.955));
#13840=CARTESIAN_POINT('',(1.18,-0.32,-4.285));
#13841=VECTOR('',#15539,0.67);
#13842=CARTESIAN_POINT('',(1.82,-0.32,-4.955));
#13843=VECTOR('',#15540,0.64);
#13844=CARTESIAN_POINT('',(1.18,-0.32,-4.955));
#13845=VECTOR('',#15541,0.64);
#13846=CARTESIAN_POINT('',(1.18,1.82,1.555));
#13847=CARTESIAN_POINT('',(1.18,1.82,-1.645));
#13848=VECTOR('',#15542,3.2);
#13849=CARTESIAN_POINT('',(1.18,1.18,1.555));
#13850=CARTESIAN_POINT('',(1.18,1.18,1.555));
#13851=VECTOR('',#15543,3.2);
#13852=CARTESIAN_POINT('',(1.18,1.18,1.555));
#13853=VECTOR('',#15544,0.64);
#13854=CARTESIAN_POINT('',(1.18,-1.18,1.555));
#13855=CARTESIAN_POINT('',(1.18,-1.18,-1.645));
#13856=VECTOR('',#15545,3.2);
#13857=CARTESIAN_POINT('',(1.18,-1.82,1.555));
#13858=CARTESIAN_POINT('',(1.18,-1.82,1.555));
#13859=VECTOR('',#15546,3.2);
#13860=CARTESIAN_POINT('',(1.18,-1.82,1.555));
#13861=VECTOR('',#15547,0.64);
#13862=CARTESIAN_POINT('',(1.18,0.949,-6.645));
#13863=CARTESIAN_POINT('',(1.18,-6.12,-6.645));
#13864=CARTESIAN_POINT('',(1.18,0.949,-6.645));
#13865=VECTOR('',#15548,7.069);
#13866=CARTESIAN_POINT('',(1.18,0.949,-4.285));
#13867=VECTOR('',#15549,2.36);
#13868=CARTESIAN_POINT('',(1.18,1.589,-7.285));
#13869=CARTESIAN_POINT('',(1.18,1.589,-7.285));
#13870=VECTOR('',#15550,3.0);
#13871=CARTESIAN_POINT('',(1.18,-6.12,-7.285));
#13872=CARTESIAN_POINT('',(1.18,-6.12,-7.285));
#13873=VECTOR('',#15551,7.709);
#13874=CARTESIAN_POINT('',(1.18,-6.12,-7.285));
#13875=VECTOR('',#15552,0.64);
#13876=CARTESIAN_POINT('',(1.18,-6.12,-4.285));
#13877=VECTOR('',#15553,0.63);
#13878=CARTESIAN_POINT('',(1.36,1.36,2.555));
#13879=CARTESIAN_POINT('',(1.36,1.36,2.555));
#13880=VECTOR('',#15554,1.031891467161);
#13881=CARTESIAN_POINT('',(1.36,1.64,2.555));
#13882=CARTESIAN_POINT('',(1.36,1.36,2.555));
#13883=VECTOR('',#15555,0.28);
#13884=CARTESIAN_POINT('',(1.18,1.82,1.555));
#13885=VECTOR('',#15556,1.031891467161);
#13886=CARTESIAN_POINT('',(1.82,1.82,1.555));
#13887=VECTOR('',#15557,0.64);
#13888=CARTESIAN_POINT('',(1.64,1.64,2.555));
#13889=CARTESIAN_POINT('',(1.64,1.64,2.555));
#13890=VECTOR('',#15558,0.28);
#13891=CARTESIAN_POINT('',(1.64,1.64,2.555));
#13892=VECTOR('',#15559,1.031891467161);
#13893=CARTESIAN_POINT('',(1.64,1.36,2.555));
#13894=CARTESIAN_POINT('',(1.82,1.18,1.555));
#13895=VECTOR('',#15560,1.031891467161);
#13896=CARTESIAN_POINT('',(1.64,1.64,2.555));
#13897=VECTOR('',#15561,0.28);
#13898=CARTESIAN_POINT('',(1.64,1.36,2.555));
#13899=VECTOR('',#15562,0.28);
#13900=CARTESIAN_POINT('',(1.82,1.18,1.555));
#13901=VECTOR('',#15563,0.64);
#13902=CARTESIAN_POINT('',(1.36,-1.64,2.555));
#13903=CARTESIAN_POINT('',(1.36,-1.64,2.555));
#13904=VECTOR('',#15564,1.031891467161);
#13905=CARTESIAN_POINT('',(1.36,-1.36,2.555));
#13906=CARTESIAN_POINT('',(1.36,-1.64,2.555));
#13907=VECTOR('',#15565,0.28);
#13908=CARTESIAN_POINT('',(1.36,-1.36,2.555));
#13909=VECTOR('',#15566,1.031891467161);
#13910=CARTESIAN_POINT('',(1.64,-1.36,2.555));
#13911=CARTESIAN_POINT('',(1.64,-1.36,2.555));
#13912=VECTOR('',#15567,0.28);
#13913=CARTESIAN_POINT('',(1.64,-1.36,2.555));
#13914=VECTOR('',#15568,1.031891467161);
#13915=CARTESIAN_POINT('',(1.82,-1.18,1.555));
#13916=VECTOR('',#15569,0.64);
#13917=CARTESIAN_POINT('',(1.18,-1.18,-3.655));
#13918=CARTESIAN_POINT('',(1.18,-1.18,-3.655));
#13919=VECTOR('',#15570,0.64);
#13920=CARTESIAN_POINT('',(1.18,-1.18,-3.655));
#13921=VECTOR('',#15571,0.63);
#13922=CARTESIAN_POINT('',(1.18,-0.32,-3.655));
#13923=VECTOR('',#15572,0.86);
#13924=CARTESIAN_POINT('',(1.18,1.589,-3.655));
#13925=CARTESIAN_POINT('',(1.18,1.589,-4.285));
#13926=VECTOR('',#15573,0.63);
#13927=CARTESIAN_POINT('',(1.18,3.175,-3.655));
#13928=VECTOR('',#15574,1.586);
#13929=CARTESIAN_POINT('',(1.18,0.949,-3.655));
#13930=CARTESIAN_POINT('',(1.18,0.949,-4.285));
#13931=VECTOR('',#15575,0.63);
#13932=CARTESIAN_POINT('',(1.18,0.949,-3.655));
#13933=VECTOR('',#15576,0.629);
#13934=CARTESIAN_POINT('',(1.18,1.589,-3.655));
#13935=VECTOR('',#15577,0.64);
#13936=CARTESIAN_POINT('',(1.18,0.949,-3.655));
#13937=VECTOR('',#15578,0.64);
#13938=CARTESIAN_POINT('',(1.82,1.589,-7.285));
#13939=VECTOR('',#15579,0.64);
#13940=CARTESIAN_POINT('',(1.82,-6.12,-7.285));
#13941=VECTOR('',#15580,0.64);
#13942=CARTESIAN_POINT('',(1.36,-7.12,-7.105));
#13943=CARTESIAN_POINT('',(1.36,-7.12,-7.105));
#13944=VECTOR('',#15581,1.031891467161);
#13945=CARTESIAN_POINT('',(1.64,-7.12,-7.105));
#13946=CARTESIAN_POINT('',(1.82,-6.12,-7.285));
#13947=VECTOR('',#15582,1.031891467161);
#13948=CARTESIAN_POINT('',(1.64,-7.12,-7.105));
#13949=VECTOR('',#15583,0.28);
#13950=CARTESIAN_POINT('',(1.64,-7.12,-6.825));
#13951=CARTESIAN_POINT('',(1.64,-7.12,-6.825));
#13952=VECTOR('',#15584,0.28);
#13953=CARTESIAN_POINT('',(1.36,-7.12,-6.825));
#13954=CARTESIAN_POINT('',(1.64,-7.12,-6.825));
#13955=VECTOR('',#15585,0.28);
#13956=CARTESIAN_POINT('',(1.36,-7.12,-7.105));
#13957=VECTOR('',#15586,0.28);
#13958=CARTESIAN_POINT('',(1.36,-7.12,-6.825));
#13959=VECTOR('',#15587,1.031891467161);
#13960=CARTESIAN_POINT('',(1.64,-7.12,-6.825));
#13961=VECTOR('',#15588,1.031891467161);
#13962=CARTESIAN_POINT('',(1.82,-6.12,-6.645));
#13963=VECTOR('',#15589,0.64);
#13964=CARTESIAN_POINT('',(1.82,0.949,-6.645));
#13965=VECTOR('',#15590,0.64);
#13966=CARTESIAN_POINT('',(1.64,-1.64,2.555));
#13967=CARTESIAN_POINT('',(1.82,-1.82,1.555));
#13968=VECTOR('',#15591,1.031891467161);
#13969=CARTESIAN_POINT('',(1.64,-1.36,2.555));
#13970=VECTOR('',#15592,0.28);
#13971=CARTESIAN_POINT('',(1.64,-1.64,2.555));
#13972=VECTOR('',#15593,0.28);
#13973=CARTESIAN_POINT('',(1.82,-1.82,1.555));
#13974=VECTOR('',#15594,0.64);
#13975=CARTESIAN_POINT('',(1.36,-7.12,-4.105));
#13976=CARTESIAN_POINT('',(1.36,-7.12,-4.105));
#13977=VECTOR('',#15595,1.031891467161);
#13978=CARTESIAN_POINT('',(1.36,-7.12,-3.825));
#13979=CARTESIAN_POINT('',(1.36,-7.12,-4.105));
#13980=VECTOR('',#15596,0.28);
#13981=CARTESIAN_POINT('',(1.36,-7.12,-3.825));
#13982=VECTOR('',#15597,0.97456416343);
#13983=CARTESIAN_POINT('',(1.64,-7.12,-3.825));
#13984=CARTESIAN_POINT('',(1.64,-7.12,-3.825));
#13985=VECTOR('',#15598,0.28);
#13986=CARTESIAN_POINT('',(1.64,-7.12,-3.825));
#13987=VECTOR('',#15599,0.97456416343);
#13988=CARTESIAN_POINT('',(1.64,-7.12,-4.105));
#13989=CARTESIAN_POINT('',(1.64,-7.12,-3.825));
#13990=VECTOR('',#15600,0.28);
#13991=CARTESIAN_POINT('',(1.82,-6.12,-4.285));
#13992=VECTOR('',#15601,1.031891467161);
#13993=CARTESIAN_POINT('',(1.64,-7.12,-4.105));
#13994=VECTOR('',#15602,0.28);
#13995=CARTESIAN_POINT('',(-1.36,-7.12,-3.825));
#13996=CARTESIAN_POINT('',(-1.36,-7.12,-3.825));
#13997=VECTOR('',#15603,0.97456416343);
#13998=CARTESIAN_POINT('',(-1.36,-7.12,-4.105));
#13999=CARTESIAN_POINT('',(-1.36,-7.12,-3.825));
#14000=VECTOR('',#15604,0.28);
#14001=CARTESIAN_POINT('',(-1.18,-6.12,-4.285));
#14002=VECTOR('',#15605,1.031891467161);
#14003=CARTESIAN_POINT('',(-1.64,-7.12,-4.105));
#14004=CARTESIAN_POINT('',(-1.36,-7.12,-4.105));
#14005=VECTOR('',#15606,0.28);
#14006=CARTESIAN_POINT('',(-1.64,-7.12,-4.105));
#14007=VECTOR('',#15607,1.031891467161);
#14008=CARTESIAN_POINT('',(-1.64,-7.12,-3.825));
#14009=CARTESIAN_POINT('',(-1.64,-7.12,-4.105));
#14010=VECTOR('',#15608,0.28);
#14011=CARTESIAN_POINT('',(-1.64,-7.12,-3.825));
#14012=VECTOR('',#15609,0.97456416343);
#14013=CARTESIAN_POINT('',(-1.36,-7.12,-3.825));
#14014=VECTOR('',#15610,0.28);
#14015=CARTESIAN_POINT('',(-4.36,-7.12,-3.825));
#14016=CARTESIAN_POINT('',(-4.36,-7.12,-3.825));
#14017=VECTOR('',#15611,0.97456416343);
#14018=CARTESIAN_POINT('',(-4.36,-7.12,-4.105));
#14019=CARTESIAN_POINT('',(-4.36,-7.12,-3.825));
#14020=VECTOR('',#15612,0.28);
#14021=CARTESIAN_POINT('',(-4.18,-6.12,-4.285));
#14022=VECTOR('',#15613,1.031891467161);
#14023=CARTESIAN_POINT('',(-4.64,-7.12,-4.105));
#14024=CARTESIAN_POINT('',(-4.36,-7.12,-4.105));
#14025=VECTOR('',#15614,0.28);
#14026=CARTESIAN_POINT('',(-4.64,-7.12,-4.105));
#14027=VECTOR('',#15615,1.031891467161);
#14028=CARTESIAN_POINT('',(-4.64,-7.12,-3.825));
#14029=CARTESIAN_POINT('',(-4.64,-7.12,-4.105));
#14030=VECTOR('',#15616,0.28);
#14031=CARTESIAN_POINT('',(-4.64,-7.12,-3.825));
#14032=VECTOR('',#15617,0.97456416343);
#14033=CARTESIAN_POINT('',(-4.36,-7.12,-3.825));
#14034=VECTOR('',#15618,0.28);
#14035=CARTESIAN_POINT('',(9.325,3.43,-3.205));
#14036=VECTOR('',#15619,0.255);
#14037=CARTESIAN_POINT('',(7.18,1.589,-7.285));
#14038=CARTESIAN_POINT('',(7.82,1.589,-7.285));
#14039=VECTOR('',#15620,0.64);
#14040=CARTESIAN_POINT('',(7.18,1.589,-7.285));
#14041=VECTOR('',#15621,3.0);
#14042=CARTESIAN_POINT('',(7.18,-0.32,-4.955));
#14043=CARTESIAN_POINT('',(7.18,-0.32,-4.955));
#14044=VECTOR('',#15622,0.64);
#14045=CARTESIAN_POINT('',(7.18,-0.32,-4.285));
#14046=VECTOR('',#15623,0.67);
#14047=CARTESIAN_POINT('',(7.18,1.82,1.555));
#14048=CARTESIAN_POINT('',(7.18,1.82,-1.645));
#14049=VECTOR('',#15624,3.2);
#14050=CARTESIAN_POINT('',(7.18,1.18,1.555));
#14051=CARTESIAN_POINT('',(7.18,1.18,1.555));
#14052=VECTOR('',#15625,3.2);
#14053=CARTESIAN_POINT('',(7.18,1.18,1.555));
#14054=VECTOR('',#15626,0.64);
#14055=CARTESIAN_POINT('',(7.18,-1.18,1.555));
#14056=CARTESIAN_POINT('',(7.18,-1.18,-1.645));
#14057=VECTOR('',#15627,3.2);
#14058=CARTESIAN_POINT('',(7.18,-1.82,1.555));
#14059=CARTESIAN_POINT('',(7.18,-1.82,1.555));
#14060=VECTOR('',#15628,3.2);
#14061=CARTESIAN_POINT('',(7.18,-1.82,1.555));
#14062=VECTOR('',#15629,0.64);
#14063=CARTESIAN_POINT('',(7.18,0.949,-6.645));
#14064=CARTESIAN_POINT('',(7.18,-6.12,-6.645));
#14065=CARTESIAN_POINT('',(7.18,0.949,-6.645));
#14066=VECTOR('',#15630,7.069);
#14067=CARTESIAN_POINT('',(7.18,0.949,-4.285));
#14068=VECTOR('',#15631,2.36);
#14069=CARTESIAN_POINT('',(7.18,-6.12,-7.285));
#14070=CARTESIAN_POINT('',(7.18,-6.12,-7.285));
#14071=VECTOR('',#15632,7.709);
#14072=CARTESIAN_POINT('',(7.18,-6.12,-7.285));
#14073=VECTOR('',#15633,0.64);
#14074=CARTESIAN_POINT('',(7.18,-6.12,-3.645));
#14075=CARTESIAN_POINT('',(7.18,-3.43,-3.645));
#14076=VECTOR('',#15634,2.69);
#14077=CARTESIAN_POINT('',(7.18,-6.12,-4.285));
#14078=VECTOR('',#15635,0.64);
#14079=CARTESIAN_POINT('',(7.82,-0.32,-4.955));
#14080=VECTOR('',#15636,0.64);
#14081=CARTESIAN_POINT('',(7.36,1.36,2.555));
#14082=CARTESIAN_POINT('',(7.36,1.36,2.555));
#14083=VECTOR('',#15637,1.031891467161);
#14084=CARTESIAN_POINT('',(7.36,1.64,2.555));
#14085=CARTESIAN_POINT('',(7.36,1.36,2.555));
#14086=VECTOR('',#15638,0.28);
#14087=CARTESIAN_POINT('',(7.18,1.82,1.555));
#14088=VECTOR('',#15639,1.031891467161);
#14089=CARTESIAN_POINT('',(7.82,1.82,1.555));
#14090=VECTOR('',#15640,0.64);
#14091=CARTESIAN_POINT('',(7.64,1.64,2.555));
#14092=CARTESIAN_POINT('',(7.64,1.64,2.555));
#14093=VECTOR('',#15641,0.28);
#14094=CARTESIAN_POINT('',(7.64,1.64,2.555));
#14095=VECTOR('',#15642,1.031891467161);
#14096=CARTESIAN_POINT('',(7.64,1.36,2.555));
#14097=CARTESIAN_POINT('',(7.82,1.18,1.555));
#14098=VECTOR('',#15643,1.031891467161);
#14099=CARTESIAN_POINT('',(7.64,1.64,2.555));
#14100=VECTOR('',#15644,0.28);
#14101=CARTESIAN_POINT('',(7.64,1.36,2.555));
#14102=VECTOR('',#15645,0.28);
#14103=CARTESIAN_POINT('',(7.82,1.18,1.555));
#14104=VECTOR('',#15646,0.64);
#14105=CARTESIAN_POINT('',(7.36,-1.64,2.555));
#14106=CARTESIAN_POINT('',(7.36,-1.64,2.555));
#14107=VECTOR('',#15647,1.031891467161);
#14108=CARTESIAN_POINT('',(7.36,-1.36,2.555));
#14109=CARTESIAN_POINT('',(7.36,-1.64,2.555));
#14110=VECTOR('',#15648,0.28);
#14111=CARTESIAN_POINT('',(7.36,-1.36,2.555));
#14112=VECTOR('',#15649,1.031891467161);
#14113=CARTESIAN_POINT('',(7.64,-1.36,2.555));
#14114=CARTESIAN_POINT('',(7.64,-1.36,2.555));
#14115=VECTOR('',#15650,0.28);
#14116=CARTESIAN_POINT('',(7.64,-1.36,2.555));
#14117=VECTOR('',#15651,1.031891467161);
#14118=CARTESIAN_POINT('',(7.82,-1.18,1.555));
#14119=VECTOR('',#15652,0.64);
#14120=CARTESIAN_POINT('',(7.64,-1.64,2.555));
#14121=CARTESIAN_POINT('',(7.82,-1.82,1.555));
#14122=VECTOR('',#15653,1.031891467161);
#14123=CARTESIAN_POINT('',(7.64,-1.36,2.555));
#14124=VECTOR('',#15654,0.28);
#14125=CARTESIAN_POINT('',(7.64,-1.64,2.555));
#14126=VECTOR('',#15655,0.28);
#14127=CARTESIAN_POINT('',(7.82,-1.82,1.555));
#14128=VECTOR('',#15656,0.64);
#14129=CARTESIAN_POINT('',(7.36,-7.12,-7.105));
#14130=CARTESIAN_POINT('',(7.36,-7.12,-7.105));
#14131=VECTOR('',#15657,1.031891467161);
#14132=CARTESIAN_POINT('',(7.36,-7.12,-6.825));
#14133=CARTESIAN_POINT('',(7.36,-7.12,-7.105));
#14134=VECTOR('',#15658,0.28);
#14135=CARTESIAN_POINT('',(7.36,-7.12,-6.825));
#14136=VECTOR('',#15659,1.031891467161);
#14137=CARTESIAN_POINT('',(7.64,-7.12,-6.825));
#14138=CARTESIAN_POINT('',(7.64,-7.12,-6.825));
#14139=VECTOR('',#15660,0.28);
#14140=CARTESIAN_POINT('',(7.64,-7.12,-6.825));
#14141=VECTOR('',#15661,1.031891467161);
#14142=CARTESIAN_POINT('',(7.82,-6.12,-6.645));
#14143=VECTOR('',#15662,0.64);
#14144=CARTESIAN_POINT('',(7.82,0.949,-6.645));
#14145=VECTOR('',#15663,0.64);
#14146=CARTESIAN_POINT('',(7.64,-7.12,-7.105));
#14147=CARTESIAN_POINT('',(7.82,-6.12,-7.285));
#14148=VECTOR('',#15664,1.031891467161);
#14149=CARTESIAN_POINT('',(7.64,-7.12,-6.825));
#14150=VECTOR('',#15665,0.28);
#14151=CARTESIAN_POINT('',(7.64,-7.12,-7.105));
#14152=VECTOR('',#15666,0.28);
#14153=CARTESIAN_POINT('',(7.82,-6.12,-7.285));
#14154=VECTOR('',#15667,0.64);
#14155=CARTESIAN_POINT('',(7.36,-7.12,-4.105));
#14156=CARTESIAN_POINT('',(7.36,-7.12,-4.105));
#14157=VECTOR('',#15668,1.031891467161);
#14158=CARTESIAN_POINT('',(7.36,-7.12,-3.825));
#14159=CARTESIAN_POINT('',(7.36,-7.12,-4.105));
#14160=VECTOR('',#15669,0.28);
#14161=CARTESIAN_POINT('',(7.36,-7.12,-3.825));
#14162=VECTOR('',#15670,1.031891467161);
#14163=CARTESIAN_POINT('',(7.64,-7.12,-3.825));
#14164=CARTESIAN_POINT('',(7.64,-7.12,-3.825));
#14165=VECTOR('',#15671,0.28);
#14166=CARTESIAN_POINT('',(7.64,-7.12,-3.825));
#14167=VECTOR('',#15672,1.031891467161);
#14168=CARTESIAN_POINT('',(7.82,-6.12,-3.645));
#14169=VECTOR('',#15673,0.64);
#14170=CARTESIAN_POINT('',(7.64,-7.12,-4.105));
#14171=CARTESIAN_POINT('',(7.82,-6.12,-4.285));
#14172=VECTOR('',#15674,1.031891467161);
#14173=CARTESIAN_POINT('',(7.64,-7.12,-3.825));
#14174=VECTOR('',#15675,0.28);
#14175=CARTESIAN_POINT('',(7.64,-7.12,-4.105));
#14176=VECTOR('',#15676,0.28);
#14177=CARTESIAN_POINT('',(-7.18,-1.18,1.555));
#14178=VECTOR('',#15677,0.64);
#14179=CARTESIAN_POINT('',(-7.64,-1.36,2.555));
#14180=CARTESIAN_POINT('',(-7.64,-1.36,2.555));
#14181=VECTOR('',#15678,1.031891467161);
#14182=CARTESIAN_POINT('',(-7.36,-1.36,2.555));
#14183=CARTESIAN_POINT('',(-7.36,-1.36,2.555));
#14184=VECTOR('',#15679,0.28);
#14185=CARTESIAN_POINT('',(-7.36,-1.36,2.555));
#14186=VECTOR('',#15680,1.031891467161);
#14187=CARTESIAN_POINT('',(-7.36,-1.64,2.555));
#14188=CARTESIAN_POINT('',(-7.36,-1.36,2.555));
#14189=VECTOR('',#15681,0.28);
#14190=CARTESIAN_POINT('',(-7.18,-1.82,1.555));
#14191=VECTOR('',#15682,1.031891467161);
#14192=CARTESIAN_POINT('',(-7.64,-1.64,2.555));
#14193=CARTESIAN_POINT('',(-7.36,-1.64,2.555));
#14194=VECTOR('',#15683,0.28);
#14195=CARTESIAN_POINT('',(-7.64,-1.64,2.555));
#14196=VECTOR('',#15684,1.031891467161);
#14197=CARTESIAN_POINT('',(-7.18,-1.82,1.555));
#14198=VECTOR('',#15685,0.64);
#14199=CARTESIAN_POINT('',(-7.64,-1.64,2.555));
#14200=VECTOR('',#15686,0.28);
#14201=CARTESIAN_POINT('',(-7.18,1.82,1.555));
#14202=VECTOR('',#15687,0.64);
#14203=CARTESIAN_POINT('',(-7.64,1.64,2.555));
#14204=CARTESIAN_POINT('',(-7.64,1.64,2.555));
#14205=VECTOR('',#15688,1.031891467161);
#14206=CARTESIAN_POINT('',(-7.36,1.64,2.555));
#14207=CARTESIAN_POINT('',(-7.36,1.64,2.555));
#14208=VECTOR('',#15689,0.28);
#14209=CARTESIAN_POINT('',(-7.36,1.64,2.555));
#14210=VECTOR('',#15690,1.031891467161);
#14211=CARTESIAN_POINT('',(-7.36,1.36,2.555));
#14212=CARTESIAN_POINT('',(-7.36,1.64,2.555));
#14213=VECTOR('',#15691,0.28);
#14214=CARTESIAN_POINT('',(-7.18,1.18,1.555));
#14215=VECTOR('',#15692,1.031891467161);
#14216=CARTESIAN_POINT('',(-7.64,1.36,2.555));
#14217=CARTESIAN_POINT('',(-7.36,1.36,2.555));
#14218=VECTOR('',#15693,0.28);
#14219=CARTESIAN_POINT('',(-7.64,1.36,2.555));
#14220=VECTOR('',#15694,1.031891467161);
#14221=CARTESIAN_POINT('',(-7.18,1.18,1.555));
#14222=VECTOR('',#15695,0.64);
#14223=CARTESIAN_POINT('',(-7.64,1.36,2.555));
#14224=VECTOR('',#15696,0.28);
#14225=CARTESIAN_POINT('',(-7.18,-6.12,-3.645));
#14226=VECTOR('',#15697,0.64);
#14227=CARTESIAN_POINT('',(-7.64,-7.12,-3.825));
#14228=CARTESIAN_POINT('',(-7.64,-7.12,-3.825));
#14229=VECTOR('',#15698,1.031891467161);
#14230=CARTESIAN_POINT('',(-7.36,-7.12,-3.825));
#14231=CARTESIAN_POINT('',(-7.36,-7.12,-3.825));
#14232=VECTOR('',#15699,0.28);
#14233=CARTESIAN_POINT('',(-7.36,-7.12,-3.825));
#14234=VECTOR('',#15700,1.031891467161);
#14235=CARTESIAN_POINT('',(-7.36,-7.12,-4.105));
#14236=CARTESIAN_POINT('',(-7.36,-7.12,-3.825));
#14237=VECTOR('',#15701,0.28);
#14238=CARTESIAN_POINT('',(-7.36,-7.12,-4.105));
#14239=VECTOR('',#15702,1.031891467161);
#14240=CARTESIAN_POINT('',(-7.64,-7.12,-4.105));
#14241=CARTESIAN_POINT('',(-7.36,-7.12,-4.105));
#14242=VECTOR('',#15703,0.28);
#14243=CARTESIAN_POINT('',(-7.64,-7.12,-4.105));
#14244=VECTOR('',#15704,1.031891467161);
#14245=CARTESIAN_POINT('',(-7.64,-7.12,-4.105));
#14246=VECTOR('',#15705,0.28);
#14247=CARTESIAN_POINT('',(-9.825,-3.94,-3.355));
#14248=CARTESIAN_POINT('',(-9.825,-3.94,-3.355));
#14249=VECTOR('',#15706,1.6);
#14250=CARTESIAN_POINT('',(-9.825,-3.94,-3.355));
#14251=VECTOR('',#15707,0.51);
#14252=CARTESIAN_POINT('',(9.805,-3.94,-3.355));
#14253=CARTESIAN_POINT('',(9.805,-3.94,-3.355));
#14254=VECTOR('',#15708,1.27);
#14255=CARTESIAN_POINT('',(10.825,-3.05,-3.355));
#14256=VECTOR('',#15709,1.088485185935);
#14257=CARTESIAN_POINT('',(9.805,-3.94,-3.355));
#14258=VECTOR('',#15710,0.51);
#14259=CARTESIAN_POINT('',(-9.805,-3.43,-3.355));
#14260=VECTOR('',#15711,1.088485185935);
#14261=CARTESIAN_POINT('',(-11.075,-3.94,-3.355));
#14262=CARTESIAN_POINT('',(-11.075,3.43,-3.355));
#14263=VECTOR('',#15712,7.37);
#14264=CARTESIAN_POINT('',(-11.075,-3.94,-3.355));
#14265=VECTOR('',#15713,1.25);
#14266=CARTESIAN_POINT('',(9.805,-3.94,-3.355));
#14267=VECTOR('',#15714,1.6);
#14268=CARTESIAN_POINT('',(-11.075,-3.94,-4.955));
#14269=VECTOR('',#15715,1.6);
#14270=CARTESIAN_POINT('',(-11.075,1.0,-3.685));
#14271=CARTESIAN_POINT('',(-11.075,1.0,-4.285));
#14272=VECTOR('',#15716,0.6);
#14273=CARTESIAN_POINT('',(-11.075,-1.0,-3.685));
#14274=CARTESIAN_POINT('',(-11.075,1.0,-3.685));
#14275=VECTOR('',#15717,2.0);
#14276=CARTESIAN_POINT('',(-11.075,-1.0,-3.685));
#14277=VECTOR('',#15718,0.6);
#14278=CARTESIAN_POINT('',(-9.825,-1.0,-3.685));
#14279=CARTESIAN_POINT('',(-11.075,-1.0,-3.685));
#14280=VECTOR('',#15719,1.25);
#14281=CARTESIAN_POINT('',(-9.825,-1.0,-3.685));
#14282=VECTOR('',#15720,0.6);
#14283=CARTESIAN_POINT('',(-9.825,1.0,-3.685));
#14284=CARTESIAN_POINT('',(-9.825,1.0,-3.685));
#14285=VECTOR('',#15721,2.0);
#14286=CARTESIAN_POINT('',(-9.825,1.0,-4.285));
#14287=VECTOR('',#15722,0.6);
#14288=CARTESIAN_POINT('',(-11.075,1.0,-3.685));
#14289=VECTOR('',#15723,1.25);
#14290=CARTESIAN_POINT('',(-7.18,0.949,-6.645));
#14291=VECTOR('',#15724,0.64);
#14292=CARTESIAN_POINT('',(-7.18,-6.12,-6.645));
#14293=VECTOR('',#15725,0.64);
#14294=CARTESIAN_POINT('',(-7.64,-7.12,-6.825));
#14295=CARTESIAN_POINT('',(-7.64,-7.12,-6.825));
#14296=VECTOR('',#15726,1.031891467161);
#14297=CARTESIAN_POINT('',(-7.36,-7.12,-6.825));
#14298=CARTESIAN_POINT('',(-7.36,-7.12,-6.825));
#14299=VECTOR('',#15727,0.28);
#14300=CARTESIAN_POINT('',(-7.36,-7.12,-6.825));
#14301=VECTOR('',#15728,1.031891467161);
#14302=CARTESIAN_POINT('',(-7.36,-7.12,-7.105));
#14303=CARTESIAN_POINT('',(-7.36,-7.12,-6.825));
#14304=VECTOR('',#15729,0.28);
#14305=CARTESIAN_POINT('',(-7.18,-6.12,-7.285));
#14306=VECTOR('',#15730,1.031891467161);
#14307=CARTESIAN_POINT('',(-7.64,-7.12,-7.105));
#14308=CARTESIAN_POINT('',(-7.36,-7.12,-7.105));
#14309=VECTOR('',#15731,0.28);
#14310=CARTESIAN_POINT('',(-7.64,-7.12,-7.105));
#14311=VECTOR('',#15732,1.031891467161);
#14312=CARTESIAN_POINT('',(-7.18,-6.12,-7.285));
#14313=VECTOR('',#15733,0.64);
#14314=CARTESIAN_POINT('',(-7.64,-7.12,-7.105));
#14315=VECTOR('',#15734,0.28);
#14316=CARTESIAN_POINT('',(9.825,-1.0,-3.685));
#14317=CARTESIAN_POINT('',(9.825,-1.0,-3.685));
#14318=VECTOR('',#15735,0.6);
#14319=CARTESIAN_POINT('',(11.075,-1.0,-3.685));
#14320=VECTOR('',#15736,1.25);
#14321=CARTESIAN_POINT('',(9.825,1.0,-3.685));
#14322=CARTESIAN_POINT('',(9.825,1.0,-3.685));
#14323=VECTOR('',#15737,2.0);
#14324=CARTESIAN_POINT('',(11.075,1.0,-3.685));
#14325=VECTOR('',#15738,1.25);
#14326=CARTESIAN_POINT('',(9.825,1.0,-4.285));
#14327=VECTOR('',#15739,0.6);
#14328=CARTESIAN_POINT('',(-9.440323739038,1.1,3.305));
#14329=VECTOR('',#15740,1.384676260962);
#14330=CARTESIAN_POINT('',(-10.825,1.1,-0.195));
#14331=VECTOR('',#15741,1.384838130481);
#14332=CARTESIAN_POINT('',(10.825,1.1,-0.195));
#14333=VECTOR('',#15742,1.384838130481);
#14334=CARTESIAN_POINT('',(10.775,-2.2,2.805));
#14335=CARTESIAN_POINT('',(10.825,-2.2,2.805));
#14336=VECTOR('',#15743,0.05);
#14337=CARTESIAN_POINT('',(10.775,-2.2,1.605));
#14338=CARTESIAN_POINT('',(10.775,-2.2,1.605));
#14339=VECTOR('',#15744,1.2);
#14340=CARTESIAN_POINT('',(10.825,-2.2,1.605));
#14341=VECTOR('',#15745,0.05);
#14342=CARTESIAN_POINT('',(10.775,-2.35,1.605));
#14343=CARTESIAN_POINT('',(10.775,-2.35,1.605));
#14344=VECTOR('',#15746,0.15);
#14345=CARTESIAN_POINT('',(10.825,-2.35,1.605));
#14346=VECTOR('',#15747,0.05);
#14347=CARTESIAN_POINT('',(10.775,-2.35,2.6007447052));
#14348=CARTESIAN_POINT('',(10.775,-2.35,2.6007447052));
#14349=VECTOR('',#15748,0.9957447052002);
#14350=CARTESIAN_POINT('',(10.825,-2.35,2.6007447052));
#14351=VECTOR('',#15749,0.05);
#14352=CARTESIAN_POINT('',(10.775,-2.5,2.422021250725));
#14353=CARTESIAN_POINT('',(10.775,-2.5,2.422021250725));
#14354=VECTOR('',#15750,0.2333282519962);
#14355=CARTESIAN_POINT('',(10.825,-2.5,2.422021250725));
#14356=VECTOR('',#15751,0.05);
#14357=CARTESIAN_POINT('',(10.775,-2.5,2.62627661705));
#14358=CARTESIAN_POINT('',(10.775,-2.5,2.62627661705));
#14359=VECTOR('',#15752,0.2042553663254);
#14360=CARTESIAN_POINT('',(10.825,-2.5,2.62627661705));
#14361=VECTOR('',#15753,0.05);
#14362=CARTESIAN_POINT('',(10.775,-2.35,2.805));
#14363=CARTESIAN_POINT('',(10.775,-2.35,2.805));
#14364=VECTOR('',#15754,0.2333281972095);
#14365=CARTESIAN_POINT('',(10.825,-2.35,2.805));
#14366=VECTOR('',#15755,0.05);
#14367=CARTESIAN_POINT('',(10.775,-2.2,2.805));
#14368=VECTOR('',#15756,0.15);
#14369=CARTESIAN_POINT('',(10.14048560856,-0.4,-2.695));
#14370=VECTOR('',#15757,0.1);
#14371=CARTESIAN_POINT('',(10.14048560856,0.4,-2.695));
#14372=VECTOR('',#15758,0.1);
#14373=CARTESIAN_POINT('',(9.840485608557,0.4,-2.695));
#14374=VECTOR('',#15759,0.1);
#14375=CARTESIAN_POINT('',(-9.840485608557,-0.4,-2.695));
#14376=VECTOR('',#15760,0.1);
#14377=CARTESIAN_POINT('',(-10.14048560856,-0.4,-2.695));
#14378=VECTOR('',#15761,0.1);
#14379=CARTESIAN_POINT('',(-10.14048560856,0.4,-2.695));
#14380=VECTOR('',#15762,0.1);
#14381=DIRECTION('',(0.0,1.0,0.0));
#14382=DIRECTION('',(0.0,0.0,-1.0));
#14383=DIRECTION('',(0.0,1.0,0.0));
#14384=DIRECTION('',(0.0,0.0,1.0));
#14385=DIRECTION('',(0.0,1.0,0.0));
#14386=DIRECTION('',(0.0,0.0,-1.0));
#14387=DIRECTION('',(0.0,1.0,0.0));
#14388=DIRECTION('',(0.0,-1.0,0.0));
#14389=DIRECTION('',(0.0,0.0,1.0));
#14390=DIRECTION('',(0.0,1.0,0.0));
#14391=DIRECTION('',(0.0,0.0,-1.0));
#14392=DIRECTION('',(0.0,-1.0,0.0));
#14393=DIRECTION('',(0.0,1.0,0.0));
#14394=DIRECTION('',(0.0,0.0,-1.0));
#14395=DIRECTION('',(-1.0,0.0,0.0));
#14396=DIRECTION('',(4.62484339970419E-05,0.0,-0.999999998930541));
#14397=DIRECTION('',(1.0,0.0,0.0));
#14398=DIRECTION('',(0.0,1.0,0.0));
#14399=DIRECTION('',(1.0,0.0,0.0));
#14400=DIRECTION('',(-0.000124515013776001,0.0,-0.999999992248006));
#14401=DIRECTION('',(1.0,0.0,0.0));
#14402=DIRECTION('',(0.0,0.0,-1.0));
#14403=DIRECTION('',(1.0,0.0,0.0));
#14404=DIRECTION('',(1.0,0.0,0.0));
#14405=DIRECTION('',(0.0,1.0,0.0));
#14406=DIRECTION('',(1.0,0.0,0.0));
#14407=DIRECTION('',(0.0,-1.0,0.0));
#14408=DIRECTION('',(-1.0,0.0,0.0));
#14409=DIRECTION('',(0.0,-1.0,0.0));
#14410=DIRECTION('',(0.0,0.0,-1.0));
#14411=DIRECTION('',(0.0,-1.0,0.0));
#14412=DIRECTION('',(0.0,0.0,-1.0));
#14413=DIRECTION('',(1.0,0.0,0.0));
#14414=DIRECTION('',(-1.0,0.0,0.0));
#14415=DIRECTION('',(-0.000124515013776001,0.0,-0.999999992248006));
#14416=DIRECTION('',(-0.000123564517502901,-0.999999992365905,0.0));
#14417=DIRECTION('',(0.0,0.0,-1.0));
#14418=DIRECTION('',(0.0,1.0,0.0));
#14419=DIRECTION('',(0.0,0.0,-1.0));
#14420=DIRECTION('',(0.000102449062224699,-0.999999994752095,0.0));
#14421=DIRECTION('',(-4.62484339970419E-05,0.0,0.999999998930541));
#14422=DIRECTION('',(0.0,1.0,0.0));
#14423=DIRECTION('',(0.0,1.0,0.0));
#14424=DIRECTION('',(0.0,-1.0,0.0));
#14425=DIRECTION('',(1.0,0.0,0.0));
#14426=DIRECTION('',(0.0,1.0,0.0));
#14427=DIRECTION('',(1.0,0.0,0.0));
#14428=DIRECTION('',(0.0,1.0,0.0));
#14429=DIRECTION('',(-1.0,0.0,0.0));
#14430=DIRECTION('',(1.015061051086E-14,1.0,0.0));
#14431=DIRECTION('',(-1.0,0.0,0.0));
#14432=DIRECTION('',(-1.0,0.0,0.0));
#14433=DIRECTION('',(0.0,-1.0,0.0));
#14434=DIRECTION('',(1.0,0.0,0.0));
#14435=DIRECTION('',(0.0,-1.0,0.0));
#14436=DIRECTION('',(0.0,0.0,1.0));
#14437=DIRECTION('',(-1.0,0.0,0.0));
#14438=DIRECTION('',(0.000124515013776001,0.0,-0.999999992248006));
#14439=DIRECTION('',(0.0,0.0,-1.0));
#14440=DIRECTION('',(-1.0,0.0,0.0));
#14441=DIRECTION('',(-1.0,0.0,0.0));
#14442=DIRECTION('',(0.0,1.0,0.0));
#14443=DIRECTION('',(0.0,-1.0,0.0));
#14444=DIRECTION('',(-1.0,0.0,0.0));
#14445=DIRECTION('',(0.0,1.0,0.0));
#14446=DIRECTION('',(1.0,0.0,0.0));
#14447=DIRECTION('',(0.0,1.0,0.0));
#14448=DIRECTION('',(0.0,0.0,-1.0));
#14449=DIRECTION('',(0.0,0.0,-1.0));
#14450=DIRECTION('',(-1.0,0.0,0.0));
#14451=DIRECTION('',(0.0,0.0,-1.0));
#14452=DIRECTION('',(0.000124515013776001,0.0,-0.999999992248006));
#14453=DIRECTION('',(0.0,1.0,0.0));
#14454=DIRECTION('',(4.62484339970419E-05,0.0,0.999999998930541));
#14455=DIRECTION('',(-0.000102449062224699,-0.999999994752095,0.0));
#14456=DIRECTION('',(0.0,0.0,1.0));
#14457=DIRECTION('',(0.0,1.0,0.0));
#14458=DIRECTION('',(0.0,0.0,1.0));
#14459=DIRECTION('',(0.000123564517502901,-0.999999992365905,0.0));
#14460=DIRECTION('',(-4.62484339970419E-05,0.0,-0.999999998930541));
#14461=DIRECTION('',(0.0,1.0,0.0));
#14462=DIRECTION('',(-1.0,0.0,0.0));
#14463=DIRECTION('',(0.0,1.0,0.0));
#14464=DIRECTION('',(0.0,1.0,0.0));
#14465=DIRECTION('',(0.0,-1.0,0.0));
#14466=DIRECTION('',(0.0,0.0,-1.0));
#14467=DIRECTION('',(0.0,1.0,0.0));
#14468=DIRECTION('',(0.0,0.0,1.0));
#14469=DIRECTION('',(0.0,-1.0,0.0));
#14470=DIRECTION('',(0.0,1.0,0.0));
#14471=DIRECTION('',(0.0,0.0,-1.0));
#14472=DIRECTION('',(0.0,1.0,0.0));
#14473=DIRECTION('',(0.0,0.0,-1.0));
#14474=DIRECTION('',(0.0,1.0,0.0));
#14475=DIRECTION('',(0.0,0.0,-1.0));
#14476=DIRECTION('',(0.0,0.64287114276419,0.765974342782488));
#14477=DIRECTION('',(0.0,0.0,-1.0));
#14478=DIRECTION('',(0.0,-0.642871293713882,-0.765974216092578));
#14479=DIRECTION('',(0.0,-1.0,0.0));
#14480=DIRECTION('',(0.0,0.0,1.0));
#14481=DIRECTION('',(-1.0,0.0,0.0));
#14482=DIRECTION('',(-1.0,0.0,0.0));
#14483=DIRECTION('',(-1.0,0.0,0.0));
#14484=DIRECTION('',(-1.0,0.0,0.0));
#14485=DIRECTION('',(-0.642787609686505,0.0,0.766044443119007));
#14486=DIRECTION('',(-1.0,0.0,0.0));
#14487=DIRECTION('',(-0.642787609686505,0.0,-0.766044443119007));
#14488=DIRECTION('',(-0.642787609686505,0.0,0.766044443119007));
#14489=DIRECTION('',(0.0,-1.0,0.0));
#14490=DIRECTION('',(-0.642787609686505,0.0,0.766044443119007));
#14491=DIRECTION('',(0.0,-1.0,0.0));
#14492=DIRECTION('',(-0.642787609686505,0.0,0.766044443119007));
#14493=DIRECTION('',(-0.625113629922105,-0.232885469971002,0.744981414239306));
#14494=DIRECTION('',(-1.0,0.0,0.0));
#14495=DIRECTION('',(-0.642787609686505,0.0,-0.766044443119007));
#14496=DIRECTION('',(0.0,-1.0,0.0));
#14497=DIRECTION('',(-0.642787609686505,0.0,-0.766044443119007));
#14498=DIRECTION('',(-0.625113629922105,0.232885469971002,-0.744981414239306));
#14499=DIRECTION('',(-0.642787609686505,0.0,-0.766044443119007));
#14500=DIRECTION('',(0.0,-1.0,0.0));
#14501=DIRECTION('',(-1.0,0.0,0.0));
#14502=DIRECTION('',(0.0,0.0,1.0));
#14503=DIRECTION('',(1.0,0.0,0.0));
#14504=DIRECTION('',(1.0,0.0,0.0));
#14505=DIRECTION('',(1.0,0.0,0.0));
#14506=DIRECTION('',(0.0,0.0,-1.0));
#14507=DIRECTION('',(-1.0,0.0,0.0));
#14508=DIRECTION('',(0.0,0.0,1.0));
#14509=DIRECTION('',(1.0,0.0,0.0));
#14510=DIRECTION('',(0.0,0.0,1.0));
#14511=DIRECTION('',(1.0,0.0,0.0));
#14512=DIRECTION('',(0.0,0.0,-1.0));
#14513=DIRECTION('',(1.0,0.0,0.0));
#14514=DIRECTION('',(0.0,0.0,-1.0));
#14515=DIRECTION('',(0.0,-0.644702799660219,0.764433319597122));
#14516=DIRECTION('',(0.0,0.0,1.0));
#14517=DIRECTION('',(0.0,1.0,0.0));
#14518=CARTESIAN_POINT('',(-0.7,4.18,1.255));
#14519=DIRECTION('',(-1.0,0.0,0.0));
#14520=DIRECTION('',(0.0,-1.0,0.0));
#14521=DIRECTION('',(1.0,0.0,0.0));
#14522=CARTESIAN_POINT('',(0.7,4.18,1.255));
#14523=DIRECTION('',(-1.0,0.0,0.0));
#14524=DIRECTION('',(0.0,-1.0,0.0));
#14525=DIRECTION('',(0.0,1.0,0.0));
#14526=DIRECTION('',(0.0,0.0,1.0));
#14527=DIRECTION('',(0.0,-0.644702799660219,0.764433319597122));
#14528=DIRECTION('',(1.0,0.0,0.0));
#14529=DIRECTION('',(1.0,0.0,0.0));
#14530=DIRECTION('',(0.0,-1.0,0.0));
#14531=DIRECTION('',(0.0,0.0,1.0));
#14532=DIRECTION('',(0.0,1.0,0.0));
#14533=DIRECTION('',(1.0,0.0,0.0));
#14534=DIRECTION('',(0.0,-1.0,0.0));
#14535=DIRECTION('',(-1.0,0.0,0.0));
#14536=DIRECTION('',(0.0,1.0,0.0));
#14537=DIRECTION('',(-1.0,0.0,0.0));
#14538=DIRECTION('',(0.0,-1.0,0.0));
#14539=DIRECTION('',(1.0,0.0,0.0));
#14540=DIRECTION('',(0.0,1.0,0.0));
#14541=DIRECTION('',(0.0,-1.0,0.0));
#14542=DIRECTION('',(-1.0,0.0,0.0));
#14543=DIRECTION('',(0.0,1.0,0.0));
#14544=DIRECTION('',(1.0,0.0,0.0));
#14545=DIRECTION('',(0.0,-1.0,0.0));
#14546=DIRECTION('',(-1.0,0.0,0.0));
#14547=DIRECTION('',(0.0,-1.0,0.0));
#14548=DIRECTION('',(1.0,0.0,0.0));
#14549=DIRECTION('',(0.0,1.0,0.0));
#14550=DIRECTION('',(-1.0,0.0,0.0));
#14551=DIRECTION('',(0.0,1.0,0.0));
#14552=DIRECTION('',(1.0,0.0,0.0));
#14553=DIRECTION('',(0.0,-1.0,0.0));
#14554=DIRECTION('',(-1.0,0.0,0.0));
#14555=DIRECTION('',(0.0,-1.0,0.0));
#14556=DIRECTION('',(1.0,0.0,0.0));
#14557=DIRECTION('',(0.0,1.0,0.0));
#14558=DIRECTION('',(-1.0,0.0,0.0));
#14559=DIRECTION('',(0.0,1.0,0.0));
#14560=DIRECTION('',(1.0,0.0,0.0));
#14561=DIRECTION('',(0.0,-1.0,0.0));
#14562=DIRECTION('',(-1.0,0.0,0.0));
#14563=DIRECTION('',(0.0,-1.0,0.0));
#14564=DIRECTION('',(1.0,0.0,0.0));
#14565=DIRECTION('',(0.0,1.0,0.0));
#14566=DIRECTION('',(-1.0,0.0,0.0));
#14567=DIRECTION('',(0.0,1.0,0.0));
#14568=DIRECTION('',(1.0,0.0,0.0));
#14569=DIRECTION('',(0.0,-1.0,0.0));
#14570=DIRECTION('',(-1.0,0.0,0.0));
#14571=DIRECTION('',(0.0,-1.0,0.0));
#14572=DIRECTION('',(1.0,0.0,0.0));
#14573=DIRECTION('',(0.0,1.0,0.0));
#14574=DIRECTION('',(-1.0,0.0,0.0));
#14575=DIRECTION('',(0.0,1.0,0.0));
#14576=DIRECTION('',(-1.0,0.0,0.0));
#14577=DIRECTION('',(0.0,1.0,0.0));
#14578=DIRECTION('',(-1.0,0.0,0.0));
#14579=DIRECTION('',(0.0,-1.0,0.0));
#14580=DIRECTION('',(1.0,0.0,0.0));
#14581=DIRECTION('',(0.0,1.0,0.0));
#14582=DIRECTION('',(-1.0,0.0,0.0));
#14583=DIRECTION('',(0.0,-1.0,0.0));
#14584=DIRECTION('',(1.0,0.0,0.0));
#14585=DIRECTION('',(0.0,1.0,0.0));
#14586=DIRECTION('',(1.0,0.0,0.0));
#14587=DIRECTION('',(0.0,-1.0,0.0));
#14588=DIRECTION('',(-1.0,0.0,0.0));
#14589=DIRECTION('',(0.0,1.0,0.0));
#14590=DIRECTION('',(1.0,0.0,0.0));
#14591=DIRECTION('',(0.0,1.0,0.0));
#14592=DIRECTION('',(-1.0,0.0,0.0));
#14593=DIRECTION('',(0.0,1.0,0.0));
#14594=DIRECTION('',(0.0,0.0,1.0));
#14595=DIRECTION('',(0.0,1.0,0.0));
#14596=DIRECTION('',(0.0,0.0,1.0));
#14597=DIRECTION('',(0.0,0.0,1.0));
#14598=DIRECTION('',(0.0,0.0,-1.0));
#14599=DIRECTION('',(3.229739708E-13,1.0,8.074349270001E-14));
#14600=DIRECTION('',(0.0,0.0,-1.0));
#14601=DIRECTION('',(0.0,-1.0,0.0));
#14602=DIRECTION('',(0.0,0.0,-1.0));
#14603=DIRECTION('',(0.0,1.0,0.0));
#14604=DIRECTION('',(0.0,0.0,-1.0));
#14605=DIRECTION('',(0.0,-1.0,0.0));
#14606=DIRECTION('',(0.0,0.0,-1.0));
#14607=DIRECTION('',(0.0,-1.0,0.0));
#14608=DIRECTION('',(0.0,0.0,-1.0));
#14609=DIRECTION('',(0.0,1.0,0.0));
#14610=DIRECTION('',(1.0,0.0,0.0));
#14611=DIRECTION('',(0.0,0.0,1.0));
#14612=DIRECTION('',(1.0,0.0,0.0));
#14613=DIRECTION('',(0.0,0.0,1.0));
#14614=DIRECTION('',(0.0,0.0,1.0));
#14615=DIRECTION('',(1.0,0.0,0.0));
#14616=DIRECTION('',(0.0,0.0,1.0));
#14617=DIRECTION('',(0.0,0.0,1.0));
#14618=DIRECTION('',(1.0,0.0,0.0));
#14619=DIRECTION('',(0.0,0.0,1.0));
#14620=DIRECTION('',(0.0,0.0,1.0));
#14621=DIRECTION('',(1.0,0.0,0.0));
#14622=DIRECTION('',(0.0,0.0,1.0));
#14623=DIRECTION('',(0.0,0.0,1.0));
#14624=DIRECTION('',(0.0,0.0,1.0));
#14625=DIRECTION('',(1.0,0.0,0.0));
#14626=DIRECTION('',(0.0,0.0,1.0));
#14627=DIRECTION('',(1.0,0.0,0.0));
#14628=DIRECTION('',(0.0,0.0,1.0));
#14629=DIRECTION('',(0.0,0.0,1.0));
#14630=DIRECTION('',(0.0,0.0,-1.0));
#14631=DIRECTION('',(0.0,-1.0,0.0));
#14632=DIRECTION('',(0.0,0.0,1.0));
#14633=DIRECTION('',(0.0,1.0,0.0));
#14634=DIRECTION('',(0.0,0.0,1.0));
#14635=DIRECTION('',(0.0,-1.0,0.0));
#14636=DIRECTION('',(0.0,0.0,-1.0));
#14637=DIRECTION('',(0.0,1.0,0.0));
#14638=DIRECTION('',(-1.0,0.0,0.0));
#14639=DIRECTION('',(0.0,1.0,0.0));
#14640=DIRECTION('',(0.0,1.0,0.0));
#14641=DIRECTION('',(0.0,1.0,0.0));
#14642=DIRECTION('',(-1.0,0.0,0.0));
#14643=DIRECTION('',(0.0,1.0,0.0));
#14644=DIRECTION('',(1.0,0.0,0.0));
#14645=DIRECTION('',(0.0,1.0,0.0));
#14646=DIRECTION('',(-1.0,0.0,0.0));
#14647=DIRECTION('',(8.074349270001E-14,1.0,8.074349270001E-14));
#14648=DIRECTION('',(0.0,1.0,0.0));
#14649=DIRECTION('',(0.0,1.0,0.0));
#14650=DIRECTION('',(0.0,1.0,0.0));
#14651=DIRECTION('',(0.0,1.0,0.0));
#14652=DIRECTION('',(-1.0,0.0,0.0));
#14653=DIRECTION('',(0.0,1.0,0.0));
#14654=DIRECTION('',(0.0,1.0,0.0));
#14655=DIRECTION('',(0.0,1.0,0.0));
#14656=DIRECTION('',(0.0,1.0,0.0));
#14657=DIRECTION('',(-8.074349270001E-14,1.0,8.074349270001E-14));
#14658=DIRECTION('',(-1.0,0.0,0.0));
#14659=DIRECTION('',(0.0,1.0,8.074349270001E-14));
#14660=DIRECTION('',(0.0,1.0,0.0));
#14661=DIRECTION('',(0.0,1.0,0.0));
#14662=DIRECTION('',(0.0,1.0,0.0));
#14663=DIRECTION('',(0.0,1.0,0.0));
#14664=DIRECTION('',(-1.0,0.0,0.0));
#14665=DIRECTION('',(0.0,1.0,0.0));
#14666=DIRECTION('',(0.0,1.0,0.0));
#14667=DIRECTION('',(0.0,1.0,0.0));
#14668=DIRECTION('',(0.0,1.0,0.0));
#14669=DIRECTION('',(0.0,1.0,8.074349270001E-14));
#14670=DIRECTION('',(-1.0,0.0,0.0));
#14671=DIRECTION('',(0.0,1.0,8.074349270001E-14));
#14672=DIRECTION('',(0.0,1.0,0.0));
#14673=DIRECTION('',(0.0,1.0,0.0));
#14674=DIRECTION('',(0.0,1.0,0.0));
#14675=DIRECTION('',(0.0,1.0,0.0));
#14676=DIRECTION('',(-1.0,0.0,0.0));
#14677=DIRECTION('',(0.0,1.0,0.0));
#14678=DIRECTION('',(0.0,1.0,0.0));
#14679=DIRECTION('',(0.0,1.0,0.0));
#14680=DIRECTION('',(0.0,1.0,0.0));
#14681=DIRECTION('',(-8.074349270001E-14,1.0,8.074349270001E-14));
#14682=DIRECTION('',(-1.0,0.0,0.0));
#14683=DIRECTION('',(0.0,1.0,8.074349270001E-14));
#14684=DIRECTION('',(0.0,1.0,0.0));
#14685=DIRECTION('',(0.0,1.0,0.0));
#14686=DIRECTION('',(0.0,1.0,0.0));
#14687=DIRECTION('',(0.0,1.0,0.0));
#14688=DIRECTION('',(-1.0,0.0,0.0));
#14689=DIRECTION('',(0.0,1.0,0.0));
#14690=DIRECTION('',(0.0,1.0,0.0));
#14691=DIRECTION('',(0.0,1.0,0.0));
#14692=DIRECTION('',(0.0,1.0,0.0));
#14693=DIRECTION('',(-8.074349270001E-14,1.0,8.074349270001E-14));
#14694=DIRECTION('',(-1.0,0.0,0.0));
#14695=DIRECTION('',(0.0,1.0,8.074349270001E-14));
#14696=DIRECTION('',(0.0,1.0,0.0));
#14697=DIRECTION('',(0.0,1.0,0.0));
#14698=DIRECTION('',(0.0,1.0,0.0));
#14699=DIRECTION('',(0.0,1.0,0.0));
#14700=DIRECTION('',(-1.0,0.0,0.0));
#14701=DIRECTION('',(0.0,1.0,0.0));
#14702=DIRECTION('',(0.0,1.0,0.0));
#14703=DIRECTION('',(0.0,1.0,0.0));
#14704=DIRECTION('',(0.0,1.0,0.0));
#14705=DIRECTION('',(-1.614869854E-13,1.0,8.074349270001E-14));
#14706=DIRECTION('',(-1.0,0.0,0.0));
#14707=DIRECTION('',(1.614869854E-13,1.0,8.074349270001E-14));
#14708=DIRECTION('',(0.0,1.0,0.0));
#14709=DIRECTION('',(0.0,1.0,0.0));
#14710=DIRECTION('',(0.0,1.0,0.0));
#14711=DIRECTION('',(0.0,1.0,0.0));
#14712=DIRECTION('',(-1.0,0.0,0.0));
#14713=DIRECTION('',(0.0,1.0,0.0));
#14714=DIRECTION('',(0.0,1.0,0.0));
#14715=DIRECTION('',(-1.0,0.0,0.0));
#14716=DIRECTION('',(1.0,0.0,0.0));
#14717=DIRECTION('',(0.0,1.0,0.0));
#14718=DIRECTION('',(-1.0,0.0,0.0));
#14719=DIRECTION('',(0.0,1.0,0.0));
#14720=DIRECTION('',(-1.0,0.0,0.0));
#14721=DIRECTION('',(0.0,1.0,0.0));
#14722=DIRECTION('',(0.0,1.0,0.0));
#14723=DIRECTION('',(0.0,1.0,0.0));
#14724=DIRECTION('',(0.0,1.0,0.0));
#14725=DIRECTION('',(-1.0,0.0,0.0));
#14726=DIRECTION('',(0.0,1.0,0.0));
#14727=DIRECTION('',(0.0,1.0,0.0));
#14728=DIRECTION('',(0.0,1.0,0.0));
#14729=DIRECTION('',(0.0,1.0,0.0));
#14730=DIRECTION('',(-1.0,0.0,0.0));
#14731=DIRECTION('',(0.0,1.0,0.0));
#14732=DIRECTION('',(0.0,1.0,0.0));
#14733=DIRECTION('',(0.0,1.0,0.0));
#14734=DIRECTION('',(0.0,1.0,0.0));
#14735=DIRECTION('',(-1.0,0.0,0.0));
#14736=DIRECTION('',(0.0,1.0,0.0));
#14737=DIRECTION('',(0.0,1.0,0.0));
#14738=DIRECTION('',(0.0,1.0,0.0));
#14739=DIRECTION('',(0.0,1.0,0.0));
#14740=DIRECTION('',(-1.0,0.0,0.0));
#14741=DIRECTION('',(0.0,1.0,0.0));
#14742=DIRECTION('',(0.0,1.0,0.0));
#14743=DIRECTION('',(0.0,1.0,0.0));
#14744=DIRECTION('',(0.0,1.0,0.0));
#14745=DIRECTION('',(0.0,0.0,-1.0));
#14746=DIRECTION('',(0.0,1.0,0.0));
#14747=DIRECTION('',(0.0,0.0,1.0));
#14748=DIRECTION('',(0.0,0.0,-1.0));
#14749=DIRECTION('',(0.0,1.0,0.0));
#14750=DIRECTION('',(0.0,0.0,1.0));
#14751=DIRECTION('',(0.0,-1.0,0.0));
#14752=DIRECTION('',(0.0,0.0,-1.0));
#14753=DIRECTION('',(0.0,1.0,0.0));
#14754=DIRECTION('',(0.0,0.0,1.0));
#14755=DIRECTION('',(0.0,-1.0,0.0));
#14756=DIRECTION('',(0.0,1.0,0.0));
#14757=DIRECTION('',(0.0,0.0,1.0));
#14758=DIRECTION('',(0.0,0.0,-1.0));
#14759=DIRECTION('',(0.0,-1.0,0.0));
#14760=DIRECTION('',(0.0,0.0,-1.0));
#14761=DIRECTION('',(0.0,0.0,1.0));
#14762=DIRECTION('',(0.0,-1.0,0.0));
#14763=DIRECTION('',(0.0,0.0,-1.0));
#14764=DIRECTION('',(1.0,0.0,0.0));
#14765=DIRECTION('',(0.0,0.0,-1.0));
#14766=DIRECTION('',(-1.0,0.0,0.0));
#14767=DIRECTION('',(0.0,0.0,1.0));
#14768=DIRECTION('',(0.0,0.0,1.0));
#14769=DIRECTION('',(0.0,0.0,-1.0));
#14770=DIRECTION('',(0.0,0.0,1.0));
#14771=DIRECTION('',(0.0,-1.0,0.0));
#14772=DIRECTION('',(0.0,0.0,1.0));
#14773=DIRECTION('',(0.0,-1.0,0.0));
#14774=DIRECTION('',(0.0,0.0,1.0));
#14775=DIRECTION('',(0.0,0.0,1.0));
#14776=DIRECTION('',(0.0,0.0,1.0));
#14777=DIRECTION('',(0.0,-1.0,0.0));
#14778=DIRECTION('',(0.0,0.0,-1.0));
#14779=DIRECTION('',(1.0,0.0,0.0));
#14780=DIRECTION('',(0.0,0.0,-1.0));
#14781=DIRECTION('',(-1.0,0.0,0.0));
#14782=DIRECTION('',(0.0,0.0,1.0));
#14783=DIRECTION('',(0.0,1.0,0.0));
#14784=DIRECTION('',(0.0,0.0,-1.0));
#14785=DIRECTION('',(0.0,0.0,1.0));
#14786=DIRECTION('',(0.0,1.0,0.0));
#14787=DIRECTION('',(0.0,0.0,-1.0));
#14788=DIRECTION('',(0.0,1.0,0.0));
#14789=DIRECTION('',(0.0,0.0,1.0));
#14790=DIRECTION('',(0.0,1.0,0.0));
#14791=DIRECTION('',(0.0,0.0,-1.0));
#14792=DIRECTION('',(0.0,1.0,0.0));
#14793=DIRECTION('',(0.0,-1.0,0.0));
#14794=DIRECTION('',(0.0,0.0,-1.0));
#14795=DIRECTION('',(0.0,1.0,0.0));
#14796=DIRECTION('',(0.0,0.0,1.0));
#14797=DIRECTION('',(0.0,-1.0,0.0));
#14798=DIRECTION('',(0.0,0.0,-1.0));
#14799=DIRECTION('',(0.0,0.0,1.0));
#14800=DIRECTION('',(-1.0,0.0,0.0));
#14801=DIRECTION('',(0.0,0.0,-1.0));
#14802=DIRECTION('',(1.0,0.0,0.0));
#14803=DIRECTION('',(1.0,0.0,0.0));
#14804=DIRECTION('',(0.0,-1.0,0.0));
#14805=DIRECTION('',(0.0,-1.0,0.0));
#14806=DIRECTION('',(1.0,0.0,0.0));
#14807=DIRECTION('',(0.0,-1.0,0.0));
#14808=DIRECTION('',(1.0,0.0,0.0));
#14809=DIRECTION('',(0.0,0.0,1.0));
#14810=DIRECTION('',(0.0,0.0,-1.0));
#14811=DIRECTION('',(0.0,0.0,-1.0));
#14812=DIRECTION('',(0.0,0.0,1.0));
#14813=DIRECTION('',(0.0,0.0,-1.0));
#14814=DIRECTION('',(0.0,0.0,-1.0));
#14815=DIRECTION('',(0.0,0.0,-1.0));
#14816=DIRECTION('',(0.0,0.0,-1.0));
#14817=DIRECTION('',(0.0,0.0,-1.0));
#14818=DIRECTION('',(0.0,0.0,-1.0));
#14819=DIRECTION('',(0.0,0.0,-1.0));
#14820=DIRECTION('',(0.0,0.0,-1.0));
#14821=DIRECTION('',(0.0,0.0,-1.0));
#14822=DIRECTION('',(0.0,0.0,1.0));
#14823=DIRECTION('',(0.0,0.0,-1.0));
#14824=DIRECTION('',(0.0,0.0,1.0));
#14825=DIRECTION('',(0.0,0.0,-1.0));
#14826=DIRECTION('',(0.0,-1.0,0.0));
#14827=DIRECTION('',(0.0,0.0,-1.0));
#14828=DIRECTION('',(0.0,0.0,1.0));
#14829=DIRECTION('',(0.0,0.0,-1.0));
#14830=DIRECTION('',(0.0,-1.0,0.0));
#14831=DIRECTION('',(0.0,0.0,-1.0));
#14832=DIRECTION('',(0.0,0.0,-1.0));
#14833=DIRECTION('',(0.0,-1.0,0.0));
#14834=DIRECTION('',(0.0,0.0,1.0));
#14835=DIRECTION('',(0.0,0.0,1.0));
#14836=DIRECTION('',(0.0,0.0,1.0));
#14837=DIRECTION('',(1.0,0.0,0.0));
#14838=DIRECTION('',(0.0,0.0,1.0));
#14839=DIRECTION('',(0.0,0.0,1.0));
#14840=DIRECTION('',(0.0,0.0,1.0));
#14841=DIRECTION('',(0.0,0.0,1.0));
#14842=DIRECTION('',(1.0,0.0,0.0));
#14843=DIRECTION('',(0.0,0.0,1.0));
#14844=DIRECTION('',(0.0,0.0,1.0));
#14845=DIRECTION('',(0.0,0.0,1.0));
#14846=DIRECTION('',(0.0,0.0,1.0));
#14847=DIRECTION('',(1.0,0.0,0.0));
#14848=DIRECTION('',(0.0,0.0,1.0));
#14849=DIRECTION('',(0.0,0.0,1.0));
#14850=DIRECTION('',(0.0,0.0,1.0));
#14851=DIRECTION('',(-1.0,0.0,0.0));
#14852=DIRECTION('',(0.0,0.0,1.0));
#14853=DIRECTION('',(0.0,0.0,-1.0));
#14854=DIRECTION('',(0.0,0.0,-1.0));
#14855=DIRECTION('',(1.0,0.0,0.0));
#14856=DIRECTION('',(0.0,0.0,-1.0));
#14857=DIRECTION('',(-1.0,0.0,0.0));
#14858=DIRECTION('',(0.0,0.0,-1.0));
#14859=DIRECTION('',(1.0,0.0,0.0));
#14860=DIRECTION('',(0.0,0.0,1.0));
#14861=DIRECTION('',(0.0,0.0,1.0));
#14862=DIRECTION('',(1.0,0.0,0.0));
#14863=DIRECTION('',(0.0,0.0,1.0));
#14864=DIRECTION('',(-1.0,0.0,0.0));
#14865=DIRECTION('',(0.0,0.0,-1.0));
#14866=DIRECTION('',(1.0,0.0,0.0));
#14867=DIRECTION('',(0.0,0.0,-1.0));
#14868=DIRECTION('',(-1.0,0.0,0.0));
#14869=DIRECTION('',(0.0,0.0,1.0));
#14870=DIRECTION('',(1.0,0.0,0.0));
#14871=DIRECTION('',(0.0,0.0,1.0));
#14872=DIRECTION('',(0.0,1.0,0.0));
#14873=DIRECTION('',(0.0,0.0,-1.0));
#14874=DIRECTION('',(0.0,-1.0,0.0));
#14875=DIRECTION('',(0.0,-1.0,0.0));
#14876=DIRECTION('',(0.0,0.0,-1.0));
#14877=DIRECTION('',(0.0,1.0,0.0));
#14878=DIRECTION('',(0.0,1.0,0.0));
#14879=DIRECTION('',(1.06000735335604E-14,0.866025403784429,-0.500000000000017));
#14880=CARTESIAN_POINT('',(5.85,-6.87,-0.1771241419778));
#14881=DIRECTION('',(1.0,0.0,0.0));
#14882=DIRECTION('',(0.0,-1.0,0.0));
#14883=DIRECTION('',(0.0,0.0,-1.0));
#14884=CARTESIAN_POINT('',(5.85,-6.87,0.8871241419778));
#14885=DIRECTION('',(-1.0,0.0,0.0));
#14886=DIRECTION('',(0.0,-1.0,0.0));
#14887=DIRECTION('',(1.06000735335604E-14,0.866025403784429,0.500000000000017));
#14888=DIRECTION('',(0.0,1.0,0.0));
#14889=DIRECTION('',(0.0,-1.0,0.0));
#14890=DIRECTION('',(-1.0,0.0,0.0));
#14891=DIRECTION('',(1.0,0.0,0.0));
#14892=DIRECTION('',(0.0,1.0,0.0));
#14893=DIRECTION('',(1.327750353818E-14,1.0,0.0));
#14894=CARTESIAN_POINT('',(5.85,-5.69,0.355));
#14895=DIRECTION('',(0.0,-1.0,0.0));
#14896=DIRECTION('',(0.63897106637829,0.0,-0.769230769230788));
#14897=DIRECTION('',(-1.0,0.0,0.0));
#14898=CARTESIAN_POINT('',(5.85,-5.69,0.355));
#14899=DIRECTION('',(0.0,-1.0,0.0));
#14900=DIRECTION('',(0.0,0.0,-1.0));
#14901=CARTESIAN_POINT('',(5.85,-3.94,0.355));
#14902=DIRECTION('',(0.0,-1.0,0.0));
#14903=DIRECTION('',(0.0,0.0,-1.0));
#14904=CARTESIAN_POINT('',(5.85,-3.94,0.355));
#14905=DIRECTION('',(0.0,-1.0,0.0));
#14906=DIRECTION('',(1.0,0.0,0.0));
#14907=DIRECTION('',(1.0,0.0,0.0));
#14908=DIRECTION('',(0.0,0.0,1.0));
#14909=DIRECTION('',(0.0,0.0,1.0));
#14910=DIRECTION('',(-1.0,0.0,0.0));
#14911=DIRECTION('',(0.0,-1.0,0.0));
#14912=DIRECTION('',(0.0,-1.0,0.0));
#14913=DIRECTION('',(0.0,-1.0,0.0));
#14914=DIRECTION('',(0.0,1.0,0.0));
#14915=DIRECTION('',(1.0,0.0,0.0));
#14916=DIRECTION('',(0.0,1.0,0.0));
#14917=CARTESIAN_POINT('',(5.85,-6.995,0.355));
#14918=DIRECTION('',(0.0,-1.0,0.0));
#14919=DIRECTION('',(0.0,0.0,-1.0));
#14920=CARTESIAN_POINT('',(5.85,-6.04,0.355));
#14921=DIRECTION('',(0.0,-1.0,0.0));
#14922=DIRECTION('',(0.63897106637829,0.0,-0.769230769230788));
#14923=CARTESIAN_POINT('',(5.85,-7.12,0.355));
#14924=DIRECTION('',(0.0,-1.0,0.0));
#14925=DIRECTION('',(0.0,0.0,-1.0));
#14926=DIRECTION('',(0.0,0.866025403784429,0.500000000000017));
#14927=CARTESIAN_POINT('',(-5.85,-6.87,0.8871241419778));
#14928=DIRECTION('',(-1.0,0.0,0.0));
#14929=DIRECTION('',(0.0,-1.0,0.0));
#14930=DIRECTION('',(0.0,0.0,-1.0));
#14931=CARTESIAN_POINT('',(-5.85,-6.87,-0.1771241419778));
#14932=DIRECTION('',(1.0,0.0,0.0));
#14933=DIRECTION('',(0.0,-1.0,0.0));
#14934=DIRECTION('',(0.0,0.866025403784429,-0.500000000000017));
#14935=DIRECTION('',(0.0,1.0,0.0));
#14936=DIRECTION('',(0.0,0.0,-1.0));
#14937=DIRECTION('',(0.0,-1.0,0.0));
#14938=DIRECTION('',(0.0,-1.0,0.0));
#14939=DIRECTION('',(0.0,0.0,-1.0));
#14940=DIRECTION('',(0.0,1.0,0.0));
#14941=CARTESIAN_POINT('',(-5.85,-3.94,0.355));
#14942=DIRECTION('',(0.0,1.0,0.0));
#14943=DIRECTION('',(-1.0,0.0,0.0));
#14944=CARTESIAN_POINT('',(-5.85,-3.94,0.355));
#14945=DIRECTION('',(0.0,1.0,0.0));
#14946=DIRECTION('',(0.0,0.0,-1.0));
#14947=CARTESIAN_POINT('',(-5.85,-5.69,0.355));
#14948=DIRECTION('',(0.0,1.0,0.0));
#14949=DIRECTION('',(0.0,0.0,-1.0));
#14950=CARTESIAN_POINT('',(-5.85,-5.69,0.355));
#14951=DIRECTION('',(0.0,1.0,0.0));
#14952=DIRECTION('',(-0.63897106637829,0.0,-0.769230769230788));
#14953=CARTESIAN_POINT('',(-5.85,-6.04,0.355));
#14954=DIRECTION('',(0.0,1.0,0.0));
#14955=DIRECTION('',(-0.63897106637829,0.0,-0.769230769230788));
#14956=CARTESIAN_POINT('',(-5.85,-6.995,0.355));
#14957=DIRECTION('',(0.0,1.0,0.0));
#14958=DIRECTION('',(0.0,0.0,-1.0));
#14959=CARTESIAN_POINT('',(-5.85,-7.12,0.355));
#14960=DIRECTION('',(0.0,1.0,0.0));
#14961=DIRECTION('',(0.0,0.0,-1.0));
#14962=DIRECTION('',(1.0,0.0,0.0));
#14963=DIRECTION('',(0.0,0.0,1.0));
#14964=DIRECTION('',(0.0,0.0,1.0));
#14965=DIRECTION('',(-1.0,0.0,0.0));
#14966=DIRECTION('',(0.0,-1.0,0.0));
#14967=DIRECTION('',(0.0,-1.0,0.0));
#14968=DIRECTION('',(0.0,0.0,-1.0));
#14969=DIRECTION('',(0.0,1.0,0.0));
#14970=DIRECTION('',(0.0,0.0,1.0));
#14971=DIRECTION('',(0.0,0.0,-1.0));
#14972=DIRECTION('',(0.0,1.0,0.0));
#14973=DIRECTION('',(0.0,0.0,1.0));
#14974=DIRECTION('',(0.0,-1.0,0.0));
#14975=DIRECTION('',(0.0,0.0,-1.0));
#14976=DIRECTION('',(0.0,1.0,0.0));
#14977=DIRECTION('',(0.0,0.0,1.0));
#14978=DIRECTION('',(0.0,-1.0,0.0));
#14979=DIRECTION('',(0.0,1.0,0.0));
#14980=DIRECTION('',(0.0,0.0,1.0));
#14981=DIRECTION('',(0.0,0.0,-1.0));
#14982=DIRECTION('',(0.0,-1.0,0.0));
#14983=DIRECTION('',(0.0,0.0,-1.0));
#14984=DIRECTION('',(0.0,0.0,-1.0));
#14985=DIRECTION('',(0.0,1.0,0.0));
#14986=DIRECTION('',(-1.0,0.0,0.0));
#14987=DIRECTION('',(0.0,0.0,1.0));
#14988=DIRECTION('',(0.0,0.0,1.0));
#14989=DIRECTION('',(1.0,0.0,0.0));
#14990=DIRECTION('',(0.0,0.0,-1.0));
#14991=DIRECTION('',(0.0,0.0,-1.0));
#14992=DIRECTION('',(0.0,-1.0,0.0));
#14993=DIRECTION('',(0.0,0.0,-1.0));
#14994=DIRECTION('',(0.0,0.0,1.0));
#14995=DIRECTION('',(0.0,0.0,-1.0));
#14996=DIRECTION('',(0.0,-1.0,0.0));
#14997=DIRECTION('',(0.0,0.0,-1.0));
#14998=DIRECTION('',(0.0,-1.0,0.0));
#14999=DIRECTION('',(1.0,0.0,0.0));
#15000=DIRECTION('',(0.0,0.0,1.0));
#15001=DIRECTION('',(0.0,0.0,-1.0));
#15002=DIRECTION('',(-1.0,0.0,0.0));
#15003=DIRECTION('',(0.0,1.0,0.0));
#15004=DIRECTION('',(0.0,0.0,1.0));
#15005=DIRECTION('',(0.0,1.0,0.0));
#15006=DIRECTION('',(0.0,0.0,-1.0));
#15007=DIRECTION('',(0.0,1.0,0.0));
#15008=DIRECTION('',(0.0,0.0,1.0));
#15009=DIRECTION('',(0.0,1.0,0.0));
#15010=DIRECTION('',(0.0,0.0,-1.0));
#15011=DIRECTION('',(0.0,1.0,0.0));
#15012=DIRECTION('',(0.0,-1.0,0.0));
#15013=DIRECTION('',(0.0,0.0,-1.0));
#15014=DIRECTION('',(0.0,0.0,1.0));
#15015=DIRECTION('',(0.0,1.0,0.0));
#15016=DIRECTION('',(0.0,0.0,1.0));
#15017=DIRECTION('',(0.0,0.0,1.0));
#15018=DIRECTION('',(0.0,1.0,0.0));
#15019=DIRECTION('',(-0.174436949745496,-0.174436949745496,-0.969094165252776));
#15020=DIRECTION('',(0.0,1.0,0.0));
#15021=DIRECTION('',(0.174436949745496,-0.174436949745496,0.969094165252776));
#15022=DIRECTION('',(-1.0,0.0,0.0));
#15023=DIRECTION('',(-1.0,0.0,0.0));
#15024=DIRECTION('',(0.174436949745496,0.174436949745496,-0.969094165252776));
#15025=DIRECTION('',(-0.174436949745496,0.174436949745496,0.969094165252776));
#15026=DIRECTION('',(0.0,-1.0,0.0));
#15027=DIRECTION('',(-1.0,0.0,0.0));
#15028=DIRECTION('',(-1.0,0.0,0.0));
#15029=DIRECTION('',(1.0,0.0,0.0));
#15030=DIRECTION('',(1.0,0.0,0.0));
#15031=DIRECTION('',(0.707106781186548,0.707106781186548,0.0));
#15032=DIRECTION('',(0.0,1.0,0.0));
#15033=DIRECTION('',(-1.0,0.0,0.0));
#15034=DIRECTION('',(0.0,-1.0,0.0));
#15035=DIRECTION('',(1.0,0.0,0.0));
#15036=DIRECTION('',(0.0,1.0,0.0));
#15037=DIRECTION('',(1.0,0.0,0.0));
#15038=DIRECTION('',(0.0,1.0,0.0));
#15039=DIRECTION('',(0.0,-1.0,0.0));
#15040=DIRECTION('',(1.0,0.0,0.0));
#15041=DIRECTION('',(0.707106781186548,0.707106781186548,0.0));
#15042=DIRECTION('',(0.0,1.0,0.0));
#15043=DIRECTION('',(-1.0,0.0,0.0));
#15044=DIRECTION('',(1.0,0.0,0.0));
#15045=DIRECTION('',(0.0,1.0,0.0));
#15046=DIRECTION('',(1.0,0.0,0.0));
#15047=DIRECTION('',(0.0,1.0,0.0));
#15048=DIRECTION('',(0.707106781186548,-0.707106781186548,0.0));
#15049=DIRECTION('',(1.0,0.0,0.0));
#15050=DIRECTION('',(0.0,1.0,0.0));
#15051=DIRECTION('',(-1.0,0.0,0.0));
#15052=DIRECTION('',(0.0,-1.0,0.0));
#15053=DIRECTION('',(1.0,0.0,0.0));
#15054=DIRECTION('',(0.0,1.0,0.0));
#15055=DIRECTION('',(1.0,0.0,0.0));
#15056=DIRECTION('',(0.0,1.0,0.0));
#15057=DIRECTION('',(0.0,1.0,0.0));
#15058=DIRECTION('',(-1.0,0.0,0.0));
#15059=DIRECTION('',(0.0,-1.0,0.0));
#15060=DIRECTION('',(0.707106781186548,-0.707106781186548,0.0));
#15061=DIRECTION('',(1.0,0.0,0.0));
#15062=DIRECTION('',(1.0,0.0,0.0));
#15063=DIRECTION('',(0.0,1.0,0.0));
#15064=DIRECTION('',(1.0,0.0,0.0));
#15065=DIRECTION('',(0.0,1.0,0.0));
#15066=DIRECTION('',(0.0,1.0,0.0));
#15067=DIRECTION('',(-1.0,0.0,0.0));
#15068=DIRECTION('',(0.0,-1.0,0.0));
#15069=DIRECTION('',(1.0,0.0,0.0));
#15070=DIRECTION('',(1.0,0.0,0.0));
#15071=DIRECTION('',(0.0,1.0,0.0));
#15072=DIRECTION('',(1.0,0.0,0.0));
#15073=DIRECTION('',(0.0,1.0,0.0));
#15074=DIRECTION('',(0.0,-1.0,0.0));
#15075=DIRECTION('',(1.0,0.0,0.0));
#15076=DIRECTION('',(0.707106781186548,0.707106781186548,0.0));
#15077=DIRECTION('',(0.0,1.0,0.0));
#15078=DIRECTION('',(-1.0,0.0,0.0));
#15079=DIRECTION('',(1.0,0.0,0.0));
#15080=DIRECTION('',(0.0,1.0,0.0));
#15081=DIRECTION('',(1.0,0.0,0.0));
#15082=DIRECTION('',(0.0,1.0,0.0));
#15083=DIRECTION('',(0.707106781186548,0.707106781186548,0.0));
#15084=DIRECTION('',(0.0,1.0,0.0));
#15085=DIRECTION('',(-1.0,0.0,0.0));
#15086=DIRECTION('',(0.0,-1.0,0.0));
#15087=DIRECTION('',(1.0,0.0,0.0));
#15088=DIRECTION('',(1.0,0.0,0.0));
#15089=DIRECTION('',(0.0,1.0,0.0));
#15090=DIRECTION('',(1.0,0.0,0.0));
#15091=DIRECTION('',(0.0,1.0,0.0));
#15092=DIRECTION('',(0.707106781186548,0.707106781186548,0.0));
#15093=DIRECTION('',(0.0,1.0,0.0));
#15094=DIRECTION('',(-1.0,0.0,0.0));
#15095=DIRECTION('',(0.0,-1.0,0.0));
#15096=DIRECTION('',(1.0,0.0,0.0));
#15097=DIRECTION('',(1.0,0.0,0.0));
#15098=DIRECTION('',(0.0,1.0,0.0));
#15099=DIRECTION('',(1.0,0.0,0.0));
#15100=DIRECTION('',(0.0,1.0,0.0));
#15101=DIRECTION('',(0.0,-1.0,0.0));
#15102=DIRECTION('',(1.0,0.0,0.0));
#15103=DIRECTION('',(0.707106781186548,0.707106781186548,0.0));
#15104=DIRECTION('',(0.0,1.0,0.0));
#15105=DIRECTION('',(-1.0,0.0,0.0));
#15106=DIRECTION('',(1.0,0.0,0.0));
#15107=DIRECTION('',(1.0,0.0,0.0));
#15108=DIRECTION('',(0.707106781186548,0.707106781186548,0.0));
#15109=DIRECTION('',(0.0,1.0,0.0));
#15110=DIRECTION('',(-1.0,0.0,0.0));
#15111=DIRECTION('',(0.0,-1.0,0.0));
#15112=DIRECTION('',(1.0,0.0,0.0));
#15113=DIRECTION('',(1.0,0.0,0.0));
#15114=DIRECTION('',(-1.0,0.0,0.0));
#15115=DIRECTION('',(0.0,-1.0,0.0));
#15116=DIRECTION('',(1.0,0.0,0.0));
#15117=DIRECTION('',(0.707106781186548,0.707106781186548,0.0));
#15118=DIRECTION('',(0.0,1.0,0.0));
#15119=DIRECTION('',(1.0,0.0,0.0));
#15120=DIRECTION('',(1.0,0.0,0.0));
#15121=DIRECTION('',(-1.0,0.0,0.0));
#15122=DIRECTION('',(0.0,-1.0,0.0));
#15123=DIRECTION('',(1.0,0.0,0.0));
#15124=DIRECTION('',(0.707106781186548,0.707106781186548,0.0));
#15125=DIRECTION('',(0.0,1.0,0.0));
#15126=DIRECTION('',(1.0,0.0,0.0));
#15127=DIRECTION('',(1.0,0.0,0.0));
#15128=DIRECTION('',(0.0,0.0,-1.0));
#15129=DIRECTION('',(0.0,0.0,-1.0));
#15130=DIRECTION('',(0.0,-1.0,0.0));
#15131=DIRECTION('',(-1.0,0.0,0.0));
#15132=DIRECTION('',(0.0,1.0,0.0));
#15133=DIRECTION('',(0.707106781186548,0.707106781186548,0.0));
#15134=DIRECTION('',(1.0,0.0,0.0));
#15135=DIRECTION('',(0.0,1.0,0.0));
#15136=DIRECTION('',(0.707106781186548,0.707106781186548,0.0));
#15137=DIRECTION('',(1.0,0.0,0.0));
#15138=DIRECTION('',(0.0,-1.0,0.0));
#15139=DIRECTION('',(-1.0,0.0,0.0));
#15140=DIRECTION('',(0.0,1.0,0.0));
#15141=DIRECTION('',(0.707106781186548,0.707106781186548,0.0));
#15142=DIRECTION('',(1.0,0.0,0.0));
#15143=DIRECTION('',(0.0,-1.0,0.0));
#15144=DIRECTION('',(-1.0,0.0,0.0));
#15145=DIRECTION('',(0.0,1.0,0.0));
#15146=DIRECTION('',(0.707106781186548,0.707106781186548,0.0));
#15147=DIRECTION('',(1.0,0.0,0.0));
#15148=DIRECTION('',(0.0,-1.0,0.0));
#15149=DIRECTION('',(-1.0,0.0,0.0));
#15150=DIRECTION('',(-1.0,0.0,0.0));
#15151=DIRECTION('',(0.0,1.0,0.0));
#15152=DIRECTION('',(1.0,0.0,0.0));
#15153=DIRECTION('',(0.707106781186548,-0.707106781186548,0.0));
#15154=DIRECTION('',(0.0,-1.0,0.0));
#15155=DIRECTION('',(0.707106781186548,-0.707106781186548,0.0));
#15156=DIRECTION('',(0.0,-1.0,0.0));
#15157=DIRECTION('',(-1.0,0.0,0.0));
#15158=DIRECTION('',(0.0,1.0,0.0));
#15159=DIRECTION('',(1.0,0.0,0.0));
#15160=DIRECTION('',(0.0,-1.0,0.0));
#15161=DIRECTION('',(-1.0,0.0,0.0));
#15162=DIRECTION('',(0.0,1.0,0.0));
#15163=DIRECTION('',(1.0,0.0,0.0));
#15164=DIRECTION('',(0.0,1.0,0.0));
#15165=DIRECTION('',(0.707106781186548,0.707106781186548,0.0));
#15166=DIRECTION('',(1.0,0.0,0.0));
#15167=DIRECTION('',(0.0,-1.0,0.0));
#15168=DIRECTION('',(-1.0,0.0,0.0));
#15169=DIRECTION('',(0.0,-1.0,0.0));
#15170=DIRECTION('',(-1.0,0.0,0.0));
#15171=DIRECTION('',(0.0,1.0,0.0));
#15172=DIRECTION('',(0.707106781186548,0.707106781186548,0.0));
#15173=DIRECTION('',(1.0,0.0,0.0));
#15174=DIRECTION('',(0.0,-1.0,0.0));
#15175=DIRECTION('',(-1.0,0.0,0.0));
#15176=DIRECTION('',(0.0,1.0,0.0));
#15177=DIRECTION('',(0.707106781186548,0.707106781186548,0.0));
#15178=DIRECTION('',(1.0,0.0,0.0));
#15179=DIRECTION('',(0.0,1.0,0.0));
#15180=DIRECTION('',(0.707106781186548,0.707106781186548,0.0));
#15181=DIRECTION('',(1.0,0.0,0.0));
#15182=DIRECTION('',(0.0,-1.0,0.0));
#15183=DIRECTION('',(-1.0,0.0,0.0));
#15184=DIRECTION('',(0.0,-1.0,0.0));
#15185=DIRECTION('',(-1.0,0.0,0.0));
#15186=DIRECTION('',(0.0,1.0,0.0));
#15187=DIRECTION('',(0.707106781186548,0.707106781186548,0.0));
#15188=DIRECTION('',(1.0,0.0,0.0));
#15189=DIRECTION('',(0.0,0.0,-1.0));
#15190=DIRECTION('',(0.0,0.0,-1.0));
#15191=DIRECTION('',(0.0,0.0,-1.0));
#15192=DIRECTION('',(0.0,0.0,-1.0));
#15193=DIRECTION('',(0.0,0.0,-1.0));
#15194=DIRECTION('',(0.0,0.0,-1.0));
#15195=DIRECTION('',(0.0,0.0,-1.0));
#15196=DIRECTION('',(0.0,0.0,-1.0));
#15197=DIRECTION('',(0.0,0.0,-1.0));
#15198=DIRECTION('',(0.0,0.0,-1.0));
#15199=DIRECTION('',(0.0,0.0,-1.0));
#15200=DIRECTION('',(0.0,0.0,-1.0));
#15201=DIRECTION('',(0.0,0.0,-1.0));
#15202=DIRECTION('',(0.0,0.0,-1.0));
#15203=DIRECTION('',(0.0,0.0,-1.0));
#15204=DIRECTION('',(0.0,0.0,-1.0));
#15205=DIRECTION('',(0.0,0.0,-1.0));
#15206=DIRECTION('',(0.0,0.0,-1.0));
#15207=DIRECTION('',(0.0,0.0,-1.0));
#15208=DIRECTION('',(0.0,0.0,-1.0));
#15209=DIRECTION('',(0.0,0.0,-1.0));
#15210=DIRECTION('',(0.0,0.0,-1.0));
#15211=DIRECTION('',(0.0,0.0,-1.0));
#15212=DIRECTION('',(0.0,0.0,-1.0));
#15213=DIRECTION('',(0.0,0.0,-1.0));
#15214=DIRECTION('',(0.0,0.0,-1.0));
#15215=DIRECTION('',(0.0,0.0,-1.0));
#15216=DIRECTION('',(0.0,0.0,-1.0));
#15217=DIRECTION('',(0.0,0.0,-1.0));
#15218=DIRECTION('',(0.0,0.0,-1.0));
#15219=DIRECTION('',(0.0,0.0,-1.0));
#15220=DIRECTION('',(0.0,0.0,-1.0));
#15221=DIRECTION('',(0.0,0.0,-1.0));
#15222=DIRECTION('',(0.0,0.0,-1.0));
#15223=DIRECTION('',(0.0,0.0,-1.0));
#15224=DIRECTION('',(0.0,0.0,-1.0));
#15225=DIRECTION('',(0.0,0.0,-1.0));
#15226=DIRECTION('',(0.0,0.0,-1.0));
#15227=DIRECTION('',(0.0,0.0,-1.0));
#15228=DIRECTION('',(0.0,0.0,-1.0));
#15229=DIRECTION('',(0.0,0.0,-1.0));
#15230=DIRECTION('',(0.0,0.0,-1.0));
#15231=DIRECTION('',(0.0,0.0,-1.0));
#15232=DIRECTION('',(0.0,0.0,-1.0));
#15233=DIRECTION('',(0.0,0.0,-1.0));
#15234=DIRECTION('',(0.0,0.0,-1.0));
#15235=DIRECTION('',(0.0,0.0,-1.0));
#15236=DIRECTION('',(0.0,0.0,-1.0));
#15237=DIRECTION('',(0.0,0.0,-1.0));
#15238=DIRECTION('',(0.0,0.0,-1.0));
#15239=DIRECTION('',(0.0,0.0,-1.0));
#15240=DIRECTION('',(0.0,0.0,-1.0));
#15241=DIRECTION('',(0.0,0.0,-1.0));
#15242=DIRECTION('',(0.0,0.0,-1.0));
#15243=DIRECTION('',(0.0,0.0,-1.0));
#15244=DIRECTION('',(0.0,0.0,-1.0));
#15245=DIRECTION('',(0.0,0.0,-1.0));
#15246=DIRECTION('',(0.0,0.0,-1.0));
#15247=DIRECTION('',(0.0,1.0,0.0));
#15248=DIRECTION('',(0.0,0.0,1.0));
#15249=DIRECTION('',(0.0,0.0,-1.0));
#15250=DIRECTION('',(0.0,0.0,1.0));
#15251=DIRECTION('',(0.0,-1.0,0.0));
#15252=DIRECTION('',(0.0,0.0,-1.0));
#15253=DIRECTION('',(0.0,0.0,1.0));
#15254=DIRECTION('',(0.0,-1.0,0.0));
#15255=DIRECTION('',(0.0,1.0,0.0));
#15256=DIRECTION('',(0.0,0.0,1.0));
#15257=DIRECTION('',(0.0,0.0,-1.0));
#15258=DIRECTION('',(0.0,-1.0,0.0));
#15259=DIRECTION('',(0.0,0.0,-1.0));
#15260=DIRECTION('',(0.0,-1.0,0.0));
#15261=DIRECTION('',(0.0,0.0,-1.0));
#15262=DIRECTION('',(-1.0,0.0,0.0));
#15263=DIRECTION('',(0.0,0.0,1.0));
#15264=DIRECTION('',(0.0,0.0,1.0));
#15265=DIRECTION('',(1.0,0.0,0.0));
#15266=DIRECTION('',(1.0,0.0,0.0));
#15267=DIRECTION('',(1.0,0.0,0.0));
#15268=DIRECTION('',(0.0,-1.0,0.0));
#15269=DIRECTION('',(1.0,0.0,0.0));
#15270=DIRECTION('',(0.0,-1.0,0.0));
#15271=DIRECTION('',(1.0,0.0,0.0));
#15272=DIRECTION('',(0.0,-1.0,0.0));
#15273=DIRECTION('',(1.0,0.0,0.0));
#15274=DIRECTION('',(0.0,0.0,1.0));
#15275=DIRECTION('',(0.0,0.0,1.0));
#15276=DIRECTION('',(0.0,0.0,1.0));
#15277=DIRECTION('',(0.0,0.0,1.0));
#15278=DIRECTION('',(0.0,0.0,-1.0));
#15279=DIRECTION('',(1.0,0.0,0.0));
#15280=DIRECTION('',(0.0,0.0,-1.0));
#15281=DIRECTION('',(1.0,0.0,0.0));
#15282=DIRECTION('',(0.0,0.0,1.0));
#15283=DIRECTION('',(0.0,0.0,1.0));
#15284=DIRECTION('',(1.0,0.0,0.0));
#15285=DIRECTION('',(0.0,0.0,1.0));
#15286=DIRECTION('',(0.0,0.0,1.0));
#15287=DIRECTION('',(1.0,0.0,0.0));
#15288=DIRECTION('',(0.0,0.0,1.0));
#15289=DIRECTION('',(1.0,0.0,0.0));
#15290=DIRECTION('',(0.0,0.0,1.0));
#15291=DIRECTION('',(0.0,-1.0,0.0));
#15292=DIRECTION('',(0.0,0.0,-1.0));
#15293=DIRECTION('',(0.0,0.0,1.0));
#15294=DIRECTION('',(0.0,-1.0,0.0));
#15295=DIRECTION('',(0.0,0.0,1.0));
#15296=DIRECTION('',(0.0,-1.0,0.0));
#15297=DIRECTION('',(1.0,0.0,0.0));
#15298=DIRECTION('',(-1.0,0.0,0.0));
#15299=DIRECTION('',(1.0,0.0,0.0));
#15300=DIRECTION('',(1.0,0.0,0.0));
#15301=DIRECTION('',(-1.0,0.0,0.0));
#15302=DIRECTION('',(-1.0,0.0,0.0));
#15303=DIRECTION('',(-0.174436949745496,0.969094165252776,-0.174436949745496));
#15304=DIRECTION('',(-0.174436949745496,-0.969094165252776,0.174436949745496));
#15305=DIRECTION('',(-1.0,0.0,0.0));
#15306=DIRECTION('',(0.0,0.0,-1.0));
#15307=DIRECTION('',(-1.0,0.0,0.0));
#15308=DIRECTION('',(0.0,0.0,1.0));
#15309=DIRECTION('',(-0.174436949745496,0.969094165252776,0.174436949745496));
#15310=DIRECTION('',(0.174436949745496,0.969094165252776,0.174436949745496));
#15311=DIRECTION('',(-1.0,0.0,0.0));
#15312=DIRECTION('',(-1.0,0.0,0.0));
#15313=DIRECTION('',(-0.174436949745496,0.174436949745496,-0.969094165252776));
#15314=DIRECTION('',(-1.0,0.0,0.0));
#15315=DIRECTION('',(0.174436949745496,0.174436949745496,-0.969094165252776));
#15316=DIRECTION('',(-0.174436949745496,0.174436949745496,0.969094165252776));
#15317=DIRECTION('',(0.0,-1.0,0.0));
#15318=DIRECTION('',(0.0,1.0,0.0));
#15319=DIRECTION('',(-1.0,0.0,0.0));
#15320=DIRECTION('',(-0.174436949745496,-0.174436949745496,-0.969094165252776));
#15321=DIRECTION('',(-1.0,0.0,0.0));
#15322=DIRECTION('',(0.0,0.0,1.0));
#15323=DIRECTION('',(0.0,-1.0,0.0));
#15324=DIRECTION('',(0.0,0.0,-1.0));
#15325=DIRECTION('',(0.0,0.0,1.0));
#15326=DIRECTION('',(0.0,-1.0,0.0));
#15327=DIRECTION('',(0.0,0.0,1.0));
#15328=DIRECTION('',(0.0,0.0,1.0));
#15329=DIRECTION('',(0.0,-1.0,0.0));
#15330=DIRECTION('',(1.0,0.0,0.0));
#15331=DIRECTION('',(0.0,0.0,-1.0));
#15332=DIRECTION('',(0.0,0.0,1.0));
#15333=DIRECTION('',(0.0,0.0,1.0));
#15334=DIRECTION('',(-1.0,0.0,0.0));
#15335=DIRECTION('',(0.0,-1.0,0.0));
#15336=DIRECTION('',(0.0,0.0,-1.0));
#15337=DIRECTION('',(0.0,0.0,-1.0));
#15338=DIRECTION('',(0.0,-1.0,0.0));
#15339=DIRECTION('',(0.0,0.0,-1.0));
#15340=DIRECTION('',(0.0,0.0,-1.0));
#15341=DIRECTION('',(0.0,-1.0,0.0));
#15342=DIRECTION('',(1.0,0.0,0.0));
#15343=DIRECTION('',(0.0,0.0,-1.0));
#15344=DIRECTION('',(-1.0,0.0,0.0));
#15345=DIRECTION('',(0.0,0.0,-1.0));
#15346=DIRECTION('',(0.0,1.0,0.0));
#15347=DIRECTION('',(0.0,0.0,1.0));
#15348=DIRECTION('',(0.0,0.0,-1.0));
#15349=DIRECTION('',(0.0,0.0,1.0));
#15350=DIRECTION('',(0.0,-1.0,0.0));
#15351=DIRECTION('',(0.0,0.0,-1.0));
#15352=DIRECTION('',(0.0,-1.0,0.0));
#15353=DIRECTION('',(0.0,1.0,0.0));
#15354=DIRECTION('',(0.0,0.0,1.0));
#15355=DIRECTION('',(0.0,0.0,-1.0));
#15356=DIRECTION('',(0.0,-1.0,0.0));
#15357=DIRECTION('',(0.0,0.0,-1.0));
#15358=DIRECTION('',(0.0,0.0,-1.0));
#15359=DIRECTION('',(0.0,1.0,0.0));
#15360=DIRECTION('',(-1.0,0.0,0.0));
#15361=DIRECTION('',(0.0,0.0,1.0));
#15362=DIRECTION('',(1.0,0.0,0.0));
#15363=DIRECTION('',(1.0,0.0,0.0));
#15364=DIRECTION('',(1.0,0.0,0.0));
#15365=DIRECTION('',(-1.0,0.0,0.0));
#15366=DIRECTION('',(0.0,0.0,1.0));
#15367=DIRECTION('',(0.0,1.0,0.0));
#15368=DIRECTION('',(0.0,0.0,1.0));
#15369=DIRECTION('',(0.0,0.0,-1.0));
#15370=DIRECTION('',(0.0,1.0,0.0));
#15371=DIRECTION('',(0.0,0.0,-1.0));
#15372=DIRECTION('',(0.0,1.0,0.0));
#15373=DIRECTION('',(0.0,-1.0,0.0));
#15374=DIRECTION('',(0.0,0.0,-1.0));
#15375=DIRECTION('',(0.0,1.0,0.0));
#15376=DIRECTION('',(0.0,0.0,1.0));
#15377=DIRECTION('',(0.0,0.0,1.0));
#15378=DIRECTION('',(0.0,1.0,0.0));
#15379=DIRECTION('',(-0.174436949745496,-0.174436949745496,-0.969094165252776));
#15380=DIRECTION('',(0.0,1.0,0.0));
#15381=DIRECTION('',(0.174436949745496,-0.174436949745496,0.969094165252776));
#15382=DIRECTION('',(-1.0,0.0,0.0));
#15383=DIRECTION('',(-1.0,0.0,0.0));
#15384=DIRECTION('',(0.174436949745496,0.174436949745496,-0.969094165252776));
#15385=DIRECTION('',(-0.174436949745496,0.174436949745496,0.969094165252776));
#15386=DIRECTION('',(0.0,-1.0,0.0));
#15387=DIRECTION('',(-1.0,0.0,0.0));
#15388=DIRECTION('',(-1.0,0.0,0.0));
#15389=DIRECTION('',(-0.174436949745496,-0.174436949745496,-0.969094165252776));
#15390=DIRECTION('',(0.0,1.0,0.0));
#15391=DIRECTION('',(-0.174436949745496,0.174436949745496,-0.969094165252776));
#15392=DIRECTION('',(-1.0,0.0,0.0));
#15393=DIRECTION('',(0.174436949745496,0.174436949745496,-0.969094165252776));
#15394=DIRECTION('',(-0.174436949745496,0.174436949745496,0.969094165252776));
#15395=DIRECTION('',(0.0,-1.0,0.0));
#15396=DIRECTION('',(-1.0,0.0,0.0));
#15397=DIRECTION('',(-1.0,0.0,0.0));
#15398=DIRECTION('',(-0.174436949745496,0.969094165252776,-0.174436949745496));
#15399=DIRECTION('',(0.0,0.0,1.0));
#15400=DIRECTION('',(-0.174436949745496,0.969094165252776,0.174436949745496));
#15401=DIRECTION('',(-1.0,0.0,0.0));
#15402=DIRECTION('',(0.174436949745496,0.969094165252776,0.174436949745496));
#15403=DIRECTION('',(-1.0,0.0,0.0));
#15404=DIRECTION('',(-1.0,0.0,0.0));
#15405=DIRECTION('',(-0.174436949745496,-0.969094165252776,0.174436949745496));
#15406=DIRECTION('',(0.0,0.0,-1.0));
#15407=DIRECTION('',(-1.0,0.0,0.0));
#15408=DIRECTION('',(-1.0,0.0,0.0));
#15409=DIRECTION('',(0.0,1.0,0.0));
#15410=DIRECTION('',(0.177152998315298,-0.984183323973689,0.0));
#15411=DIRECTION('',(-1.0,0.0,0.0));
#15412=DIRECTION('',(-0.177152998315298,-0.984183323973689,0.0));
#15413=DIRECTION('',(0.0,1.0,0.0));
#15414=DIRECTION('',(0.0,1.0,0.0));
#15415=DIRECTION('',(0.177152998315298,-0.984183323973689,0.0));
#15416=DIRECTION('',(-1.0,0.0,0.0));
#15417=DIRECTION('',(-0.177152998315298,-0.984183323973689,0.0));
#15418=DIRECTION('',(0.0,1.0,0.0));
#15419=DIRECTION('',(0.177152998315298,-0.984183323973689,0.0));
#15420=DIRECTION('',(-1.0,0.0,0.0));
#15421=DIRECTION('',(-0.177152998315298,-0.984183323973689,0.0));
#15422=DIRECTION('',(0.177152998315298,-0.984183323973689,0.0));
#15423=DIRECTION('',(-1.0,0.0,0.0));
#15424=DIRECTION('',(-0.177152998315298,-0.984183323973689,0.0));
#15425=DIRECTION('',(0.0,0.0,-1.0));
#15426=DIRECTION('',(0.0,1.0,0.0));
#15427=DIRECTION('',(0.0,0.0,1.0));
#15428=DIRECTION('',(0.0,0.0,-1.0));
#15429=DIRECTION('',(0.0,0.0,1.0));
#15430=DIRECTION('',(0.0,-1.0,0.0));
#15431=DIRECTION('',(0.0,0.0,-1.0));
#15432=DIRECTION('',(0.0,0.0,1.0));
#15433=DIRECTION('',(0.0,-1.0,0.0));
#15434=DIRECTION('',(0.0,1.0,0.0));
#15435=DIRECTION('',(0.0,0.0,1.0));
#15436=DIRECTION('',(0.0,0.0,-1.0));
#15437=DIRECTION('',(0.0,-1.0,0.0));
#15438=DIRECTION('',(0.0,0.0,-1.0));
#15439=DIRECTION('',(0.0,0.0,-1.0));
#15440=DIRECTION('',(-1.0,0.0,0.0));
#15441=DIRECTION('',(0.0,0.0,1.0));
#15442=DIRECTION('',(0.0,0.0,1.0));
#15443=DIRECTION('',(1.0,0.0,0.0));
#15444=DIRECTION('',(1.0,0.0,0.0));
#15445=DIRECTION('',(0.0,-1.0,0.0));
#15446=DIRECTION('',(1.0,0.0,0.0));
#15447=DIRECTION('',(0.0,-1.0,0.0));
#15448=DIRECTION('',(1.0,0.0,0.0));
#15449=DIRECTION('',(0.0,-1.0,0.0));
#15450=DIRECTION('',(1.0,0.0,0.0));
#15451=DIRECTION('',(0.0,0.0,1.0));
#15452=DIRECTION('',(0.0,0.0,-1.0));
#15453=DIRECTION('',(0.0,0.0,1.0));
#15454=DIRECTION('',(0.0,0.0,1.0));
#15455=DIRECTION('',(0.0,0.0,1.0));
#15456=DIRECTION('',(-1.0,0.0,0.0));
#15457=DIRECTION('',(-0.174436949745496,0.174436949745496,-0.969094165252776));
#15458=DIRECTION('',(-1.0,0.0,0.0));
#15459=DIRECTION('',(0.174436949745496,0.174436949745496,-0.969094165252776));
#15460=DIRECTION('',(-0.174436949745496,0.174436949745496,0.969094165252776));
#15461=DIRECTION('',(0.0,-1.0,0.0));
#15462=DIRECTION('',(0.0,1.0,0.0));
#15463=DIRECTION('',(-1.0,0.0,0.0));
#15464=DIRECTION('',(-0.174436949745496,-0.174436949745496,-0.969094165252776));
#15465=DIRECTION('',(-1.0,0.0,0.0));
#15466=DIRECTION('',(0.0,0.0,-1.0));
#15467=DIRECTION('',(0.0,1.0,0.0));
#15468=DIRECTION('',(0.0,0.0,-1.0));
#15469=DIRECTION('',(0.0,0.0,1.0));
#15470=DIRECTION('',(0.0,0.0,-1.0));
#15471=DIRECTION('',(0.0,1.0,0.0));
#15472=DIRECTION('',(0.0,1.0,0.0));
#15473=DIRECTION('',(0.0,-1.0,0.0));
#15474=DIRECTION('',(0.0,0.0,-1.0));
#15475=DIRECTION('',(0.0,0.0,1.0));
#15476=DIRECTION('',(0.0,1.0,0.0));
#15477=DIRECTION('',(0.0,0.0,1.0));
#15478=DIRECTION('',(0.0,0.0,1.0));
#15479=DIRECTION('',(-1.0,0.0,0.0));
#15480=DIRECTION('',(-0.174436949745496,-0.174436949745496,-0.969094165252776));
#15481=DIRECTION('',(0.0,1.0,0.0));
#15482=DIRECTION('',(0.174436949745496,-0.174436949745496,0.969094165252776));
#15483=DIRECTION('',(-1.0,0.0,0.0));
#15484=DIRECTION('',(-1.0,0.0,0.0));
#15485=DIRECTION('',(0.174436949745496,0.174436949745496,-0.969094165252776));
#15486=DIRECTION('',(-0.174436949745496,0.174436949745496,0.969094165252776));
#15487=DIRECTION('',(0.0,-1.0,0.0));
#15488=DIRECTION('',(-1.0,0.0,0.0));
#15489=DIRECTION('',(-1.0,0.0,0.0));
#15490=DIRECTION('',(-0.174436949745496,0.969094165252776,-0.174436949745496));
#15491=DIRECTION('',(0.0,0.0,1.0));
#15492=DIRECTION('',(-0.174436949745496,0.969094165252776,0.174436949745496));
#15493=DIRECTION('',(-1.0,0.0,0.0));
#15494=DIRECTION('',(0.174436949745496,0.969094165252776,0.174436949745496));
#15495=DIRECTION('',(-1.0,0.0,0.0));
#15496=DIRECTION('',(-1.0,0.0,0.0));
#15497=DIRECTION('',(-0.174436949745496,-0.969094165252776,0.174436949745496));
#15498=DIRECTION('',(0.0,0.0,-1.0));
#15499=DIRECTION('',(-1.0,0.0,0.0));
#15500=DIRECTION('',(-1.0,0.0,0.0));
#15501=DIRECTION('',(-1.0,0.0,0.0));
#15502=DIRECTION('',(-0.174436949745496,0.969094165252776,-0.174436949745496));
#15503=DIRECTION('',(0.0,0.0,1.0));
#15504=DIRECTION('',(-0.174436949745496,0.969094165252776,0.174436949745496));
#15505=DIRECTION('',(-1.0,0.0,0.0));
#15506=DIRECTION('',(0.174436949745496,0.969094165252776,0.174436949745496));
#15507=DIRECTION('',(0.0,0.0,-1.0));
#15508=DIRECTION('',(-0.174436949745496,-0.969094165252776,0.174436949745496));
#15509=DIRECTION('',(-1.0,0.0,0.0));
#15510=DIRECTION('',(0.0,0.0,-1.0));
#15511=DIRECTION('',(0.0,1.0,0.0));
#15512=DIRECTION('',(0.0,0.0,1.0));
#15513=DIRECTION('',(0.0,0.0,-1.0));
#15514=DIRECTION('',(0.0,0.0,1.0));
#15515=DIRECTION('',(0.0,-1.0,0.0));
#15516=DIRECTION('',(0.0,0.0,-1.0));
#15517=DIRECTION('',(0.0,0.0,1.0));
#15518=DIRECTION('',(0.0,-1.0,0.0));
#15519=DIRECTION('',(0.0,1.0,0.0));
#15520=DIRECTION('',(0.0,0.0,1.0));
#15521=DIRECTION('',(0.0,0.0,-1.0));
#15522=DIRECTION('',(0.0,-1.0,0.0));
#15523=DIRECTION('',(0.0,0.0,-1.0));
#15524=DIRECTION('',(0.0,0.0,-1.0));
#15525=DIRECTION('',(-1.0,0.0,0.0));
#15526=DIRECTION('',(0.0,0.0,1.0));
#15527=DIRECTION('',(0.0,0.0,1.0));
#15528=DIRECTION('',(1.0,0.0,0.0));
#15529=DIRECTION('',(0.0,0.0,-1.0));
#15530=DIRECTION('',(0.0,0.0,-1.0));
#15531=DIRECTION('',(0.0,-1.0,0.0));
#15532=DIRECTION('',(0.0,0.0,-1.0));
#15533=DIRECTION('',(0.0,0.0,-1.0));
#15534=DIRECTION('',(0.0,-1.0,0.0));
#15535=DIRECTION('',(0.0,0.0,-1.0));
#15536=DIRECTION('',(0.0,-1.0,0.0));
#15537=DIRECTION('',(1.0,0.0,0.0));
#15538=DIRECTION('',(0.0,0.0,1.0));
#15539=DIRECTION('',(0.0,0.0,-1.0));
#15540=DIRECTION('',(-1.0,0.0,0.0));
#15541=DIRECTION('',(0.0,1.0,0.0));
#15542=DIRECTION('',(0.0,0.0,1.0));
#15543=DIRECTION('',(0.0,0.0,-1.0));
#15544=DIRECTION('',(0.0,1.0,0.0));
#15545=DIRECTION('',(0.0,0.0,1.0));
#15546=DIRECTION('',(0.0,0.0,-1.0));
#15547=DIRECTION('',(0.0,1.0,0.0));
#15548=DIRECTION('',(0.0,-1.0,0.0));
#15549=DIRECTION('',(0.0,0.0,-1.0));
#15550=DIRECTION('',(0.0,0.0,1.0));
#15551=DIRECTION('',(0.0,1.0,0.0));
#15552=DIRECTION('',(0.0,0.0,1.0));
#15553=DIRECTION('',(0.0,0.0,1.0));
#15554=DIRECTION('',(-0.174436949745496,-0.174436949745496,-0.969094165252776));
#15555=DIRECTION('',(0.0,1.0,0.0));
#15556=DIRECTION('',(0.174436949745496,-0.174436949745496,0.969094165252776));
#15557=DIRECTION('',(-1.0,0.0,0.0));
#15558=DIRECTION('',(-1.0,0.0,0.0));
#15559=DIRECTION('',(0.174436949745496,0.174436949745496,-0.969094165252776));
#15560=DIRECTION('',(-0.174436949745496,0.174436949745496,0.969094165252776));
#15561=DIRECTION('',(0.0,-1.0,0.0));
#15562=DIRECTION('',(-1.0,0.0,0.0));
#15563=DIRECTION('',(-1.0,0.0,0.0));
#15564=DIRECTION('',(-0.174436949745496,-0.174436949745496,-0.969094165252776));
#15565=DIRECTION('',(0.0,1.0,0.0));
#15566=DIRECTION('',(-0.174436949745496,0.174436949745496,-0.969094165252776));
#15567=DIRECTION('',(-1.0,0.0,0.0));
#15568=DIRECTION('',(0.174436949745496,0.174436949745496,-0.969094165252776));
#15569=DIRECTION('',(-1.0,0.0,0.0));
#15570=DIRECTION('',(1.0,0.0,0.0));
#15571=DIRECTION('',(0.0,0.0,-1.0));
#15572=DIRECTION('',(0.0,-1.0,0.0));
#15573=DIRECTION('',(0.0,0.0,1.0));
#15574=DIRECTION('',(0.0,-1.0,0.0));
#15575=DIRECTION('',(0.0,0.0,1.0));
#15576=DIRECTION('',(0.0,-1.0,0.0));
#15577=DIRECTION('',(1.0,0.0,0.0));
#15578=DIRECTION('',(1.0,0.0,0.0));
#15579=DIRECTION('',(-1.0,0.0,0.0));
#15580=DIRECTION('',(-1.0,0.0,0.0));
#15581=DIRECTION('',(-0.174436949745496,0.969094165252776,-0.174436949745496));
#15582=DIRECTION('',(-0.174436949745496,-0.969094165252776,0.174436949745496));
#15583=DIRECTION('',(-1.0,0.0,0.0));
#15584=DIRECTION('',(0.0,0.0,-1.0));
#15585=DIRECTION('',(-1.0,0.0,0.0));
#15586=DIRECTION('',(0.0,0.0,1.0));
#15587=DIRECTION('',(-0.174436949745496,0.969094165252776,0.174436949745496));
#15588=DIRECTION('',(0.174436949745496,0.969094165252776,0.174436949745496));
#15589=DIRECTION('',(-1.0,0.0,0.0));
#15590=DIRECTION('',(-1.0,0.0,0.0));
#15591=DIRECTION('',(-0.174436949745496,0.174436949745496,0.969094165252776));
#15592=DIRECTION('',(0.0,-1.0,0.0));
#15593=DIRECTION('',(-1.0,0.0,0.0));
#15594=DIRECTION('',(-1.0,0.0,0.0));
#15595=DIRECTION('',(-0.174436949745496,0.969094165252776,-0.174436949745496));
#15596=DIRECTION('',(0.0,0.0,1.0));
#15597=DIRECTION('',(-0.174436949745496,0.969094165252776,0.174436949745496));
#15598=DIRECTION('',(-1.0,0.0,0.0));
#15599=DIRECTION('',(0.174436949745496,0.969094165252776,0.174436949745496));
#15600=DIRECTION('',(0.0,0.0,-1.0));
#15601=DIRECTION('',(-0.174436949745496,-0.969094165252776,0.174436949745496));
#15602=DIRECTION('',(-1.0,0.0,0.0));
#15603=DIRECTION('',(0.174436949745496,0.969094165252776,0.174436949745496));
#15604=DIRECTION('',(0.0,0.0,-1.0));
#15605=DIRECTION('',(-0.174436949745496,-0.969094165252776,0.174436949745496));
#15606=DIRECTION('',(-1.0,0.0,0.0));
#15607=DIRECTION('',(-0.174436949745496,0.969094165252776,-0.174436949745496));
#15608=DIRECTION('',(0.0,0.0,1.0));
#15609=DIRECTION('',(-0.174436949745496,0.969094165252776,0.174436949745496));
#15610=DIRECTION('',(-1.0,0.0,0.0));
#15611=DIRECTION('',(0.174436949745496,0.969094165252776,0.174436949745496));
#15612=DIRECTION('',(0.0,0.0,-1.0));
#15613=DIRECTION('',(-0.174436949745496,-0.969094165252776,0.174436949745496));
#15614=DIRECTION('',(-1.0,0.0,0.0));
#15615=DIRECTION('',(-0.174436949745496,0.969094165252776,-0.174436949745496));
#15616=DIRECTION('',(0.0,0.0,1.0));
#15617=DIRECTION('',(-0.174436949745496,0.969094165252776,0.174436949745496));
#15618=DIRECTION('',(-1.0,0.0,0.0));
#15619=DIRECTION('',(0.0,-1.0,0.0));
#15620=DIRECTION('',(-1.0,0.0,0.0));
#15621=DIRECTION('',(0.0,0.0,1.0));
#15622=DIRECTION('',(0.0,1.0,0.0));
#15623=DIRECTION('',(0.0,0.0,-1.0));
#15624=DIRECTION('',(0.0,0.0,1.0));
#15625=DIRECTION('',(0.0,0.0,-1.0));
#15626=DIRECTION('',(0.0,1.0,0.0));
#15627=DIRECTION('',(0.0,0.0,1.0));
#15628=DIRECTION('',(0.0,0.0,-1.0));
#15629=DIRECTION('',(0.0,1.0,0.0));
#15630=DIRECTION('',(0.0,-1.0,0.0));
#15631=DIRECTION('',(0.0,0.0,-1.0));
#15632=DIRECTION('',(0.0,1.0,0.0));
#15633=DIRECTION('',(0.0,0.0,1.0));
#15634=DIRECTION('',(0.0,-1.0,0.0));
#15635=DIRECTION('',(0.0,0.0,1.0));
#15636=DIRECTION('',(-1.0,0.0,0.0));
#15637=DIRECTION('',(-0.174436949745496,-0.174436949745496,-0.969094165252776));
#15638=DIRECTION('',(0.0,1.0,0.0));
#15639=DIRECTION('',(0.174436949745496,-0.174436949745496,0.969094165252776));
#15640=DIRECTION('',(-1.0,0.0,0.0));
#15641=DIRECTION('',(-1.0,0.0,0.0));
#15642=DIRECTION('',(0.174436949745496,0.174436949745496,-0.969094165252776));
#15643=DIRECTION('',(-0.174436949745496,0.174436949745496,0.969094165252776));
#15644=DIRECTION('',(0.0,-1.0,0.0));
#15645=DIRECTION('',(-1.0,0.0,0.0));
#15646=DIRECTION('',(-1.0,0.0,0.0));
#15647=DIRECTION('',(-0.174436949745496,-0.174436949745496,-0.969094165252776));
#15648=DIRECTION('',(0.0,1.0,0.0));
#15649=DIRECTION('',(-0.174436949745496,0.174436949745496,-0.969094165252776));
#15650=DIRECTION('',(-1.0,0.0,0.0));
#15651=DIRECTION('',(0.174436949745496,0.174436949745496,-0.969094165252776));
#15652=DIRECTION('',(-1.0,0.0,0.0));
#15653=DIRECTION('',(-0.174436949745496,0.174436949745496,0.969094165252776));
#15654=DIRECTION('',(0.0,-1.0,0.0));
#15655=DIRECTION('',(-1.0,0.0,0.0));
#15656=DIRECTION('',(-1.0,0.0,0.0));
#15657=DIRECTION('',(-0.174436949745496,0.969094165252776,-0.174436949745496));
#15658=DIRECTION('',(0.0,0.0,1.0));
#15659=DIRECTION('',(-0.174436949745496,0.969094165252776,0.174436949745496));
#15660=DIRECTION('',(-1.0,0.0,0.0));
#15661=DIRECTION('',(0.174436949745496,0.969094165252776,0.174436949745496));
#15662=DIRECTION('',(-1.0,0.0,0.0));
#15663=DIRECTION('',(-1.0,0.0,0.0));
#15664=DIRECTION('',(-0.174436949745496,-0.969094165252776,0.174436949745496));
#15665=DIRECTION('',(0.0,0.0,-1.0));
#15666=DIRECTION('',(-1.0,0.0,0.0));
#15667=DIRECTION('',(-1.0,0.0,0.0));
#15668=DIRECTION('',(-0.174436949745496,0.969094165252776,-0.174436949745496));
#15669=DIRECTION('',(0.0,0.0,1.0));
#15670=DIRECTION('',(-0.174436949745496,0.969094165252776,0.174436949745496));
#15671=DIRECTION('',(-1.0,0.0,0.0));
#15672=DIRECTION('',(0.174436949745496,0.969094165252776,0.174436949745496));
#15673=DIRECTION('',(-1.0,0.0,0.0));
#15674=DIRECTION('',(-0.174436949745496,-0.969094165252776,0.174436949745496));
#15675=DIRECTION('',(0.0,0.0,-1.0));
#15676=DIRECTION('',(-1.0,0.0,0.0));
#15677=DIRECTION('',(-1.0,0.0,0.0));
#15678=DIRECTION('',(-0.174436949745496,0.174436949745496,-0.969094165252776));
#15679=DIRECTION('',(-1.0,0.0,0.0));
#15680=DIRECTION('',(0.174436949745496,0.174436949745496,-0.969094165252776));
#15681=DIRECTION('',(0.0,-1.0,0.0));
#15682=DIRECTION('',(-0.174436949745496,0.174436949745496,0.969094165252776));
#15683=DIRECTION('',(-1.0,0.0,0.0));
#15684=DIRECTION('',(-0.174436949745496,-0.174436949745496,-0.969094165252776));
#15685=DIRECTION('',(-1.0,0.0,0.0));
#15686=DIRECTION('',(0.0,1.0,0.0));
#15687=DIRECTION('',(-1.0,0.0,0.0));
#15688=DIRECTION('',(-0.174436949745496,0.174436949745496,-0.969094165252776));
#15689=DIRECTION('',(-1.0,0.0,0.0));
#15690=DIRECTION('',(0.174436949745496,0.174436949745496,-0.969094165252776));
#15691=DIRECTION('',(0.0,-1.0,0.0));
#15692=DIRECTION('',(-0.174436949745496,0.174436949745496,0.969094165252776));
#15693=DIRECTION('',(-1.0,0.0,0.0));
#15694=DIRECTION('',(-0.174436949745496,-0.174436949745496,-0.969094165252776));
#15695=DIRECTION('',(-1.0,0.0,0.0));
#15696=DIRECTION('',(0.0,1.0,0.0));
#15697=DIRECTION('',(-1.0,0.0,0.0));
#15698=DIRECTION('',(-0.174436949745496,0.969094165252776,0.174436949745496));
#15699=DIRECTION('',(-1.0,0.0,0.0));
#15700=DIRECTION('',(0.174436949745496,0.969094165252776,0.174436949745496));
#15701=DIRECTION('',(0.0,0.0,-1.0));
#15702=DIRECTION('',(0.174436949745496,0.969094165252776,-0.174436949745496));
#15703=DIRECTION('',(-1.0,0.0,0.0));
#15704=DIRECTION('',(-0.174436949745496,0.969094165252776,-0.174436949745496));
#15705=DIRECTION('',(0.0,0.0,1.0));
#15706=DIRECTION('',(0.0,0.0,-1.0));
#15707=DIRECTION('',(0.0,1.0,0.0));
#15708=DIRECTION('',(1.0,0.0,0.0));
#15709=DIRECTION('',(-0.937082114832659,-0.349109023172922,0.0));
#15710=DIRECTION('',(0.0,1.0,0.0));
#15711=DIRECTION('',(-0.937082114832659,0.349109023172922,0.0));
#15712=DIRECTION('',(0.0,-1.0,0.0));
#15713=DIRECTION('',(1.0,0.0,0.0));
#15714=DIRECTION('',(0.0,0.0,-1.0));
#15715=DIRECTION('',(0.0,0.0,1.0));
#15716=DIRECTION('',(0.0,0.0,1.0));
#15717=DIRECTION('',(0.0,-1.0,0.0));
#15718=DIRECTION('',(0.0,0.0,-1.0));
#15719=DIRECTION('',(1.0,0.0,0.0));
#15720=DIRECTION('',(0.0,0.0,-1.0));
#15721=DIRECTION('',(0.0,-1.0,0.0));
#15722=DIRECTION('',(0.0,0.0,1.0));
#15723=DIRECTION('',(1.0,0.0,0.0));
#15724=DIRECTION('',(-1.0,0.0,0.0));
#15725=DIRECTION('',(-1.0,0.0,0.0));
#15726=DIRECTION('',(-0.174436949745496,0.969094165252776,0.174436949745496));
#15727=DIRECTION('',(-1.0,0.0,0.0));
#15728=DIRECTION('',(0.174436949745496,0.969094165252776,0.174436949745496));
#15729=DIRECTION('',(0.0,0.0,-1.0));
#15730=DIRECTION('',(-0.174436949745496,-0.969094165252776,0.174436949745496));
#15731=DIRECTION('',(-1.0,0.0,0.0));
#15732=DIRECTION('',(-0.174436949745496,0.969094165252776,-0.174436949745496));
#15733=DIRECTION('',(-1.0,0.0,0.0));
#15734=DIRECTION('',(0.0,0.0,1.0));
#15735=DIRECTION('',(0.0,0.0,-1.0));
#15736=DIRECTION('',(-1.0,0.0,0.0));
#15737=DIRECTION('',(0.0,-1.0,0.0));
#15738=DIRECTION('',(-1.0,0.0,0.0));
#15739=DIRECTION('',(0.0,0.0,1.0));
#15740=DIRECTION('',(-1.0,0.0,0.0));
#15741=DIRECTION('',(1.0,0.0,0.0));
#15742=DIRECTION('',(-1.0,0.0,0.0));
#15743=DIRECTION('',(-1.0,0.0,0.0));
#15744=DIRECTION('',(0.0,0.0,1.0));
#15745=DIRECTION('',(-1.0,0.0,0.0));
#15746=DIRECTION('',(0.0,1.0,0.0));
#15747=DIRECTION('',(-1.0,0.0,0.0));
#15748=DIRECTION('',(0.0,0.0,-1.0));
#15749=DIRECTION('',(-1.0,0.0,0.0));
#15750=DIRECTION('',(0.0,0.64287114276419,0.765974342782488));
#15751=DIRECTION('',(-1.0,0.0,0.0));
#15752=DIRECTION('',(0.0,0.0,-1.0));
#15753=DIRECTION('',(-1.0,0.0,0.0));
#15754=DIRECTION('',(0.0,-0.642871293713882,-0.765974216092578));
#15755=DIRECTION('',(-1.0,0.0,0.0));
#15756=DIRECTION('',(0.0,-1.0,0.0));
#15757=DIRECTION('',(0.0,0.0,-1.0));
#15758=DIRECTION('',(0.0,0.0,-1.0));
#15759=DIRECTION('',(-1.7763568394E-14,0.0,-1.0));
#15760=DIRECTION('',(0.0,0.0,-1.0));
#15761=DIRECTION('',(0.0,0.0,-1.0));
#15762=DIRECTION('',(0.0,0.0,-1.0));
#15763=PRESENTATION_LAYER_ASSIGNMENT('','',(#26,#49,#50,#51,#52,#53,#54,#55,#56,#57,#58,#59,#60,#61,#62,#63,#68,#69,#70,#71,#72,#73,#74,#75,#76,#77,#78,#79,#80,#81,#82,#83,#84,#85,#86,#87,#88,#89,#90,#91,#92,#93,#94,#95,#96,#97,#98,#99,#100,#101,#102,#103,#104,#105,#106,#107,#108,#109,#110,#111,#112,#113,#114,#115,#116,#117,#118,#119,#120,#121,#122,#123,#124,#125,#126,#127,#128,#129,#130,#131,#132,#133,#134,#135,#136,#137,#138,#139,#140,#141,#142,#143,#144,#145,#146,#147,#148,#149,#150,#151,#152,#153,#154,#155,#156,#157,#158,#159,#160,#161,#162,#163,#164,#165,#166,#167,#168,#169,#170,#171,#172,#173,#174,#175,#176,#177,#178,#179,#180,#181,#182,#183,#184,#185,#186,#187,#188,#189,#190,#191,#192,#193,#194,#195,#196,#197,#198,#199,#200,#201,#202,#203,#204,#205,#206,#207,#208,#209,#210,#211,#212,#213,#214,#215,#216,#217,#218,#219,#220,#221,#222,#223,#224,#225,#226,#227,#228,#229,#230,#231,#232,#233,#234,#235,#236,#237,#238,#239,#240,#241,#242,#243,#244,#245,#246,#247,#248,#249,#250,#251,#252,#253,#254,#255,#256,#257,#258,#259,#260,#261,#262,#263,#264,#265,#266,#267,#268,#269,#270,#271,#272,#273,#274,#275,#276,#277,#278,#279,#280,#281,#282,#283,#284,#285,#286,#287,#288,#289,#290,#291,#292,#293,#294,#295,#296,#297,#298,#299,#300,#301,#302,#303,#304,#305,#306,#307,#308,#309,#310,#311,#312,#313,#314,#315,#316,#317,#318,#319,#320,#321,#322,#323,#324,#325,#326,#327,#328,#329,#330,#331,#332,#333,#334,#335,#336,#337,#338,#339,#340,#341,#342,#343,#344,#345,#346,#347,#348,#349,#350,#351,#352,#353,#354,#355,#356,#357,#358,#359,#360,#361,#362,#363,#364,#365,#366,#367,#368,#369,#370,#371,#372,#373,#374,#375,#376,#377,#378,#379,#380,#381,#382,#383,#384,#385,#386,#387,#388,#389,#390,#391,#392,#393,#394,#395,#396,#397,#398,#399,#400,#401,#402,#403,#404,#405,#406,#407,#408,#409,#410,#411,#412,#413,#414,#415,#416,#417,#418,#419,#420,#421,#422,#423,#424,#425,#426,#427,#428,#429,#430,#431,#432,#433,#434,#435,#436,#437,#438,#439,#440,#441,#442,#443,#444,#445,#446,#447,#448,#449,#450,#451,#452,#453,#454,#455,#456,#457,#458,#459,#460,#461,#462,#463,#464,#465,#466,#467,#468,#469,#470,#471,#472,#473,#474,#475,#476,#477,#478,#479,#480,#481,#482,#483,#484,#485,#486,#487,#488,#489,#490,#491,#492,#493,#494,#495,#496,#497,#498,#499,#500,#501,#502,#503,#504,#505,#506,#507,#508,#509,#510,#511,#512,#513,#514,#515,#516,#517,#518,#519,#520,#521,#522,#523,#524,#525,#526,#527,#528,#529,#530,#531,#532,#533,#534,#535,#536,#537,#538,#539,#540,#541,#542,#543,#544,#545,#546,#547,#548,#549,#550,#551,#552,#553,#554,#555,#556,#557,#558,#559,#560,#561,#562,#563,#564,#565,#566,#567,#568,#569,#570,#571,#572,#573,#574,#575,#576,#577,#578,#579,#580,#581,#582,#583,#584,#585,#586,#587,#588,#589,#590,#591,#592,#593,#594,#595,#596,#597,#598,#599,#600,#1727,#1728,#1729,#1730,#1731,#1732,#1733,#1734,#1735,#1736,#1737,#1738,#1739,#1740,#1741,#1742,#1743,#1744,#1745,#1746,#1747,#1748,#1749,#1750,#1751,#1752,#1753,#1754,#1755,#1756,#1757,#7208,#7209,#7210,#7211,#7212,#7213,#7214,#7215,#7216,#7217,#7218,#7219,#7220,#7221,#7222,#7223,#7224,#7225,#7226,#7227,#7228,#7229,#7230,#7231,#7232,#7233,#7234,#7235,#7236,#7237,#7238,#7239,#7240,#7241,#7242,#7243,#7244,#7245,#7246,#7247,#7248,#7249,#7250,#7251,#7252,#7253,#7254,#7255,#7256,#7257,#7258,#7259,#7260,#7261,#7262,#7263,#7264,#7265,#7266,#7267,#7268,#7269,#7270,#7271,#7272,#7273,#7274,#7275,#7276,#7277,#7278,#7279,#7280,#7281,#7282,#7283,#7284,#7285,#7286,#7287,#7288,#7289,#7290,#7291,#7292,#7293,#7294,#7295,#7296,#7297,#7298,#7299,#7300,#7301,#7302,#7303,#7304,#7305,#7306,#7307,#7308,#7309,#7310,#7311,#7312,#7313,#7314,#7315,#7316,#7317,#7318,#7319,#7320,#7321,#7322,#7323,#7324,#7325,#7326,#7327,#7328,#7329,#7330,#7331,#7332,#7333,#7334,#7335,#7336,#7337,#7338,#7339,#7340,#7341,#7342,#7343,#7344,#7345,#7346,#7347,#7348,#7349,#7350,#7351,#7352,#7353,#7354,#7355,#7356,#7357,#7358,#7359,#7360,#7361,#7362,#7363,#7364,#7365,#7366,#7367,#7368,#7369,#7370,#7371,#7372,#7373,#7374,#7375,#7376,#7377,#7378,#7379,#7380,#7381,#7382,#7383,#7384,#7385,#7386,#7387,#7388,#7389,#7390,#7391,#7392,#7393,#7394,#7395,#7396,#7397,#7398,#7399,#7400,#7401,#7402,#7403,#7404,#7405,#7406,#7407,#7408,#7409,#7410,#7411,#7412,#7413,#7414,#7415,#7416,#7417,#7418,#7419,#7420,#7421,#7422,#7423,#7424,#7425,#7426,#7427,#7428,#7429,#7430,#7431,#7432,#7433,#7434,#7435,#7436,#7437,#7438,#7439,#7440,#7441,#7442,#7443,#7444,#7445,#7446,#7447,#7448,#7449,#7450,#7451,#7452,#7453,#7454,#7455,#7456,#7457,#7458,#7459,#7460,#7461,#7462,#7463,#7464,#7465,#7466,#7467,#7468,#7469,#7470,#7471,#7472,#7473,#7474,#7475,#7476,#7477,#7478,#7479,#7480,#7481,#7482,#7483,#7484,#7485,#7486,#7487,#7488,#7489,#7490,#7491,#7492,#7493,#7494,#7495,#7496,#7497,#7498,#7499,#7500,#7501,#7502,#7503,#7504,#7505,#7506,#7507,#7508,#7509,#7510,#7511,#7512,#7513,#7514,#7515,#7516,#7517,#7518,#7519,#7520,#7521,#7522,#7523,#7524,#7525,#7526,#7527,#7528,#7529,#7530,#7531,#7532,#7533,#7534,#7535,#7536,#7537,#7538,#7539,#7540,#7541,#7542,#7543,#7544,#7545,#7546,#7547,#7548,#7549,#7550,#7551,#7552,#7553,#7554,#7555,#7556,#7557,#7558,#7559,#7560,#7561,#7562,#7563,#7564,#7565,#7566,#7567,#7568,#7569,#7570,#7571,#7572,#7573,#7574,#7575,#7576,#7577,#7578,#7579,#7580,#7581,#7582,#7583,#7584,#7585,#7586,#7587,#7588,#7589,#7590,#7591,#7592,#7593,#7594,#7595,#7596,#7597,#7598,#7599,#7600,#7601,#7602,#7603,#7604,#7605,#7606,#7607,#7608,#7609,#7610,#7611,#7612,#7613,#7614,#7615,#7616,#7617,#7618,#7619,#7620,#7621,#7622,#7623,#7624,#7625,#7626,#7627,#7628,#7629,#7630,#7631,#7632,#7633,#7634,#7635,#7636,#7637,#7638,#7639,#7640,#7641,#7642,#7643,#7644,#7645,#7646,#7647,#7648,#7649,#7650,#7651,#7652,#7653,#7654,#7655,#7656,#7657,#7658,#7659,#7660,#7661,#7662,#7663,#7664,#7665,#7666,#7667,#7668,#7669,#7670,#7671,#7672,#7673,#7674,#7675,#7676,#7677,#7678,#7679,#7680,#7681,#7682,#7683,#7684,#7685,#7686,#7687,#7688,#7689,#7690,#7691,#7692,#7693,#7694,#7695,#7696,#7697,#7698,#7699,#7700,#7701,#7702,#7703,#7704,#7705,#7706,#7707,#7708,#7709,#7710,#7711,#7712,#7713,#7714,#7715,#7716,#7717,#7718,#7719,#7720,#7721,#7722,#7723,#7724,#7725,#7726,#7727,#7728,#7729,#7730,#7731,#7732,#7733,#7734,#7735,#7736,#7737,#7738,#7739,#7740,#7741,#7742,#7743,#7744,#7745,#7746,#7747,#7748,#7749,#7750,#7751,#7752,#7753,#7754,#7755,#7756,#7757,#7758,#7759,#7760,#7761,#7762,#7763,#7764,#7765,#7766,#7767,#7768,#7769,#7770,#7771,#7772,#7773,#7774,#7775,#7776,#7777,#7778,#7779,#7780,#7781,#7782,#7783,#7784,#7785,#7786,#7787,#7788,#7789,#7790,#7791,#7792,#7793,#7794,#7795,#7796,#7797,#7798,#7799,#7800,#7801,#7802,#7803,#7804,#7805,#7806,#7807,#7808,#7809,#7810,#7811,#7812,#7813,#7814,#7815,#7816,#7817,#7818,#7819,#7820,#7821,#7822,#7823,#7824,#7825,#7826,#7827,#7828,#7829,#7830,#7831,#7832,#7833,#7834,#7835,#7836,#7837,#7838,#7839,#7840,#7841,#7842,#7843,#7844,#7845,#7846,#7847,#7848,#7849,#7850,#7851,#7852,#7853,#7854,#7855,#7856,#7857,#7858,#7859,#7860,#7861,#7862,#7863,#7864,#7865,#7866,#7867,#7868,#7869,#7870,#7871,#7872,#7873,#7874,#7875,#7876,#7877,#7878,#7879,#7880,#7881,#7882,#7883,#7884,#7885,#7886,#7887,#7888,#7889,#7890,#7891,#7892,#7893,#7894,#7895,#7896,#7897,#7898,#7899,#7900,#7901,#7902,#7903,#7904,#7905,#7906,#7907,#7908,#7909,#7910,#7911,#7912,#7913,#7914,#7915,#7916,#7917,#7918,#7919,#7920,#7921,#7922,#7923,#7924,#7925,#7926,#7927,#7928,#7929,#7930,#7931,#7932,#7933,#7934,#7935,#7936,#7937,#7938,#7939,#7940,#7941,#7942,#7943,#7944,#7945,#7946,#7947,#7948,#7949,#7950,#7951,#7952,#7953,#7954,#7955,#7956,#7957,#7958,#7959,#7960,#7961,#7962,#7963,#7964,#7965,#7966,#7967,#7968,#7969,#7970,#7971,#7972,#7973,#7974,#7975,#7976,#7977,#7978,#7979,#7980,#7981,#7982,#7983,#7984,#7985,#7986,#7987,#7988,#7989,#7990,#7991,#7992,#7993,#7994,#7995,#7996,#7997,#7998,#7999,#8000,#8001,#8002,#8003,#8004,#8005,#8006,#8007,#8008,#8009,#8010,#8011,#8012,#8013,#8014,#8015,#8016,#8017,#8018,#8019,#8020,#8021,#8022,#8023,#8024,#8025,#8026,#8027,#8028,#8029,#8030,#8031,#8032,#8033,#8034,#8035,#8036,#8037,#8038,#8039,#8040,#8041,#8042,#8043,#8044,#8045,#8046,#8047,#8048,#8049,#8050,#8051,#8052,#8053,#8054,#8055,#8056,#8057,#8058,#8059,#8060,#8061,#8062,#8063,#8064,#8065,#8066,#8067,#8068,#8069,#8070,#8071,#8072,#8073,#8074,#8075,#8076,#8077,#8078,#8079,#8080,#8081,#8082,#8083,#8084,#8085,#8086,#8087,#8088,#8089,#8090,#8091,#8092,#8093,#8094,#8095,#8096,#8097,#8098,#8099,#8100,#8101,#8102,#8103,#8104,#8105,#8106,#8107,#8108,#8109,#8110,#8111,#8112,#8113,#8114,#8115,#8116,#8117,#8118,#8119,#8120,#8121,#8122,#8123,#8124,#8125,#8126,#8127,#8128,#8129,#8130,#8131,#8132,#8133,#8134,#8135,#8136,#8137,#8138,#8139,#8140,#8141,#8142,#8143,#8144,#8145,#8146,#8147,#8148,#8149,#8150,#8151,#8152,#8153,#8154,#8155,#8156,#8157,#8158,#8159,#8160,#8161,#8162,#8163,#8164,#8165,#8166,#8167,#8168,#8169,#8170,#8171,#8172,#8173,#8174,#8175,#8176,#8177,#8178,#8179,#8180,#8181,#8182,#8183,#8184,#8185,#8186,#8187,#8188,#8189,#8190,#8191,#8192,#8193,#8194,#8195,#8196,#8197,#8198,#8199,#8200,#8201,#8202,#8203,#8204,#8205,#8206,#8207,#8208,#8209,#8210,#8211,#8212,#8213,#8214,#8215,#8216,#8217,#8218,#8219,#8220,#8221,#8222,#8223,#8224,#8225,#8226,#8227,#8228,#8229,#8230,#8231,#8232,#8233,#8234,#8235,#8236,#8237,#8238,#8239,#8240,#8241,#8242,#8243,#8244,#8245,#8246,#8247,#8248,#8249,#8250,#8251,#8252,#8253,#8254,#8255,#8256,#8257,#8258,#8259,#8260,#8261,#8262,#8263,#8264,#8265,#8266,#8267,#8268,#8269,#8270,#8271,#8272,#8273,#8274,#8275,#8276,#8277,#8278,#8279,#8280,#8281,#8282,#8283,#8284,#8285,#8286,#8287,#8288,#8289,#8290,#8291,#8292,#8293,#8294,#8295,#8296,#8297,#8298,#8299,#8300,#8301,#8302,#8303,#8304,#8305,#8306,#8307,#8308,#8309,#8310,#8311,#8312,#8313,#8314,#8315,#8316,#8317,#8318,#8319,#8320,#8321,#8322,#8323,#8324,#8325,#8326,#8327,#8328,#8329,#8330,#8331,#8332,#8333,#8334,#8335,#8336,#8337,#8338,#8339,#8340,#8341,#8342,#8343,#8344,#8345,#8346,#8347,#8348,#8349,#8350,#8351,#8352,#8353,#8354,#8355,#8356,#8357,#8358,#8359,#8360,#8361,#8362,#8363,#8364,#8365,#8366,#8367,#8368,#8369,#8370,#8371,#8372,#8373,#8374,#8375,#8376,#8377,#8378,#8379,#8380,#8381,#8382,#8383,#8384,#8385,#8386,#8387,#8388,#8389,#8390,#8391,#8392,#8393,#8394,#8395,#8396,#8397,#8398,#8399,#8400,#8401,#8402,#8403,#8404,#8405,#8406,#8407,#8408,#8409,#8410,#8411,#8412,#8413,#8414,#8415,#8416,#8417,#8418,#8419,#8420,#8421,#8422,#8423,#8424,#8425,#8426,#8427,#8428,#8429,#8430,#8431,#8432,#8433,#8434,#8435,#8436,#8437,#8438,#8439,#8440,#8441,#8442,#8443,#8444,#8445,#8446,#8447,#8448,#8449,#8450,#8451,#8452,#8453,#8454,#8455,#8456,#8457,#8458,#8459,#8460,#8461,#8462,#8463,#8464,#8465,#8466,#8467,#8468,#8469,#8470,#8471,#8472,#8473,#8474,#8475,#8476,#8477,#8478,#8479,#8480,#8481,#8482,#8483,#8484,#8485,#8486,#8487,#8488,#8489,#8490,#8491,#8492,#8493,#8494,#8495,#8496,#8497,#8498,#8499,#8500,#8501,#8502,#8503,#8504,#8505,#8506,#8507,#8508,#8509,#8510,#8511,#8512,#8513,#8514,#8515,#8516,#8517,#8518,#8519,#8520,#8521,#8522,#8523,#8524,#8525,#8526,#8527,#8528,#8529,#8530,#8531,#8532,#8533,#8534,#8535,#8536,#8537,#8538,#8539,#8540,#8541,#8542,#8543,#8544,#8545,#8546,#8547,#8548,#8549,#8550,#8551,#8552,#8553,#8641,#8642,#8644,#8646,#8648,#8650,#8652,#8654,#8656,#8658,#8660,#8662,#8664,#8666,#8669,#8671,#8674,#8677,#8679,#8681,#8684,#8686,#8688,#8690,#8692,#8695,#8697,#8700,#8702,#8705,#8707,#8709,#8711,#8713,#8715,#8719,#8720,#8722,#8724,#8726,#8728,#8730,#8732,#8735,#8737,#8739,#8742,#8743,#8745,#8748,#8751,#8752,#8755,#8757,#8759,#8761,#8766,#8767,#8771,#8773,#8775,#8777,#8779,#8781,#8783,#8785,#8788,#8791,#8792,#8794,#8796,#8798,#8800,#8802,#8804,#8806,#8810,#8811,#8813,#8815,#8817,#8819,#8821,#8831,#8835,#8837,#8842,#8845,#8847,#8850,#8851,#8853,#8857,#8859,#8861,#8863,#8865,#8868,#8869,#8871,#8873,#8876,#8878,#8880,#8883,#8886,#8888,#8893,#8895,#8898,#8899,#8901,#8903,#8905,#8907,#8910,#8911,#8914,#8916,#8919,#8920,#8922,#8924,#8927,#8928,#8930,#8932,#8935,#8936,#8938,#8940,#8943,#8944,#8946,#8948,#8951,#8952,#8954,#8956,#8959,#8960,#8962,#8964,#8967,#8968,#8970,#8972,#8975,#8976,#8978,#8980,#8983,#8984,#8986,#8988,#8990,#8992,#8995,#8996,#8999,#9002,#9003,#9005,#9007,#9010,#9011,#9013,#9015,#9018,#9020,#9023,#9025,#9027,#9029,#9032,#9033,#9035,#9037,#9040,#9041,#9043,#9045,#9048,#9051,#9052,#9056,#9057,#9061,#9062,#9066,#9067,#9071,#9073,#9076,#9077,#9081,#9082,#9084,#9086,#9088,#9091,#9095,#9096,#9098,#9101,#9103,#9105,#9107,#9109,#9111,#9113,#9115,#9117,#9119,#9121,#9123,#9125,#9127,#9129,#9131,#9133,#9135,#9137,#9139,#9141,#9143,#9145,#9147,#9149,#9151,#9153,#9155,#9157,#9159,#9161,#9163,#9165,#9167,#9169,#9171,#9173,#9175,#9177,#9179,#9181,#9183,#9185,#9187,#9189,#9191,#9193,#9195,#9197,#9199,#9201,#9203,#9205,#9207,#9209,#9211,#9213,#9215,#9217,#9219,#9221,#9223,#9225,#9227,#9229,#9231,#9233,#9235,#9237,#9239,#9241,#9247,#9249,#9252,#9254,#9256,#9259,#9261,#9263,#9265,#9268,#9270,#9272,#9274,#9277,#9279,#9281,#9283,#9286,#9288,#9290,#9292,#9295,#9298,#9300,#9303,#9304,#9306,#9308,#9311,#9312,#9314,#9316,#9319,#9320,#9323,#9325,#9328,#9330,#9333,#9334,#9337,#9342,#9344,#9347,#9351,#9353,#9356,#9359,#9362,#9365,#9366,#9368,#9370,#9373,#9374,#9376,#9378,#9381,#9382,#9385,#9388,#9389,#9394,#9397,#9400,#9403,#9422,#9424,#9427,#9429,#9432,#9434,#9439,#9441,#9446,#9448,#9453,#9455,#9459,#9461,#9464,#9468,#9470,#9475,#9477,#9480,#9481,#9483,#9485,#9488,#9489,#9491,#9493,#9496,#9497,#9499,#9502,#9504,#9506,#9508,#9510,#9512,#9514,#9516,#9518,#9521,#9523,#9526,#9527,#9529,#9531,#9534,#9538,#9541,#9544,#9549,#9552,#9553,#9555,#9557,#9563,#9565,#9567,#9569,#9572,#9574,#9577,#9579,#9582,#9590,#9593,#9598,#9600,#9603,#9604,#9606,#9608,#9611,#9612,#9614,#9616,#9619,#9620,#9623,#9625,#9628,#9631,#9634,#9636,#9639,#9641,#9644,#9646,#9649,#9652,#9655,#9659,#9660,#9662,#9664,#9667,#9668,#9670,#9672,#9675,#9676,#9679,#9681,#9684,#9687,#9689,#9693,#9696,#9702,#9703,#9705,#9707,#9709,#9712,#9713,#9715,#9717,#9720,#9721,#9723,#9725,#9727,#9730,#9731,#9733,#9735,#9738,#9739,#9741,#9743,#9745,#9748,#9749,#9751,#9753,#9756,#9757,#9759,#9761,#9763,#9766,#9767,#9769,#9771,#9774,#9775,#9777,#9779,#9782,#9783,#9785,#9787,#9790,#9791,#9793,#9795,#9797,#9800,#9801,#9803,#9805,#9808,#9809,#9811,#9813,#9815,#9818,#9819,#9821,#9823,#9826,#9827,#9829,#9831,#9833,#9836,#9837,#9839,#9841,#9844,#9845,#9847,#9849,#9851,#9856,#9857,#9859,#9861,#9863,#9867,#9868,#9870,#9872,#9874,#9879,#9880,#9882,#9884,#9886,#9891,#9893,#9896,#9898,#9900,#9903,#9904,#9906,#9908,#9910,#9913,#9914,#9916,#9918,#9920,#9923,#9924,#9926,#9928,#9930,#9933,#9934,#9936,#9938,#9940,#9943,#9944,#9946,#9948,#9950,#9953,#9954,#9956,#9958,#9961,#9962,#9964,#9966,#9968,#9971,#9972,#9974,#9976,#9978,#9981,#9982,#9984,#9986,#9988,#9991,#9992,#9994,#9996,#9998,#10001,#10002,#10004,#10006,#10008,#10068,#10070,#10073,#10075,#10078,#10080,#10083,#10084,#10087,#10089,#10092,#10095,#10098,#10101,#10103,#10106,#10109,#10111,#10119,#10122,#10125,#10127,#10130,#10132,#10135,#10138,#10141,#10144,#10153,#10155,#10158,#10160,#10167,#10169,#10172,#10175,#10180,#10182,#10185,#10188,#10190,#10193,#10196,#10198,#10201,#10204,#10207,#10209,#10213,#10215,#10218,#10221,#10223,#10226,#10229,#10230,#10233,#10235,#10238,#10241,#10247,#10251,#10253,#10256,#10259,#10260,#10263,#10266,#10269,#10271,#10275,#10278,#10283,#10285,#10288,#10291,#10296,#10298,#10301,#10306,#10311,#10313,#10315,#10317,#10320,#10322,#10324,#10326,#10329,#10331,#10334,#10336,#10339,#10341,#10344,#10346,#10349,#10351,#10354,#10355,#10358,#10360,#10364,#10367,#10370,#10373,#10376,#10378,#10385,#10388,#10390,#10393,#10396,#10399,#10403,#10406,#10408,#10412,#10413,#10416,#10418,#10423,#10425,#10429,#10432,#10437,#10439,#10442,#10447,#10453,#10455,#10458,#10461,#10465,#10467,#10470,#10472,#10475,#10477,#10480,#10481,#10484,#10486,#10490,#10493,#10495,#10498,#10500,#10503,#10506,#10509,#10512,#10516,#10518,#10521,#10523,#10526,#10527,#10530,#10532,#10536,#10538,#10542,#10545,#10550,#10552,#10555,#10559,#10563,#10566,#10573,#10575,#10578,#10580,#10587,#10592,#10594,#10597,#10600,#10604,#10606,#10609,#10612,#10616,#10618,#10621,#10624,#10629,#10632,#10635,#10637,#10640,#10642,#10645,#10646,#10649,#10652,#10656,#10658,#10662,#10665,#10670,#10672,#10675,#10679,#10684,#10686,#10689,#10694,#10699,#10701,#10704,#10708,#10713,#10715,#10718,#10721,#10727,#10729,#10732,#10735,#10741,#10743,#10746,#10749,#10753,#10756,#10761,#10766,#10768,#10771,#10774,#10780,#10782,#10785,#10788,#10793,#10796,#10803,#10805,#10808,#10811,#10814,#10817,#10820));
ENDSEC;
END-ISO-10303-21;
